ngram,phish_count,clean_count,phish_freq,clean_freq,phish_score
language,65,16871,2.86E-05,0.002541401,-4.452738815
university,117,17237,5.15E-05,0.002596534,-3.901529396
english,52,6650,2.29E-05,0.001001738,-3.737099871
conference,122,8032,5.37E-05,0.001209918,-3.097279684
hou,82,5280,3.61E-05,0.000795365,-3.066625976
1998,109,5604,4.80E-05,0.000844171,-2.848179631
discussion,50,2531,2.20E-05,0.000381263,-2.810266813
session,50,2495,2.20E-05,0.00037584,-2.795978806
submission,56,2059,2.46E-05,0.000310162,-2.495811224
students,54,1981,2.38E-05,0.000298412,-2.492243782
committee,64,2329,2.82E-05,0.000350834,-2.490011163
analysis,84,2912,3.70E-05,0.000438656,-2.449105152
spanish,51,1520,2.24E-05,0.000228969,-2.283151094
studies,80,2272,3.52E-05,0.000342248,-2.249040343
french,59,1658,2.60E-05,0.000249757,-2.229778476
meeting,97,2614,4.27E-05,0.000393766,-2.20104729
seems,55,1497,2.42E-05,0.000225504,-2.19556956
2001,196,5187,8.63E-05,0.000781355,-2.193287057
john,143,3752,6.29E-05,0.000565191,-2.180941492
science,91,2406,4.01E-05,0.000362433,-2.180693926
1999,92,2431,4.05E-05,0.000366199,-2.18033843
div,208,5391,9.16E-05,0.000812085,-2.173051955
jones,58,1522,2.55E-05,0.00022927,-2.161003305
approach,56,1333,2.46E-05,0.000200799,-2.062771637
aspects,52,1188,2.29E-05,0.000178957,-2.019328848
student,60,1350,2.64E-05,0.00020336,-2.008991493
learning,75,1626,3.30E-05,0.000244936,-1.978358883
issues,126,2700,5.55E-05,0.000406721,-1.977047084
dow,53,1154,2.33E-05,0.000173835,-1.972197459
april,80,1711,3.52E-05,0.00025774,-1.966412605
dir,120,2472,5.28E-05,0.000372375,-1.936954017
role,62,1292,2.73E-05,0.000194623,-1.933685711
france,63,1281,2.77E-05,0.000192966,-1.909740124
formal,51,1032,2.24E-05,0.000155458,-1.897993545
copies,67,1336,2.95E-05,0.000201251,-1.892089195
author,87,1706,3.83E-05,0.000256987,-1.881840235
1994,59,1158,2.60E-05,0.000174438,-1.872581222
ac,144,2763,6.34E-05,0.000416211,-1.868741445
august,121,2303,5.33E-05,0.000346918,-1.858190386
applied,57,1100,2.51E-05,0.000165701,-1.854683528
nl,52,1004,2.29E-05,0.00015124,-1.852067523
september,109,2040,4.80E-05,0.0003073,-1.839713784
topic,74,1392,3.26E-05,0.000209687,-1.836686508
1995,131,2435,5.77E-05,0.000366802,-1.835769782
presentation,73,1368,3.21E-05,0.000206072,-1.832575727
paper,226,4100,9.95E-05,0.000617613,-1.817559214
study,99,1806,4.36E-05,0.000272051,-1.812466384
submitted,58,1067,2.55E-05,0.00016073,-1.807679173
germany,79,1403,3.48E-05,0.000211344,-1.781024799
society,72,1279,3.17E-05,0.000192665,-1.779014627
dept,51,891,2.24E-05,0.000134218,-1.752094966
james,61,1054,2.68E-05,0.000158772,-1.746921591
research,356,5962,0.000156697,0.000898099,-1.740718521
groups,59,1014,2.60E-05,0.000152746,-1.740598891
areas,86,1454,3.79E-05,0.000219027,-1.733943682
movement,53,877,2.33E-05,0.000132109,-1.699519929
written,77,1245,3.39E-05,0.000187543,-1.687061608
schedule,71,1137,3.13E-05,0.000171275,-1.675529492
room,70,1090,3.08E-05,0.000164195,-1.64730602
particular,91,1398,4.01E-05,0.000210591,-1.639752927
tuesday,82,1256,3.61E-05,0.0001892,-1.634646935
corp,163,2451,7.17E-05,0.000369212,-1.62710079
97,79,1197,3.48E-05,0.000180313,-1.623040559
david,140,2088,6.16E-05,0.000314531,-1.617132822
mark,119,1773,5.24E-05,0.00026708,-1.613866969
steve,57,863,2.51E-05,0.00013,-1.613678806
journal,99,1479,4.36E-05,0.000222792,-1.613527507
professor,79,1162,3.48E-05,0.00017504,-1.593530901
rather,96,1402,4.23E-05,0.000211193,-1.590377346
1997,84,1219,3.70E-05,0.000183627,-1.581449827
between,274,3877,0.000120604,0.000584021,-1.570878813
capacity,59,814,2.60E-05,0.000122619,-1.522497888
paris,72,970,3.17E-05,0.000146118,-1.504120431
model,94,1257,4.14E-05,0.000189351,-1.502310613
mary,54,728,2.38E-05,0.000109664,-1.496919764
russian,57,766,2.51E-05,0.000115388,-1.495412474
october,124,1635,5.46E-05,0.000246292,-1.492749156
martin,58,767,2.55E-05,0.000115539,-1.479975244
models,71,923,3.13E-05,0.000139038,-1.468355161
michael,112,1441,4.93E-05,0.000217068,-1.466844753
relevant,76,984,3.35E-05,0.000148227,-1.465897565
texas,102,1313,4.49E-05,0.000197787,-1.465847762
2000,346,4387,0.000152295,0.000660846,-1.462666072
amsterdam,61,787,2.68E-05,0.000118552,-1.456923284
sense,77,986,3.39E-05,0.000148528,-1.455219378
february,92,1173,4.05E-05,0.000176697,-1.454516708
london,123,1543,5.41E-05,0.000232433,-1.443026947
break,123,1536,5.41E-05,0.000231379,-1.438499531
george,57,715,2.51E-05,0.000107706,-1.427125511
concerns,54,678,2.38E-05,0.000102132,-1.42643218
cases,71,884,3.13E-05,0.000133163,-1.425497979
paul,96,1187,4.23E-05,0.000178806,-1.424759912
interesting,76,943,3.35E-05,0.000142051,-1.423629265
november,102,1250,4.49E-05,0.000188297,-1.416930224
articles,60,734,2.64E-05,0.000110568,-1.403738896
lee,50,615,2.20E-05,9.26E-05,-1.403636302
native,78,947,3.43E-05,0.000142653,-1.402601589
description,75,909,3.30E-05,0.000136929,-1.400027805
summer,99,1192,4.36E-05,0.00017956,-1.398869185
machine,107,1274,4.71E-05,0.000191912,-1.389011348
robert,121,1435,5.33E-05,0.000216164,-1.386879672
recognition,52,625,2.29E-05,9.41E-05,-1.382047151
focus,119,1401,5.24E-05,0.000211043,-1.379370187
uk,317,3684,0.000139531,0.000554948,-1.375248255
rating,59,698,2.60E-05,0.000105145,-1.370100091
said,467,5363,0.000205555,0.000807867,-1.365070115
california,168,1939,7.39E-05,0.000292086,-1.363685483
chairman,60,695,2.64E-05,0.000104693,-1.349644555
berlin,53,616,2.33E-05,9.28E-05,-1.349437963
book,322,3642,0.000141731,0.000548621,-1.34826359
likely,69,794,3.04E-05,0.000119606,-1.346643926
phrase,62,704,2.73E-05,0.000106049,-1.330777864
word,264,2921,0.000116202,0.000440011,-1.325170022
southern,51,578,2.24E-05,8.71E-05,-1.323321227
discuss,116,1287,5.11E-05,0.00019387,-1.319964419
smith,66,727,2.91E-05,0.000109513,-1.302254666
construction,75,818,3.30E-05,0.000123221,-1.295351273
attached,138,1488,6.07E-05,0.000224148,-1.293793535
rules,94,1017,4.14E-05,0.000153198,-1.291678785
aug,65,708,2.86E-05,0.000106651,-1.29077073
examples,120,1291,5.28E-05,0.000194473,-1.28979066
british,52,559,2.29E-05,8.42E-05,-1.271685089
preferred,57,611,2.51E-05,9.20E-05,-1.271504517
association,101,1066,4.45E-05,0.000160579,-1.268248016
rule,57,596,2.51E-05,8.98E-05,-1.246918695
scientific,57,591,2.51E-05,8.90E-05,-1.238587236
although,105,1074,4.62E-05,0.000161784,-1.237677169
applications,171,1728,7.53E-05,0.000260301,-1.231428849
knowledge,183,1848,8.05E-05,0.000278378,-1.231357176
proposed,73,746,3.21E-05,0.000112375,-1.230214673
case,348,3474,0.000153176,0.000523314,-1.223997911
chinese,105,1056,4.62E-05,0.000159073,-1.220880065
seem,81,816,3.57E-05,0.00012292,-1.218142238
published,139,1384,6.12E-05,0.000208482,-1.214568436
early,133,1319,5.85E-05,0.000198691,-1.210099245
clearly,59,591,2.60E-05,8.90E-05,-1.205401232
feature,93,921,4.09E-05,0.000138737,-1.203643746
european,170,1662,7.48E-05,0.000250359,-1.198425832
school,198,1924,8.72E-05,0.000289826,-1.193666689
whether,189,1831,8.32E-05,0.000275817,-1.190277201
comments,104,1014,4.58E-05,0.000152746,-1.189919338
march,189,1816,8.32E-05,0.000273557,-1.182081054
engineering,72,697,3.17E-05,0.000104994,-1.176268574
hotel,108,1037,4.75E-05,0.000156211,-1.175255862
basic,85,819,3.74E-05,0.000123372,-1.174865033
friday,206,1940,9.07E-05,0.000292236,-1.162751457
distributed,50,481,2.20E-05,7.25E-05,-1.160851905
acquisition,218,2044,9.60E-05,0.000307903,-1.158780373
accepted,129,1215,5.68E-05,0.000183024,-1.158414085
irish,92,867,4.05E-05,0.000130602,-1.154220057
related,216,2005,9.51E-05,0.000302028,-1.148699887
universal,55,519,2.42E-05,7.82E-05,-1.144540115
announcement,95,884,4.18E-05,0.000133163,-1.142165015
reported,83,773,3.65E-05,0.000116443,-1.140721912
earlier,87,809,3.83E-05,0.000121866,-1.140021012
au,98,907,4.31E-05,0.000136628,-1.137286029
ken,52,487,2.29E-05,7.34E-05,-1.135533367
article,102,941,4.49E-05,0.00014175,-1.134707738
pages,161,1472,7.09E-05,0.000221738,-1.13119667
fields,52,483,2.29E-05,7.28E-05,-1.127397262
probably,128,1161,5.63E-05,0.00017489,-1.120851366
electricity,59,540,2.60E-05,8.13E-05,-1.116202877
intelligence,89,806,3.92E-05,0.000121414,-1.114179937
fr,77,695,3.39E-05,0.000104693,-1.108271128
chief,111,995,4.89E-05,0.000149884,-1.107337866
volume,219,1941,9.64E-05,0.000292387,-1.102717207
root,55,496,2.42E-05,7.47E-05,-1.099797621
thomas,61,547,2.68E-05,8.24E-05,-1.096807143
asian,52,467,2.29E-05,7.03E-05,-1.094174268
types,86,763,3.79E-05,0.000114936,-1.093235636
understanding,128,1126,5.63E-05,0.000169618,-1.090417899
ii,115,1012,5.06E-05,0.000152445,-1.089463593
changes,171,1497,7.53E-05,0.000225504,-1.088517649
positions,79,696,3.48E-05,0.000104844,-1.084778741
especially,124,1082,5.46E-05,0.000162989,-1.08198215
resume,57,503,2.51E-05,7.58E-05,-1.079302821
york,255,2200,0.000112241,0.000331402,-1.076828674
appears,65,569,2.86E-05,8.57E-05,-1.074473757
main,163,1404,7.17E-05,0.000211495,-1.071942288
december,150,1292,6.60E-05,0.000194623,-1.071140512
artificial,82,709,3.61E-05,0.000106802,-1.066863207
beginning,75,646,3.30E-05,9.73E-05,-1.061429531
question,217,1844,9.55E-05,0.000277775,-1.060710057
human,167,1419,7.35E-05,0.000213754,-1.058605332
forms,138,1171,6.07E-05,0.000176396,-1.055420319
advance,67,571,2.95E-05,8.60E-05,-1.048645415
sort,60,509,2.64E-05,7.67E-05,-1.041632162
example,236,1963,0.000103878,0.000295701,-1.039929422
follows,72,606,3.17E-05,9.13E-05,-1.037778876
series,152,1252,6.69E-05,0.000188598,-1.026805793
held,216,1774,9.51E-05,0.00026723,-1.026722329
option,88,727,3.87E-05,0.000109513,-1.022926708
san,104,855,4.58E-05,0.000128795,-1.02057145
standards,50,417,2.20E-05,6.28E-05,-1.020158039
useful,94,773,4.14E-05,0.000116443,-1.019390409
words,321,2611,0.000141291,0.000393314,-1.019270674
netherlands,110,898,4.84E-05,0.000135272,-1.014348356
linux,212,1717,9.33E-05,0.000258644,-1.012683548
registration,384,3099,0.000169021,0.000466825,-1.012169671
east,93,759,4.09E-05,0.000114334,-1.011711755
j,669,5379,0.000294467,0.000810278,-1.010053476
appropriate,94,763,4.14E-05,0.000114936,-1.006480982
looks,86,696,3.79E-05,0.000104844,-1.002157243
lay,73,592,3.21E-05,8.92E-05,-1.001287538
generation,101,814,4.45E-05,0.000122619,-1.000453922
closed,63,509,2.77E-05,7.67E-05,-0.994580822
books,139,1106,6.12E-05,0.000166605,-0.991539657
washington,122,972,5.37E-05,0.000146419,-0.991426965
evening,50,405,2.20E-05,6.10E-05,-0.991423076
usa,441,3459,0.00019411,0.000521054,-0.984205404
fall,88,699,3.87E-05,0.000105295,-0.984013372
load,54,432,2.38E-05,6.51E-05,-0.981216802
charles,62,493,2.73E-05,7.43E-05,-0.978498818
joseph,50,397,2.20E-05,5.98E-05,-0.971797213
basis,147,1146,6.47E-05,0.00017263,-0.971776026
mean,96,751,4.23E-05,0.000113129,-0.97020477
indeed,58,458,2.55E-05,6.90E-05,-0.970130188
college,149,1158,6.56E-05,0.000174438,-0.968823698
input,61,480,2.68E-05,7.23E-05,-0.967816735
field,190,1472,8.36E-05,0.000221738,-0.967703065
historical,130,1010,5.72E-05,0.000152144,-0.967133778
ed,155,1200,6.82E-05,0.000180765,-0.965354081
austin,64,498,2.82E-05,7.50E-05,-0.95781286
electronic,193,1475,8.50E-05,0.00022219,-0.954247473
lon,81,624,3.57E-05,9.40E-05,-0.952358165
cover,99,758,4.36E-05,0.000114183,-0.949330733
library,52,403,2.29E-05,6.07E-05,-0.949004948
ilug,92,703,4.05E-05,0.000105898,-0.946309059
ive,114,867,5.02E-05,0.000130602,-0.944471808
department,418,3148,0.000183987,0.000474206,-0.943463894
points,127,962,5.59E-05,0.000144913,-0.941710092
remains,54,415,2.38E-05,6.25E-05,-0.941689499
industrial,73,557,3.21E-05,8.39E-05,-0.941042713
2nd,61,467,2.68E-05,7.03E-05,-0.940739558
processing,244,1830,0.000107399,0.000275666,-0.936992644
participation,113,853,4.97E-05,0.000128494,-0.936954813
deal,358,2675,0.000157577,0.000402955,-0.935060829
beyond,59,448,2.60E-05,6.75E-05,-0.931917756
trader,62,470,2.73E-05,7.08E-05,-0.93137232
data,640,4753,0.000281702,0.000715979,-0.930651858
participants,210,1566,9.24E-05,0.000235898,-0.930378633
certainly,70,527,3.08E-05,7.94E-05,-0.927019759
though,182,1348,8.01E-05,0.000203059,-0.922614091
annual,112,830,4.93E-05,0.000125029,-0.918547926
systems,456,3335,0.000200713,0.000502375,-0.914490448
concerning,60,447,2.64E-05,6.73E-05,-0.913526839
education,161,1177,7.09E-05,0.0001773,-0.908668101
maintainer,87,639,3.83E-05,9.63E-05,-0.906289508
original,373,2702,0.00016418,0.000407022,-0.904287145
style,412,2979,0.000181346,0.000448748,-0.902782972
interface,90,656,3.96E-05,9.88E-05,-0.899226469
associate,66,483,2.91E-05,7.28E-05,-0.897905605
brown,66,483,2.91E-05,7.28E-05,-0.897905605
status,173,1250,7.61E-05,0.000188297,-0.89759366
44,162,1171,7.13E-05,0.000176396,-0.897480021
difficult,77,561,3.39E-05,8.45E-05,-0.896337574
task,59,432,2.60E-05,6.51E-05,-0.896090767
techniques,94,682,4.14E-05,0.000102735,-0.895276513
century,82,596,3.61E-05,8.98E-05,-0.895005561
thus,123,889,5.41E-05,0.000133917,-0.894786846
forum,86,624,3.79E-05,9.40E-05,-0.8940475
listmaster,87,630,3.83E-05,9.49E-05,-0.892251749
perform,51,371,2.24E-05,5.59E-05,-0.886264875
presented,108,771,4.75E-05,0.000116141,-0.88104917
says,152,1081,6.69E-05,0.000162839,-0.88078404
ma,89,636,3.92E-05,9.58E-05,-0.879475922
publishing,94,671,4.14E-05,0.000101078,-0.879174012
development,391,2760,0.000172102,0.000415759,-0.878623681
either,256,1805,0.000112681,0.0002719,-0.875710634
nbsp,669,4683,0.000294467,0.000705434,-0.871673102
england,84,594,3.70E-05,8.95E-05,-0.868225842
pretty,75,530,3.30E-05,7.98E-05,-0.865730826
planning,85,599,3.74E-05,9.02E-05,-0.864991264
together,208,1451,9.16E-05,0.000218575,-0.863908055
far,191,1333,8.41E-05,0.000200799,-0.863793642
storage,91,638,4.01E-05,9.61E-05,-0.860907339
different,450,3110,0.000198072,0.000468482,-0.857963337
overview,51,359,2.24E-05,5.41E-05,-0.853972624
rose,50,352,2.20E-05,5.30E-05,-0.853592444
utilities,57,400,2.51E-05,6.03E-05,-0.853525737
7,158,1090,6.95E-05,0.000164195,-0.850869683
dans,66,460,2.91E-05,6.93E-05,-0.849793106
common,162,1116,7.13E-05,0.000168111,-0.849650576
asked,171,1175,7.53E-05,0.000176999,-0.84753184
critical,77,533,3.39E-05,8.03E-05,-0.84575227
port,61,424,2.68E-05,6.39E-05,-0.845564169
mention,59,408,2.60E-05,6.15E-05,-0.839822207
install,71,489,3.13E-05,7.37E-05,-0.839406157
australia,100,685,4.40E-05,0.000103187,-0.839165001
should,1232,8335,0.000542277,0.001255561,-0.838515017
unit,108,737,4.75E-05,0.00011102,-0.836342434
automatic,76,521,3.35E-05,7.85E-05,-0.83595924
uses,101,687,4.45E-05,0.000103488,-0.83232215
west,144,972,6.34E-05,0.000146419,-0.828431656
final,301,2016,0.000132488,0.000303685,-0.825264943
asset,62,422,2.73E-05,6.36E-05,-0.825227876
title,278,1861,0.000122364,0.000280336,-0.824406452
brief,75,507,3.30E-05,7.64E-05,-0.82192585
length,129,865,5.68E-05,0.000130301,-0.820840578
environment,81,546,3.57E-05,8.22E-05,-0.82032944
tel,277,1845,0.000121924,0.000277926,-0.819376921
changed,79,532,3.48E-05,8.01E-05,-0.818980851
various,212,1413,9.33E-05,0.00021285,-0.818648342
northern,59,399,2.60E-05,6.01E-05,-0.817877517
agree,87,584,3.83E-05,8.80E-05,-0.817253909
concept,58,391,2.55E-05,5.89E-05,-0.814413792
11,934,6138,0.000411109,0.000924611,-0.809165862
messages,191,1261,8.41E-05,0.000189954,-0.80854956
except,75,500,3.30E-05,7.53E-05,-0.80820387
1,597,3907,0.000262775,0.00058854,-0.804243956
however,366,2397,0.000161098,0.000361077,-0.80365397
testing,60,399,2.64E-05,6.01E-05,-0.801688574
problem,304,1987,0.000133809,0.000299316,-0.800979951
1px,65,431,2.86E-05,6.49E-05,-0.800387105
panel,99,651,4.36E-05,9.81E-05,-0.79858294
primarily,51,339,2.24E-05,5.11E-05,-0.797720909
thursday,252,1641,0.00011092,0.000247196,-0.796430738
indicate,80,526,3.52E-05,7.92E-05,-0.795549856
progress,76,500,3.35E-05,7.53E-05,-0.795345578
standard,191,1244,8.41E-05,0.000187393,-0.79504806
4,224,1457,9.86E-05,0.000219478,-0.794679936
allen,52,342,2.29E-05,5.15E-05,-0.787765438
mm,70,457,3.08E-05,6.88E-05,-0.786406259
16,474,3037,0.000208636,0.000457485,-0.782556632
correct,99,640,4.36E-05,9.64E-05,-0.781714957
speak,92,592,4.05E-05,8.92E-05,-0.776211274
often,146,934,6.43E-05,0.000140695,-0.775247703
obviously,54,349,2.38E-05,5.26E-05,-0.771455937
parts,80,513,3.52E-05,7.73E-05,-0.770840274
reduced,56,361,2.46E-05,5.44E-05,-0.769716605
senior,87,556,3.83E-05,8.38E-05,-0.768687077
second,403,2546,0.000177384,0.000383522,-0.768061195
running,116,738,5.11E-05,0.00011117,-0.767649195
called,180,1139,7.92E-05,0.000171576,-0.765954437
january,208,1314,9.16E-05,0.000197937,-0.765205724
exposure,59,378,2.60E-05,5.69E-05,-0.764719076
9,272,1710,0.000119723,0.00025759,-0.761739923
across,160,1003,7.04E-05,0.000151089,-0.755810859
point,363,2264,0.000159778,0.000341043,-0.754910924
3,253,1579,0.00011136,0.000237856,-0.754149767
executive,121,757,5.33E-05,0.000114032,-0.751438567
file,420,2597,0.000184867,0.000391205,-0.746752335
questions,567,3485,0.000249571,0.000524971,-0.741504804
lines,136,841,5.99E-05,0.000126686,-0.74096876
williams,78,484,3.43E-05,7.29E-05,-0.73802449
remain,75,465,3.30E-05,7.00E-05,-0.736618936
ext,56,349,2.46E-05,5.26E-05,-0.736531249
monday,286,1751,0.000125886,0.000263766,-0.735558871
confirmed,63,391,2.77E-05,5.89E-05,-0.734718164
errors,63,391,2.77E-05,5.89E-05,-0.734718164
closing,58,360,2.55E-05,5.42E-05,-0.733246833
etc,473,2871,0.000208196,0.000432479,-0.728574798
previous,122,745,5.37E-05,0.000112225,-0.727520125
board,156,950,6.87E-05,0.000143105,-0.726847692
facilities,50,309,2.20E-05,4.65E-05,-0.725875085
di,94,574,4.14E-05,8.65E-05,-0.724688403
usually,82,501,3.61E-05,7.55E-05,-0.723457615
institutions,52,320,2.29E-05,4.82E-05,-0.722583917
2002,498,2999,0.0002192,0.000451761,-0.720830141
preferences,74,451,3.26E-05,6.79E-05,-0.719511485
background,119,720,5.24E-05,0.000108459,-0.718130512
north,222,1337,9.77E-05,0.000201402,-0.718013926
categories,86,521,3.79E-05,7.85E-05,-0.715726082
frank,67,407,2.95E-05,6.13E-05,-0.714689554
var,61,371,2.68E-05,5.59E-05,-0.714232556
elements,50,304,2.20E-05,4.58E-05,-0.709907368
levels,102,613,4.49E-05,9.23E-05,-0.709870861
class,295,1758,0.000129847,0.00026482,-0.708790502
13,383,2280,0.000168581,0.000343453,-0.708625379
july,386,2292,0.000169902,0.000345261,-0.706102986
transactions,134,800,5.90E-05,0.00012051,-0.705960004
itself,109,652,4.80E-05,9.82E-05,-0.705934603
pacific,78,468,3.43E-05,7.05E-05,-0.704870345
text,451,2673,0.000198512,0.000402653,-0.704681597
nov,106,632,4.67E-05,9.52E-05,-0.702429441
installed,65,390,2.86E-05,5.87E-05,-0.702019157
markets,161,956,7.09E-05,0.000144009,-0.701997598
tech,99,589,4.36E-05,8.87E-05,-0.699561486
specific,237,1399,0.000104318,0.000210741,-0.698382936
india,96,569,4.23E-05,8.57E-05,-0.695478256
power,524,3076,0.000230644,0.00046336,-0.695459755
detailed,97,572,4.27E-05,8.62E-05,-0.690551904
cant,185,1082,8.14E-05,0.000162989,-0.687858102
reporting,80,471,3.52E-05,7.10E-05,-0.686561061
format,193,1126,8.50E-05,0.000169618,-0.685648762
desktop,57,337,2.51E-05,5.08E-05,-0.685191369
files,246,1432,0.000108279,0.000215713,-0.684664514
feedback,109,635,4.80E-05,9.57E-05,-0.679784837
run,240,1390,0.000105638,0.000209386,-0.679499479
importance,67,392,2.95E-05,5.90E-05,-0.677752138
described,67,392,2.95E-05,5.90E-05,-0.677752138
santa,50,294,2.20E-05,4.43E-05,-0.677186054
relationship,104,603,4.58E-05,9.08E-05,-0.674601782
communication,279,1604,0.000122805,0.000241622,-0.672800721
outlook,55,321,2.42E-05,4.84E-05,-0.671837227
mid,87,504,3.83E-05,7.59E-05,-0.671711648
98,242,1390,0.000106519,0.000209386,-0.671278179
outside,135,778,5.94E-05,0.000117196,-0.670996017
TRUE,304,1741,0.000133809,0.000262259,-0.669284035
url,314,1797,0.00013821,0.000270695,-0.668695584
spring,58,337,2.55E-05,5.08E-05,-0.66846071
indicated,51,297,2.24E-05,4.47E-05,-0.668165313
whatever,89,512,3.92E-05,7.71E-05,-0.66510066
inquiries,51,296,2.24E-05,4.46E-05,-0.664866487
methods,195,1109,8.58E-05,0.000167057,-0.660335748
responses,124,702,5.46E-05,0.000105747,-0.652644544
think,596,3347,0.000262335,0.000504183,-0.651492412
maybe,126,712,5.55E-05,0.000107254,-0.65094276
present,250,1406,0.00011004,0.000211796,-0.650443609
30,1337,7484,0.000588494,0.001127369,-0.649264531
transmission,71,403,3.13E-05,6.07E-05,-0.648834375
spain,112,630,4.93E-05,9.49E-05,-0.645357826
two,951,5299,0.000418592,0.000798227,-0.644361825
would,2062,11471,0.00090761,0.00172796,-0.643359691
accessible,61,345,2.68E-05,5.20E-05,-0.642898819
energy,599,3331,0.000263656,0.000501773,-0.641708145
23,318,1768,0.000139971,0.000266327,-0.639918275
ch,80,448,3.52E-05,6.75E-05,-0.637209485
desk,76,425,3.35E-05,6.40E-05,-0.635136267
internal,97,540,4.27E-05,8.13E-05,-0.633661676
deals,191,1057,8.41E-05,0.000159224,-0.633089412
both,628,3452,0.00027642,0.00052,-0.630215571
showing,56,313,2.46E-05,4.71E-05,-0.629807143
fax,974,5340,0.000428716,0.000804403,-0.628218786
leaving,54,301,2.38E-05,4.53E-05,-0.626466548
angeles,67,372,2.95E-05,5.60E-05,-0.626279066
american,365,1998,0.000160658,0.000300973,-0.62485316
document,144,790,6.34E-05,0.000119003,-0.622670328
external,57,316,2.51E-05,4.76E-05,-0.622133631
which,2299,12518,0.001011927,0.001885677,-0.621972415
problems,310,1690,0.00013645,0.000254577,-0.620266514
flow,100,549,4.40E-05,8.27E-05,-0.620219472
specifically,71,391,3.13E-05,5.89E-05,-0.619102611
resource,95,521,4.18E-05,7.85E-05,-0.618637757
cut,123,671,5.41E-05,0.000101078,-0.615863921
african,77,422,3.39E-05,6.36E-05,-0.615466688
project,370,2001,0.000162859,0.000301425,-0.612826515
contents,129,699,5.68E-05,0.000105295,-0.609568861
quarter,149,806,6.56E-05,0.000121414,-0.608944029
allowed,57,311,2.51E-05,4.68E-05,-0.606515072
solid,149,804,6.56E-05,0.000121112,-0.606479877
tea,60,327,2.64E-05,4.93E-05,-0.606284258
unfortunately,58,316,2.55E-05,4.76E-05,-0.605402972
1st,81,438,3.57E-05,6.60E-05,-0.602886936
26,293,1569,0.000128967,0.00023635,-0.602255814
doesnt,121,650,5.33E-05,9.79E-05,-0.600477689
building,180,963,7.92E-05,0.000145064,-0.59916035
31,395,2105,0.000173863,0.000317091,-0.598335115
individual,218,1163,9.60E-05,0.000175191,-0.597323878
6,211,1123,9.29E-05,0.000169166,-0.594821635
explain,89,474,3.92E-05,7.14E-05,-0.589008974
plant,78,416,3.43E-05,6.27E-05,-0.588834078
course,365,1925,0.000160658,0.000289977,-0.58775802
percent,181,956,7.97E-05,0.000144009,-0.586443666
activities,119,630,5.24E-05,9.49E-05,-0.585903391
looked,52,278,2.29E-05,4.19E-05,-0.584949801
still,504,2645,0.000221841,0.000398435,-0.58359574
checking,60,319,2.64E-05,4.81E-05,-0.582014054
interests,96,507,4.23E-05,7.64E-05,-0.5815181
term,320,1673,0.000140851,0.000252016,-0.578674849
answers,90,474,3.96E-05,7.14E-05,-0.578112285
signs,65,343,2.86E-05,5.17E-05,-0.575893622
some,1754,9114,0.00077204,0.001372908,-0.575083088
avenue,57,301,2.51E-05,4.53E-05,-0.574526517
sometimes,84,441,3.70E-05,6.64E-05,-0.574218553
walk,53,280,2.33E-05,4.22E-05,-0.573693644
night,130,679,5.72E-05,0.000102283,-0.573227406
talk,221,1150,9.73E-05,0.000173233,-0.572619486
15,1097,5683,0.000482855,0.000856071,-0.571735258
28,273,1417,0.000120164,0.000213453,-0.570948433
child,122,636,5.37E-05,9.58E-05,-0.570846984
possible,515,2665,0.000226682,0.000401448,-0.569615166
trying,176,913,7.75E-05,0.000137532,-0.5684073
educational,50,263,2.20E-05,3.96E-05,-0.568359667
alias,88,459,3.87E-05,6.91E-05,-0.568319862
space,158,819,6.95E-05,0.000123372,-0.567021828
assessment,59,309,2.60E-05,4.65E-05,-0.567012695
ok,120,623,5.28E-05,9.38E-05,-0.566635124
operations,161,834,7.09E-05,0.000125631,-0.566481363
responsible,91,473,4.01E-05,7.13E-05,-0.565250321
ideas,158,817,6.95E-05,0.000123071,-0.564596521
division,53,277,2.33E-05,4.17E-05,-0.563172343
nature,130,671,5.72E-05,0.000101078,-0.561490845
features,228,1173,0.000100356,0.000176697,-0.561439096
45,375,1922,0.00016506,0.000289525,-0.559340026
natural,504,2579,0.000221841,0.000388493,-0.558390468
post,292,1491,0.000128527,0.0002246,-0.554877217
license,81,417,3.57E-05,6.28E-05,-0.554505837
sections,53,274,2.33E-05,4.13E-05,-0.552539165
determined,64,329,2.82E-05,4.96E-05,-0.550005181
regard,52,268,2.29E-05,4.04E-05,-0.54918553
pm,831,4208,0.000365773,0.000633881,-0.548695696
reading,218,1107,9.60E-05,0.000166755,-0.548261733
kernel,76,389,3.35E-05,5.86E-05,-0.548048743
among,206,1046,9.07E-05,0.000157567,-0.547947272
centre,199,1010,8.76E-05,0.000152144,-0.547336705
but,2847,14357,0.001253135,0.002162699,-0.545373022
tend,58,297,2.55E-05,4.47E-05,-0.544708313
population,66,337,2.91E-05,5.08E-05,-0.543828444
payable,73,372,3.21E-05,5.60E-05,-0.543211518
might,470,2364,0.000206875,0.000356106,-0.541096313
networks,120,607,5.28E-05,9.14E-05,-0.54089527
given,392,1969,0.000172543,0.000296605,-0.539342725
2,402,2019,0.000176944,0.000304137,-0.539289149
canada,313,1573,0.00013777,0.000236952,-0.539252437
unknown,111,560,4.89E-05,8.44E-05,-0.537666936
attempt,82,414,3.61E-05,6.24E-05,-0.535461816
degree,106,533,4.67E-05,8.03E-05,-0.533990336
saying,105,528,4.62E-05,7.95E-05,-0.533960605
he,1317,6561,0.00057969,0.000988331,-0.532810935
containing,57,288,2.51E-05,4.34E-05,-0.531350301
chicago,87,437,3.83E-05,6.58E-05,-0.531059776
close,202,1008,8.89E-05,0.000151842,-0.530572281
open,332,1653,0.000146133,0.000249003,-0.53013693
stage,70,352,3.08E-05,5.30E-05,-0.529616001
named,60,302,2.64E-05,4.55E-05,-0.528396867
reference,281,1397,0.000123685,0.00021044,-0.528152431
recovery,79,396,3.48E-05,5.97E-05,-0.527975306
notes,168,836,7.39E-05,0.000125933,-0.52687802
trading,445,2205,0.000195871,0.000332155,-0.526058819
vol,117,583,5.15E-05,8.78E-05,-0.525840404
billion,326,1616,0.000143492,0.00024343,-0.525703155
floor,78,389,3.43E-05,5.86E-05,-0.522817784
depending,61,305,2.68E-05,4.59E-05,-0.52213901
political,127,630,5.59E-05,9.49E-05,-0.522020586
wonder,60,300,2.64E-05,4.52E-05,-0.521895706
hong,66,329,2.91E-05,4.96E-05,-0.520272897
ago,247,1218,0.000108719,0.000183476,-0.519593276
trip,97,480,4.27E-05,7.23E-05,-0.51739551
mac,104,514,4.58E-05,7.74E-05,-0.516791557
agreement,264,1297,0.000116202,0.000195376,-0.516133083
advanced,147,722,6.47E-05,0.00010876,-0.513144792
didnt,87,429,3.83E-05,6.46E-05,-0.512862504
detail,62,307,2.73E-05,4.62E-05,-0.512854988
canadian,70,346,3.08E-05,5.21E-05,-0.512744535
rise,51,253,2.24E-05,3.81E-05,-0.511617723
resources,308,1505,0.000135569,0.000226709,-0.511237005
skills,87,428,3.83E-05,6.45E-05,-0.510564384
actually,238,1162,0.000104758,0.00017504,-0.509560042
sound,184,898,8.10E-05,0.000135272,-0.508064537
suggest,77,378,3.39E-05,5.69E-05,-0.507156705
overall,62,305,2.73E-05,4.59E-05,-0.506457801
hold,117,570,5.15E-05,8.59E-05,-0.50354632
clear,199,964,8.76E-05,0.000145214,-0.50103393
period,190,920,8.36E-05,0.000138586,-0.500389562
review,480,2317,0.000211277,0.000349026,-0.500118077
tbody,73,356,3.21E-05,5.36E-05,-0.50003606
nt,720,3472,0.000316915,0.000523012,-0.499731191
reality,56,274,2.46E-05,4.13E-05,-0.499683822
statement,164,794,7.22E-05,0.000119606,-0.499521682
oct,157,760,6.91E-05,0.000114484,-0.499139115
li,146,707,6.43E-05,0.000106501,-0.499065323
wednesday,410,1969,0.000180466,0.000296605,-0.494700415
yet,287,1379,0.000126326,0.000207729,-0.494285819
global,261,1251,0.000114882,0.000188447,-0.491540265
normally,50,243,2.20E-05,3.66E-05,-0.491291355
memory,99,477,4.36E-05,7.19E-05,-0.49126526
managing,80,386,3.52E-05,5.81E-05,-0.490596216
oral,62,300,2.73E-05,4.52E-05,-0.490283466
vor,62,300,2.73E-05,4.52E-05,-0.490283466
window,65,314,2.86E-05,4.73E-05,-0.489308169
following,988,4707,0.000434878,0.000709049,-0.487972437
developing,104,498,4.58E-05,7.50E-05,-0.485577943
ph,122,583,5.37E-05,8.78E-05,-0.484774259
wrong,120,573,5.28E-05,8.63E-05,-0.483893907
regular,158,753,6.95E-05,0.00011343,-0.48370746
became,65,312,2.86E-05,4.70E-05,-0.48305108
force,91,435,4.01E-05,6.55E-05,-0.482709294
physical,90,430,3.96E-05,6.48E-05,-0.482102471
gave,82,392,3.61E-05,5.90E-05,-0.481743008
continues,58,278,2.55E-05,4.19E-05,-0.48009041
stuff,125,594,5.50E-05,8.95E-05,-0.479404043
subject,2699,12740,0.001187991,0.001919118,-0.479281454
integrated,57,273,2.51E-05,4.11E-05,-0.479098811
saw,95,452,4.18E-05,6.81E-05,-0.478488675
12,1122,5282,0.000493859,0.000795666,-0.47616181
asia,82,389,3.61E-05,5.86E-05,-0.474188931
difference,121,572,5.33E-05,8.62E-05,-0.474021973
changing,75,356,3.30E-05,5.36E-05,-0.473812581
funding,78,369,3.43E-05,5.56E-05,-0.470944109
used,675,3162,0.000297108,0.000476315,-0.470721052
gambling,74,350,3.26E-05,5.27E-05,-0.470154556
correctly,57,270,2.51E-05,4.07E-05,-0.468312712
theres,93,438,4.09E-05,6.60E-05,-0.468263188
single,264,1235,0.000116202,0.000186037,-0.467405759
users,422,1964,0.000185747,0.000295852,-0.463474939
group,889,4124,0.000391302,0.000621228,-0.461274324
earnings,138,643,6.07E-05,9.69E-05,-0.460569908
themselves,120,559,5.28E-05,8.42E-05,-0.459444454
instead,173,804,7.61E-05,0.000121112,-0.459220276
van,345,1599,0.000151855,0.000240869,-0.458905306
agency,78,363,3.43E-05,5.47E-05,-0.454842363
recommend,75,349,3.30E-05,5.26E-05,-0.454320875
europe,245,1131,0.000107839,0.000170371,-0.453957926
dr,431,1986,0.000189709,0.000299166,-0.453586025
prepared,83,385,3.65E-05,5.80E-05,-0.452230737
everybody,51,238,2.24E-05,3.59E-05,-0.452109047
selection,117,541,5.15E-05,8.15E-05,-0.45194616
means,244,1124,0.000107399,0.000169316,-0.451838151
feb,75,347,3.30E-05,5.23E-05,-0.448681313
michelle,62,286,2.73E-05,4.31E-05,-0.44355199
plants,54,249,2.38E-05,3.75E-05,-0.44130547
ones,124,567,5.46E-05,8.54E-05,-0.441298416
foundation,95,435,4.18E-05,6.55E-05,-0.440718028
against,296,1346,0.000130287,0.000202758,-0.439543493
reflect,55,253,2.42E-05,3.81E-05,-0.439216611
becoming,50,230,2.20E-05,3.46E-05,-0.437811136
update,355,1609,0.000156257,0.000242375,-0.436724974
acceptance,176,799,7.75E-05,0.000120359,-0.436061767
general,662,2995,0.000291386,0.000451159,-0.435958621
53,74,338,3.26E-05,5.09E-05,-0.435927931
ways,167,758,7.35E-05,0.000114183,-0.435633422
virginia,57,261,2.51E-05,3.93E-05,-0.435238297
communications,233,1052,0.000102557,0.00015847,-0.431733623
exist,111,503,4.89E-05,7.58E-05,-0.431647045
towards,129,583,5.68E-05,8.78E-05,-0.429975422
press,414,1863,0.000182226,0.000280637,-0.429898304
spot,59,268,2.60E-05,4.04E-05,-0.427870795
cloud,55,250,2.42E-05,3.77E-05,-0.427594811
copyright,353,1577,0.000155376,0.000237555,-0.422333491
sounds,98,440,4.31E-05,6.63E-05,-0.421600552
version,428,1908,0.000188388,0.000287416,-0.420603358
judge,59,266,2.60E-05,4.01E-05,-0.420561848
another,482,2148,0.000212157,0.000323569,-0.420468297
wants,101,452,4.45E-05,6.81E-05,-0.418633511
tim,92,412,4.05E-05,6.21E-05,-0.418561118
fine,93,416,4.09E-05,6.27E-05,-0.417518795
infrastructure,57,256,2.51E-05,3.86E-05,-0.416379667
organization,183,814,8.05E-05,0.000122619,-0.415994771
abonnement,55,247,2.42E-05,3.72E-05,-0.415836354
hr,55,247,2.42E-05,3.72E-05,-0.415836354
test,184,817,8.10E-05,0.000123071,-0.414260837
central,203,901,8.94E-05,0.000135724,-0.414247286
collaboration,52,233,2.29E-05,3.51E-05,-0.412861361
according,210,930,9.24E-05,0.000140093,-0.412165959
ice,53,237,2.33E-05,3.57E-05,-0.411157352
FALSE,58,259,2.55E-05,3.90E-05,-0.411006809
added,207,915,9.11E-05,0.000137833,-0.410255257
iii,152,672,6.69E-05,0.000101228,-0.409108495
whose,138,610,6.07E-05,9.19E-05,-0.408436804
found,442,1945,0.000194551,0.000292989,-0.407724374
shared,99,438,4.36E-05,6.60E-05,-0.407189119
town,66,293,2.91E-05,4.41E-05,-0.406814944
christian,64,284,2.82E-05,4.28E-05,-0.406050704
call,1191,5222,0.00052423,0.000786628,-0.405188485
quite,280,1226,0.000123245,0.000184681,-0.401778051
young,145,636,6.38E-05,9.58E-05,-0.401038356
index,188,823,8.28E-05,0.000123974,-0.400272513
mentioned,183,801,8.05E-05,0.00012066,-0.400026632
angebot,55,243,2.42E-05,3.66E-05,-0.399940198
3rd,72,317,3.17E-05,4.78E-05,-0.399630937
backgroundcolor,61,269,2.68E-05,4.05E-05,-0.399385357
unless,106,465,4.67E-05,7.00E-05,-0.399303658
short,352,1535,0.000154936,0.000231228,-0.398272969
caused,62,273,2.73E-05,4.11E-05,-0.398111624
introduced,51,225,2.24E-05,3.39E-05,-0.397505395
told,197,859,8.67E-05,0.000129397,-0.396533715
economy,105,459,4.62E-05,6.91E-05,-0.395779359
updated,127,554,5.59E-05,8.35E-05,-0.394894901
zero,75,328,3.30E-05,4.94E-05,-0.393456948
discussed,190,826,8.36E-05,0.000124426,-0.39342561
extensive,68,297,2.99E-05,4.47E-05,-0.391202306
iso,121,526,5.33E-05,7.92E-05,-0.391186995
identify,93,405,4.09E-05,6.10E-05,-0.391147126
last,769,3321,0.000338483,0.000500266,-0.389713793
local,305,1318,0.000134249,0.00019854,-0.388898419
camera,86,373,3.79E-05,5.62E-05,-0.38653415
ie,104,450,4.58E-05,6.78E-05,-0.385627654
announce,98,424,4.31E-05,6.39E-05,-0.385119998
three,525,2253,0.000231084,0.000339386,-0.382980354
otherwise,126,543,5.55E-05,8.18E-05,-0.382845084
investigation,106,457,4.67E-05,6.88E-05,-0.382196008
missing,64,276,2.82E-05,4.16E-05,-0.37813917
requested,135,578,5.94E-05,8.71E-05,-0.376766607
river,62,266,2.73E-05,4.01E-05,-0.372760665
light,104,444,4.58E-05,6.69E-05,-0.372401069
accounting,113,482,4.97E-05,7.26E-05,-0.372065782
firm,158,671,6.95E-05,0.000101078,-0.369478752
negative,130,552,5.72E-05,8.32E-05,-0.368379447
sep,151,640,6.65E-05,9.64E-05,-0.367310474
idea,220,931,9.68E-05,0.000140243,-0.367199631
finds,51,218,2.24E-05,3.28E-05,-0.366819867
knows,65,277,2.86E-05,4.17E-05,-0.366694375
thought,241,1019,0.000106079,0.000153499,-0.366627438
older,52,222,2.29E-05,3.34E-05,-0.36587197
royal,68,288,2.99E-05,4.34E-05,-0.361113635
awarded,64,271,2.82E-05,4.08E-05,-0.360290379
greater,91,384,4.01E-05,5.78E-05,-0.360000189
reserved,315,1322,0.00013865,0.000199142,-0.359887449
jan,167,702,7.35E-05,0.000105747,-0.359575768
combined,75,316,3.30E-05,4.76E-05,-0.3569386
park,155,650,6.82E-05,9.79E-05,-0.356894022
exceed,64,270,2.82E-05,4.07E-05,-0.356682071
kong,71,299,3.13E-05,4.50E-05,-0.355962314
variety,150,628,6.60E-05,9.46E-05,-0.355124343
set,587,2447,0.000258374,0.000368609,-0.354176183
things,361,1504,0.000158898,0.000226558,-0.352872674
other,2179,9053,0.000959108,0.001363719,-0.351657671
western,134,558,5.90E-05,8.41E-05,-0.349270076
street,310,1287,0.00013645,0.00019387,-0.349076358
administrative,51,214,2.24E-05,3.22E-05,-0.348853036
advise,51,214,2.24E-05,3.22E-05,-0.348853036
primary,108,450,4.75E-05,6.78E-05,-0.348679425
familiar,105,437,4.62E-05,6.58E-05,-0.347379815
directors,55,230,2.42E-05,3.46E-05,-0.346459979
there,2619,10822,0.001152779,0.001630196,-0.34627128
such,1188,4908,0.00052291,0.000739328,-0.345773027
multiple,192,795,8.45E-05,0.000119757,-0.345135584
anybody,83,345,3.65E-05,5.20E-05,-0.344495166
automated,69,287,3.04E-05,4.32E-05,-0.343583735
whom,80,332,3.52E-05,5.00E-05,-0.342640028
since,698,2875,0.000307232,0.000433082,-0.342382236
saturday,221,912,9.73E-05,0.000137381,-0.342238928
html,593,2441,0.000261015,0.000367705,-0.341597272
adding,75,311,3.30E-05,4.68E-05,-0.341320041
htm,112,463,4.93E-05,6.97E-05,-0.341119066
initial,169,697,7.44E-05,0.000104994,-0.34074892
francisco,77,319,3.39E-05,4.81E-05,-0.340640626
former,124,512,5.46E-05,7.71E-05,-0.340506111
suggestions,88,364,3.87E-05,5.48E-05,-0.340137454
also,2270,9320,0.000999163,0.001403939,-0.339831092
gas,717,2944,0.000315595,0.000443476,-0.339274006
middle,151,622,6.65E-05,9.37E-05,-0.339079437
end,489,2007,0.000215238,0.000302329,-0.338437404
invite,105,433,4.62E-05,6.52E-05,-0.338322571
story,158,650,6.95E-05,9.79E-05,-0.337998429
leave,169,695,7.44E-05,0.000104693,-0.337902504
im,584,2388,0.000257053,0.000359722,-0.33494047
goes,139,570,6.12E-05,8.59E-05,-0.334265681
dan,153,627,6.73E-05,9.44E-05,-0.334037365
of,39840,162580,0.017535968,0.024490601,-0.334019167
along,229,937,0.000100797,0.000141147,-0.333885632
economic,119,488,5.24E-05,7.35E-05,-0.333528577
equal,56,231,2.46E-05,3.48E-05,-0.333367046
during,393,1605,0.000172983,0.000241773,-0.333169337
creating,90,369,3.96E-05,5.56E-05,-0.331624081
followed,107,438,4.71E-05,6.60E-05,-0.331158828
responsibility,64,263,2.82E-05,3.96E-05,-0.331052641
johnson,64,263,2.82E-05,3.96E-05,-0.331052641
head,197,804,8.67E-05,0.000121112,-0.330888536
wall,146,596,6.43E-05,8.98E-05,-0.330006297
they,2560,10396,0.001126809,0.001566025,-0.32890175
date,1021,4145,0.000449403,0.000624391,-0.328234431
consider,163,663,7.17E-05,9.99E-05,-0.326882558
worked,126,513,5.55E-05,7.73E-05,-0.326717669
random,52,213,2.29E-05,3.21E-05,-0.325712823
cent,53,217,2.33E-05,3.27E-05,-0.325502678
include,762,3083,0.000335402,0.000464415,-0.324622347
hawaii,52,212,2.29E-05,3.19E-05,-0.321149491
extended,136,550,5.99E-05,8.29E-05,-0.320430507
cat,66,268,2.91E-05,4.04E-05,-0.319693873
ongoing,72,292,3.17E-05,4.40E-05,-0.319237588
talking,149,601,6.56E-05,9.05E-05,-0.318237786
continued,92,372,4.05E-05,5.60E-05,-0.318135254
significant,144,580,6.34E-05,8.74E-05,-0.316678099
national,385,1546,0.000169462,0.000232885,-0.316320567
involving,61,247,2.68E-05,3.72E-05,-0.316205147
issue,597,2393,0.000262775,0.000360475,-0.315094548
went,145,583,6.38E-05,8.78E-05,-0.31496563
least,476,1903,0.000209516,0.000286663,-0.312226418
survey,205,819,9.02E-05,0.000123372,-0.30986212
met,172,687,7.57E-05,0.000103488,-0.30907075
previously,119,476,5.24E-05,7.17E-05,-0.308969309
around,406,1617,0.000178705,0.00024358,-0.308228101
8,377,1500,0.00016594,0.000225956,-0.307119503
directly,260,1035,0.000114442,0.00015591,-0.306905044
happened,78,312,3.43E-05,4.70E-05,-0.306374079
developed,158,629,6.95E-05,9.48E-05,-0.305494794
she,512,2032,0.000225362,0.000306095,-0.305021931
14,727,2883,0.000319996,0.000434287,-0.304576637
whats,62,248,2.73E-05,3.74E-05,-0.304458806
were,1331,5275,0.000585853,0.000794611,-0.304336971
md,59,236,2.60E-05,3.56E-05,-0.303987772
about,2963,11734,0.001304194,0.001767577,-0.303824069
cannot,347,1376,0.000152735,0.000207277,-0.30363478
appreciate,125,497,5.50E-05,7.49E-05,-0.303269525
had,1234,4883,0.000543157,0.000735562,-0.302754651
level,394,1559,0.000173423,0.000234843,-0.301684992
commission,172,681,7.57E-05,0.000102584,-0.300383082
ground,60,239,2.64E-05,3.60E-05,-0.300087092
their,2205,8697,0.000970552,0.001310092,-0.299720437
path,84,333,3.70E-05,5.02E-05,-0.298114358
optional,59,234,2.60E-05,3.52E-05,-0.295710897
history,316,1241,0.000139091,0.000186941,-0.293838364
left,251,986,0.00011048,0.000148528,-0.293639495
its,2439,9561,0.00107355,0.001440243,-0.29360384
9,1441,5644,0.00063427,0.000850197,-0.292592455
pdf,60,237,2.64E-05,3.57E-05,-0.291911717
traditional,127,499,5.59E-05,7.52E-05,-0.291640568
ahead,93,366,4.09E-05,5.51E-05,-0.291610361
dynamic,78,307,3.43E-05,4.62E-05,-0.290557894
persons,74,291,3.26E-05,4.38E-05,-0.289311536
training,169,661,7.44E-05,9.96E-05,-0.288231047
fw,214,836,9.42E-05,0.000125933,-0.287738181
explore,88,345,3.87E-05,5.20E-05,-0.287513915
addition,281,1096,0.000123685,0.000165098,-0.286790574
decision,160,624,7.04E-05,9.40E-05,-0.285196011
ben,131,511,5.77E-05,7.70E-05,-0.284622241
handle,104,406,4.58E-05,6.12E-05,-0.284307503
capabilities,61,239,2.68E-05,3.60E-05,-0.28415606
spins,76,297,3.35E-05,4.47E-05,-0.28338565
reviews,99,386,4.36E-05,5.81E-05,-0.282816857
located,101,393,4.45E-05,5.92E-05,-0.28093157
carregado,53,207,2.33E-05,3.12E-05,-0.279757096
in,26645,102949,0.011728059,0.015507953,-0.279348027
lost,184,713,8.10E-05,0.000107404,-0.279278113
the,67799,261832,0.029842396,0.039441648,-0.27888408
ill,123,477,5.41E-05,7.19E-05,-0.278587668
children,241,932,0.000106079,0.000140394,-0.277987232
agreed,106,411,4.67E-05,6.19E-05,-0.277707072
position,520,2007,0.000228883,0.000302329,-0.277246813
collection,149,576,6.56E-05,8.68E-05,-0.276224576
directions,67,260,2.95E-05,3.92E-05,-0.275590912
domains,86,333,3.79E-05,5.02E-05,-0.275196471
say,558,2149,0.000245609,0.000323719,-0.275156629
expressed,81,313,3.57E-05,4.71E-05,-0.272815983
table,308,1183,0.000135569,0.000178204,-0.271692317
technical,300,1152,0.000132048,0.000173534,-0.271410512
18,624,2393,0.00027466,0.000360475,-0.271025344
column,59,228,2.60E-05,3.43E-05,-0.270461118
ren,91,350,4.01E-05,5.27E-05,-0.268940265
impact,104,399,4.58E-05,6.01E-05,-0.267197964
first,1517,5779,0.000667722,0.000870533,-0.264884116
signature,122,466,5.37E-05,7.02E-05,-0.263595433
center,503,1913,0.0002214,0.000288169,-0.262532048
0,3351,12729,0.001474976,0.001917461,-0.26220429
largest,152,579,6.69E-05,8.72E-05,-0.261722606
poor,98,374,4.31E-05,5.63E-05,-0.261701102
something,517,1962,0.000227563,0.00029555,-0.26040641
be,10928,41422,0.004810067,0.006239695,-0.260172818
shows,147,558,6.47E-05,8.41E-05,-0.258152757
fee,331,1253,0.000145693,0.000188748,-0.257357951
where,1107,4185,0.000487257,0.000630417,-0.257124447
key,284,1074,0.000125005,0.000161784,-0.256101855
notification,247,934,0.000108719,0.000140695,-0.25575119
wed,122,462,5.37E-05,6.96E-05,-0.255096289
opcional,52,198,2.29E-05,2.98E-05,-0.254974806
bankruptcy,139,526,6.12E-05,7.92E-05,-0.25489308
on,13576,51186,0.00597561,0.007710517,-0.254861485
warning,69,262,3.04E-05,3.95E-05,-0.254600915
publish,56,213,2.46E-05,3.21E-05,-0.254599436
understand,275,1038,0.000121044,0.000156361,-0.254164122
provides,200,755,8.80E-05,0.000113731,-0.25359575
slow,50,190,2.20E-05,2.86E-05,-0.252644464
5,439,1653,0.00019323,0.000249003,-0.252430426
gets,130,489,5.72E-05,7.37E-05,-0.248723696
charges,117,440,5.15E-05,6.63E-05,-0.248080291
disk,97,365,4.27E-05,5.50E-05,-0.247795547
animal,50,189,2.20E-05,2.85E-05,-0.247546014
makes,227,851,9.99E-05,0.000128192,-0.247010601
hardware,138,518,6.07E-05,7.80E-05,-0.246863295
shareholders,52,196,2.29E-05,2.95E-05,-0.2451534
seeing,82,308,3.61E-05,4.64E-05,-0.245112354
sponsor,62,233,2.73E-05,3.51E-05,-0.243745443
several,491,1832,0.000216118,0.000275967,-0.243456669
38,120,449,5.28E-05,6.76E-05,-0.243188989
official,174,650,7.66E-05,9.79E-05,-0.242842489
thu,101,378,4.45E-05,5.69E-05,-0.24267511
learned,61,229,2.68E-05,3.45E-05,-0.242593962
database,372,1386,0.000163739,0.000208783,-0.241709463
29,422,1572,0.000185747,0.000236802,-0.2416801
union,74,277,3.26E-05,4.17E-05,-0.241132407
officer,192,715,8.45E-05,0.000107706,-0.240002142
item,106,395,4.67E-05,5.95E-05,-0.238643273
mass,133,495,5.85E-05,7.46E-05,-0.238329433
junk,73,272,3.21E-05,4.10E-05,-0.236544803
computers,119,442,5.24E-05,6.66E-05,-0.235918818
decisions,68,253,2.99E-05,3.81E-05,-0.234654716
brought,87,323,3.83E-05,4.87E-05,-0.234046306
balance,158,585,6.95E-05,8.81E-05,-0.233760591
contract,261,964,0.000114882,0.000145214,-0.232503324
jun,50,186,2.20E-05,2.80E-05,-0.232092818
what,2437,8982,0.00107267,0.001353024,-0.231998397
51,114,421,5.02E-05,6.34E-05,-0.230083304
pressure,61,226,2.68E-05,3.40E-05,-0.229780856
kit,73,270,3.21E-05,4.07E-05,-0.229341159
padding,211,777,9.29E-05,0.000117045,-0.22911649
using,916,3367,0.000403186,0.000507196,-0.228990172
collected,51,189,2.24E-05,2.85E-05,-0.228595968
proceed,54,200,2.38E-05,3.01E-05,-0.22851199
coloca,57,211,2.51E-05,3.18E-05,-0.228436507
definitely,69,255,3.04E-05,3.84E-05,-0.228198082
court,151,556,6.65E-05,8.38E-05,-0.228160386
whole,248,912,0.00010916,0.000137381,-0.228081314
social,607,2228,0.000267177,0.00033562,-0.227306696
expansion,50,185,2.20E-05,2.79E-05,-0.226888226
bit,207,760,9.11E-05,0.000114484,-0.226117559
authority,67,247,2.95E-05,3.72E-05,-0.225607122
anyone,514,1883,0.000226242,0.00028365,-0.225243837
that,13101,47840,0.005766534,0.007206485,-0.222875505
thats,205,749,9.02E-05,0.000112827,-0.221268177
count,106,388,4.67E-05,5.84E-05,-0.221060997
gives,125,457,5.50E-05,6.88E-05,-0.220515924
ohne,74,271,3.26E-05,4.08E-05,-0.219751772
wanted,240,875,0.000105638,0.000131808,-0.219458015
hour,316,1151,0.000139091,0.000173383,-0.218967952
wholesale,109,398,4.80E-05,6.00E-05,-0.21875382
than,1760,6401,0.000774681,0.000964229,-0.218623563
vote,51,187,2.24E-05,2.82E-05,-0.218320417
eb,56,205,2.46E-05,3.09E-05,-0.217496047
rest,197,717,8.67E-05,0.000108007,-0.21735828
created,154,560,6.78E-05,8.44E-05,-0.215860625
playing,91,331,4.01E-05,4.99E-05,-0.214193392
area,506,1831,0.000222721,0.000275817,-0.212956643
recently,252,912,0.00011092,0.000137381,-0.212225074
staff,156,565,6.87E-05,8.51E-05,-0.211928889
source,320,1157,0.000140851,0.000174287,-0.211647982
expected,227,821,9.99E-05,0.000123673,-0.211404382
happens,68,247,2.99E-05,3.72E-05,-0.211274459
by,7600,27429,0.003345215,0.004131829,-0.211132309
location,170,615,7.48E-05,9.26E-05,-0.211021228
congress,139,503,6.12E-05,7.58E-05,-0.21075177
who,2036,7344,0.000896165,0.00110628,-0.210421438
17,662,2388,0.000291386,0.000359722,-0.210032592
aol,186,672,8.19E-05,0.000101228,-0.209937932
well,1248,4499,0.000549319,0.000677717,-0.209705159
was,3788,13636,0.001667325,0.002054089,-0.208498915
starts,51,185,2.24E-05,2.79E-05,-0.207938181
informed,74,267,3.26E-05,4.02E-05,-0.205239755
assume,154,553,6.78E-05,8.33E-05,-0.203430129
experience,525,1881,0.000231084,0.000283349,-0.203102083
rabatt,60,216,2.64E-05,3.25E-05,-0.201775514
situation,191,684,8.41E-05,0.000103036,-0.201255069
america,391,1398,0.000172102,0.000210591,-0.200770597
state,853,3042,0.000375456,0.000458238,-0.198767537
principal,74,265,3.26E-05,3.99E-05,-0.197904
higher,166,592,7.31E-05,8.92E-05,-0.19681332
maximum,104,371,4.58E-05,5.59E-05,-0.195672977
established,94,335,4.14E-05,5.05E-05,-0.194313162
interactive,87,310,3.83E-05,4.67E-05,-0.193810447
audio,102,363,4.49E-05,5.47E-05,-0.193260081
mental,62,221,2.73E-05,3.33E-05,-0.192372742
firms,55,196,2.42E-05,2.95E-05,-0.191349898
page,796,2813,0.000350367,0.000423743,-0.189651287
including,897,3168,0.000394823,0.000477219,-0.189100201
budget,89,315,3.92E-05,4.75E-05,-0.187321754
job,340,1197,0.000149654,0.000180313,-0.18523545
effect,162,571,7.13E-05,8.60E-05,-0.18516179
at,7878,27698,0.003467579,0.00417235,-0.184974048
enough,291,1024,0.000128087,0.000154253,-0.18457019
essential,83,293,3.65E-05,4.41E-05,-0.184468237
colleagues,93,328,4.09E-05,4.94E-05,-0.184052414
type,518,1820,0.000228003,0.00027416,-0.183617693
pl,64,226,2.82E-05,3.40E-05,-0.183456194
same,893,3136,0.000393063,0.000472398,-0.183427132
writing,433,1520,0.000190589,0.000228969,-0.182589222
hop,57,201,2.51E-05,3.03E-05,-0.181399657
presence,71,250,3.13E-05,3.77E-05,-0.181227741
guys,89,313,3.92E-05,4.71E-05,-0.181084179
included,292,1023,0.000128527,0.000154102,-0.180195442
requests,134,470,5.90E-05,7.08E-05,-0.179842703
hit,141,494,6.21E-05,7.44E-05,-0.17887658
hope,342,1194,0.000150535,0.000179861,-0.176913595
directed,57,200,2.51E-05,3.01E-05,-0.176571959
determine,99,346,4.36E-05,5.21E-05,-0.175370959
place,707,2460,0.000311193,0.000370568,-0.174109208
materials,146,509,6.43E-05,7.67E-05,-0.174094711
ceo,164,571,7.22E-05,8.60E-05,-0.173060372
event,255,887,0.000112241,0.000133615,-0.172904386
databases,93,324,4.09E-05,4.88E-05,-0.172027202
server,346,1202,0.000152295,0.000181066,-0.172002871
stress,100,348,4.40E-05,5.24E-05,-0.171200494
pool,62,216,2.73E-05,3.25E-05,-0.170163274
built,82,285,3.61E-05,4.29E-05,-0.169203006
four,401,1388,0.000176504,0.000209084,-0.168516071
large,351,1215,0.000154496,0.000183024,-0.168446824
keine,181,627,7.97E-05,9.44E-05,-0.168244298
tour,74,257,3.26E-05,3.87E-05,-0.168010704
ignore,70,243,3.08E-05,3.66E-05,-0.167314912
turned,75,260,3.30E-05,3.92E-05,-0.166299885
pounds,127,438,5.59E-05,6.60E-05,-0.163080164
working,771,2653,0.000339363,0.000399641,-0.163051345
an,5944,20445,0.00261631,0.003079778,-0.163035152
ps,71,245,3.13E-05,3.69E-05,-0.161552792
americans,92,317,4.05E-05,4.78E-05,-0.161180467
equity,164,564,7.22E-05,8.50E-05,-0.16086804
form,957,3283,0.000421233,0.000494542,-0.160094991
checked,68,234,2.99E-05,3.52E-05,-0.158660234
audience,73,251,3.21E-05,3.78E-05,-0.15818699
holiday,66,227,2.91E-05,3.42E-05,-0.158013212
effects,159,545,7.00E-05,8.21E-05,-0.157537708
telephone,288,986,0.000126766,0.000148528,-0.157285041
does,1130,3863,0.000497381,0.000581912,-0.15667154
discussions,163,558,7.17E-05,8.41E-05,-0.156330237
greatly,60,206,2.64E-05,3.10E-05,-0.155819667
further,828,2828,0.000364452,0.000426002,-0.155653047
prevent,77,264,3.39E-05,3.98E-05,-0.155636716
meaning,366,1250,0.000161098,0.000188297,-0.155110624
beta,61,209,2.68E-05,3.15E-05,-0.153898492
piece,115,393,5.06E-05,5.92E-05,-0.153801718
taken,214,730,9.42E-05,0.000109965,-0.153297405
process,623,2121,0.00027422,0.000319502,-0.152317947
director,274,933,0.000120604,0.000140545,-0.151846261
pricing,105,358,4.62E-05,5.39E-05,-0.151276209
similar,348,1184,0.000153176,0.000178354,-0.151271856
wishes,58,198,2.55E-05,2.98E-05,-0.150115416
use,1936,6565,0.000852149,0.000988933,-0.148702987
moore,67,228,2.95E-05,3.43E-05,-0.147743117
entities,55,187,2.42E-05,2.82E-05,-0.145919305
comprehensive,114,386,5.02E-05,5.81E-05,-0.144694425
did,767,2590,0.000337603,0.00039015,-0.144265108
approximately,147,497,6.47E-05,7.49E-05,-0.143825795
max,167,564,7.35E-05,8.50E-05,-0.142986142
policy,264,891,0.000116202,0.000134218,-0.142986016
am,2315,7805,0.00101897,0.001175724,-0.142960747
recipient,85,287,3.74E-05,4.32E-05,-0.141057348
properties,135,455,5.94E-05,6.85E-05,-0.140555
mar,80,270,3.52E-05,4.07E-05,-0.140418437
cell,127,428,5.59E-05,6.45E-05,-0.140333221
formats,75,253,3.30E-05,3.81E-05,-0.139696352
develop,132,444,5.81E-05,6.69E-05,-0.138535129
taking,217,729,9.55E-05,0.000109815,-0.138162865
dell,71,239,3.13E-05,3.60E-05,-0.137420198
log,274,918,0.000120604,0.000138285,-0.135753884
genie,52,175,2.29E-05,2.64E-05,-0.135748225
cents,153,513,6.73E-05,7.73E-05,-0.135692128
international,946,3166,0.000416391,0.000476917,-0.135414171
increasing,79,265,3.48E-05,3.99E-05,-0.134408265
operation,155,519,6.82E-05,7.82E-05,-0.134374084
bill,309,1033,0.000136009,0.000155608,-0.133698093
putting,77,258,3.39E-05,3.89E-05,-0.133217475
i,14903,49681,0.006559702,0.007483808,-0.131777814
circumstances,52,174,2.29E-05,2.62E-05,-0.130227572
week,871,2898,0.000383379,0.000436547,-0.129553849
banks,99,330,4.36E-05,4.97E-05,-0.128937156
submit,451,1500,0.000198512,0.000225956,-0.1288807
failed,109,363,4.80E-05,5.47E-05,-0.128285237
27,496,1647,0.000218319,0.0002481,-0.127323958
reasons,134,445,5.90E-05,6.70E-05,-0.125966438
heard,166,551,7.31E-05,8.30E-05,-0.125866309
acquiring,52,173,2.29E-05,2.61E-05,-0.124676273
his,1256,4158,0.000552841,0.00062635,-0.1246268
lang,94,312,4.14E-05,4.70E-05,-0.124617225
hat,149,494,6.56E-05,7.44E-05,-0.124541925
biggest,104,345,4.58E-05,5.20E-05,-0.124339241
associated,226,747,9.95E-05,0.000112526,-0.122111897
wurde,67,222,2.95E-05,3.34E-05,-0.121839235
until,531,1750,0.000233725,0.000263615,-0.119862474
mine,72,238,3.17E-05,3.59E-05,-0.119785361
considered,263,867,0.000115762,0.000130602,-0.119647893
reached,94,310,4.14E-05,4.67E-05,-0.118320738
plan,436,1434,0.00019191,0.000216014,-0.117738778
those,1192,3916,0.000524671,0.000589895,-0.116964397
demand,157,516,6.91E-05,7.77E-05,-0.11601374
hear,214,703,9.42E-05,0.000105898,-0.115955819
sharing,94,309,4.14E-05,4.65E-05,-0.115157564
weve,51,168,2.24E-05,2.53E-05,-0.115045502
daily,317,1040,0.000139531,0.000156663,-0.115032353
change,948,3108,0.000417272,0.000468181,-0.11485681
system,1196,3916,0.000526431,0.000589895,-0.113620672
publication,229,750,0.000100797,0.000112978,-0.113028071
compared,71,233,3.13E-05,3.51E-05,-0.112690789
rights,515,1684,0.000226682,0.000253673,-0.112029472
pa,211,690,9.29E-05,0.00010394,-0.111435292
therefore,215,703,9.46E-05,0.000105898,-0.111342666
lst,50,164,2.20E-05,2.47E-05,-0.110824703
so,2759,9004,0.001214401,0.001356338,-0.110451127
chosen,77,252,3.39E-05,3.80E-05,-0.110284062
po,158,516,6.95E-05,7.77E-05,-0.109754797
begin,209,682,9.20E-05,0.000102735,-0.109307074
louis,55,180,2.42E-05,2.71E-05,-0.10909987
someone,404,1317,0.000177825,0.000198389,-0.108853596
picture,103,336,4.53E-05,5.06E-05,-0.107865912
completed,204,664,8.98E-05,0.000100023,-0.106771584
emailed,53,173,2.33E-05,2.61E-05,-0.106418229
know,1846,5997,0.000812535,0.000903371,-0.105851205
let,1015,3296,0.000446762,0.0004965,-0.10533385
intention,62,202,2.73E-05,3.04E-05,-0.105216973
proper,120,390,5.28E-05,5.87E-05,-0.104514533
fees,242,785,0.000106519,0.00011825,-0.103559451
hearing,126,409,5.55E-05,6.16E-05,-0.103400167
fri,119,386,5.24E-05,5.81E-05,-0.102590708
hesitate,103,334,4.53E-05,5.03E-05,-0.102011753
red,159,515,7.00E-05,7.76E-05,-0.101619583
bring,260,841,0.000114442,0.000126686,-0.100809051
couple,218,704,9.60E-05,0.000106049,-0.099037715
mon,148,478,6.51E-05,7.20E-05,-0.098693451
tool,166,536,7.31E-05,8.07E-05,-0.098598757
entry,88,284,3.87E-05,4.28E-05,-0.096990461
like,2331,7499,0.001026013,0.001129629,-0.096119605
tools,278,894,0.000122364,0.00013467,-0.095080311
didn,91,293,4.01E-05,4.41E-05,-0.09479433
drop,106,341,4.67E-05,5.14E-05,-0.094253976
hard,410,1317,0.000180466,0.000198389,-0.094193153
later,378,1213,0.00016638,0.000182723,-0.093159829
subscription,432,1386,0.000190149,0.000208783,-0.093021167
has,4175,13389,0.001837667,0.002016882,-0.093007392
reserve,84,270,3.70E-05,4.07E-05,-0.092944117
mit,584,1873,0.000257053,0.000282144,-0.092787657
comes,233,746,0.000102557,0.000112375,-0.090579715
being,942,3013,0.000414631,0.00045387,-0.090214837
impossible,93,298,4.09E-05,4.49E-05,-0.090127387
uw,175,560,7.70E-05,8.44E-05,-0.089773353
must,1043,3334,0.000459087,0.000502225,-0.089621505
x,1307,4177,0.000575289,0.000629212,-0.089446735
members,488,1559,0.000214798,0.000234843,-0.088825449
respond,165,527,7.26E-05,7.94E-05,-0.087834538
fellow,55,176,2.42E-05,2.65E-05,-0.087435065
versions,174,555,7.66E-05,8.36E-05,-0.086567246
distribution,221,704,9.73E-05,0.000106049,-0.085510096
61,112,357,4.93E-05,5.38E-05,-0.085316036
additional,478,1521,0.000210396,0.000229119,-0.084862533
abmelden,148,471,6.51E-05,7.10E-05,-0.084144368
figured,64,204,2.82E-05,3.07E-05,-0.084113825
submitting,71,226,3.13E-05,3.40E-05,-0.083044994
appointment,54,172,2.38E-05,2.59E-05,-0.082905285
devices,112,356,4.93E-05,5.36E-05,-0.082562264
options,312,990,0.00013733,0.000149131,-0.081866144
nations,73,232,3.21E-05,3.49E-05,-0.081579394
sponsored,228,723,0.000100356,0.000108911,-0.081024969
expense,68,216,2.99E-05,3.25E-05,-0.080913795
reader,98,311,4.31E-05,4.68E-05,-0.080764921
entirely,75,238,3.30E-05,3.59E-05,-0.080187675
cs,259,820,0.000114001,0.000123523,-0.079542404
letters,199,630,8.76E-05,9.49E-05,-0.079281799
rob,73,231,3.21E-05,3.48E-05,-0.07738015
items,214,675,9.42E-05,0.00010168,-0.07569959
and,45576,143629,0.020060724,0.021635875,-0.075585299
vision,84,265,3.70E-05,3.99E-05,-0.074704654
road,173,545,7.61E-05,8.21E-05,-0.074290987
falls,59,186,2.60E-05,2.80E-05,-0.073230429
kids,87,274,3.83E-05,4.13E-05,-0.073117052
94,53,167,2.33E-05,2.52E-05,-0.072447276
terms,476,1494,0.000209516,0.000225052,-0.071203141
oh,99,311,4.36E-05,4.68E-05,-0.070841439
et,952,2985,0.000419032,0.000449652,-0.070364459
digital,346,1085,0.000152295,0.000163441,-0.070188127
going,589,1846,0.000259254,0.000278076,-0.069826721
listed,246,771,0.000108279,0.000116141,-0.069473798
intended,255,799,0.000112241,0.000120359,-0.069238181
majority,103,323,4.53E-05,4.87E-05,-0.069186551
55,249,780,0.0001096,0.000117497,-0.068969735
demo,73,229,3.21E-05,3.45E-05,-0.068928389
could,1522,4765,0.000669923,0.000717786,-0.068909489
g,1334,4176,0.000587173,0.000629061,-0.068795289
enclosed,74,232,3.26E-05,3.49E-05,-0.068381698
require,224,701,9.86E-05,0.000105597,-0.067932542
sign,399,1248,0.000175624,0.000187995,-0.067700081
wide,282,882,0.000124125,0.000132862,-0.067495899
cette,52,163,2.29E-05,2.46E-05,-0.067399466
sunday,192,600,8.45E-05,9.04E-05,-0.066410874
matters,78,244,3.43E-05,3.68E-05,-0.066328479
recommended,103,322,4.53E-05,4.85E-05,-0.066148314
behind,113,353,4.97E-05,5.32E-05,-0.065542164
approval,147,459,6.47E-05,6.91E-05,-0.065376622
done,517,1612,0.000227563,0.000242827,-0.064649583
player,82,256,3.61E-05,3.86E-05,-0.064466533
president,351,1093,0.000154496,0.000164646,-0.06323532
distance,87,271,3.83E-05,4.08E-05,-0.062369595
nearly,115,358,5.06E-05,5.39E-05,-0.062147773
allows,164,510,7.22E-05,7.68E-05,-0.061455528
bringing,71,221,3.13E-05,3.33E-05,-0.061318088
range,269,836,0.000118403,0.000125933,-0.061152957
47,122,379,5.37E-05,5.71E-05,-0.060164992
came,261,810,0.000114882,0.000122016,-0.05974574
ca,567,1759,0.000249571,0.000264971,-0.059646065
miles,67,208,2.95E-05,3.13E-05,-0.058652289
10,3403,10538,0.001497864,0.001587415,-0.058029342
myself,185,573,8.14E-05,8.63E-05,-0.057579595
usage,122,378,5.37E-05,5.69E-05,-0.057568522
xrp,59,183,2.60E-05,2.76E-05,-0.057534679
public,388,1201,0.000170782,0.000180915,-0.057314973
updates,137,424,6.03E-05,6.39E-05,-0.056577362
is,20336,62863,0.00895109,0.009469508,-0.056295529
ir,73,226,3.21E-05,3.40E-05,-0.056115282
application,399,1231,0.000175624,0.000185434,-0.054057726
gl,174,537,7.66E-05,8.09E-05,-0.053993343
56,127,392,5.59E-05,5.90E-05,-0.053873554
fair,82,253,3.61E-05,3.81E-05,-0.052978248
43,146,450,6.43E-05,6.78E-05,-0.052580813
them,1717,5288,0.000755754,0.00079657,-0.052530414
times,493,1518,0.000216999,0.000228667,-0.052142284
needs,329,1013,0.000144813,0.000152596,-0.052000507
sun,214,659,9.42E-05,9.93E-05,-0.05194686
part,928,2856,0.000408468,0.00043022,-0.051758712
when,1919,5899,0.000844667,0.000888609,-0.050656755
function,247,758,0.000108719,0.000114183,-0.048595455
doing,370,1134,0.000162859,0.000170823,-0.047455539
expertise,59,181,2.60E-05,2.73E-05,-0.046932288
cc,1592,4868,0.000700734,0.000733302,-0.0453654
took,209,639,9.20E-05,9.63E-05,-0.044830361
support,854,2609,0.000375896,0.000393013,-0.044412137
very,1422,4344,0.000625907,0.000654368,-0.044398475
production,290,885,0.000127646,0.000133314,-0.043112806
it,11924,36366,0.005248466,0.005478074,-0.042809716
maintain,98,299,4.31E-05,4.50E-05,-0.042254004
cool,57,174,2.51E-05,2.62E-05,-0.042098841
1800,62,189,2.73E-05,2.85E-05,-0.040882441
double,184,560,8.10E-05,8.44E-05,-0.040250632
zur,113,344,4.97E-05,5.18E-05,-0.04019858
guidelines,119,362,5.24E-05,5.45E-05,-0.03951785
alto,69,210,3.04E-05,3.16E-05,-0.03946434
available,1442,4376,0.00063471,0.000659189,-0.037782216
proposal,205,621,9.02E-05,9.35E-05,-0.035669445
pedido,100,303,4.40E-05,4.56E-05,-0.035507007
excited,101,306,4.45E-05,4.61E-05,-0.035418728
efficient,65,197,2.86E-05,2.97E-05,-0.035340149
interested,678,2052,0.000298428,0.000309108,-0.035044134
19,680,2057,0.000299309,0.000309861,-0.034534291
anything,389,1175,0.000171222,0.000176999,-0.032991168
put,512,1545,0.000225362,0.000232735,-0.032051212
stories,105,317,4.62E-05,4.78E-05,-0.031996897
insert,53,160,2.33E-05,2.41E-05,-0.031298511
too,592,1785,0.000260575,0.000268887,-0.031285466
dich,60,181,2.64E-05,2.73E-05,-0.030743344
goal,145,437,6.38E-05,6.58E-05,-0.030466015
recent,630,1898,0.000277301,0.000285909,-0.030464565
visiting,66,199,2.91E-05,3.00E-05,-0.030357916
manual,163,491,7.17E-05,7.40E-05,-0.030018435
connected,74,223,3.26E-05,3.36E-05,-0.029938171
accurate,75,226,3.30E-05,3.40E-05,-0.029891804
noticed,80,241,3.52E-05,3.63E-05,-0.029676844
requires,136,409,5.99E-05,6.16E-05,-0.028330361
jobs,182,547,8.01E-05,8.24E-05,-0.027836092
latest,391,1173,0.000172102,0.000176697,-0.026198654
58,128,384,5.63E-05,5.78E-05,-0.025895274
continuing,75,225,3.30E-05,3.39E-05,-0.025584023
compatible,65,195,2.86E-05,2.94E-05,-0.025470275
significantly,59,177,2.60E-05,2.67E-05,-0.025384195
vary,55,165,2.42E-05,2.49E-05,-0.025316784
fail,52,156,2.29E-05,2.35E-05,-0.025259701
sch,50,150,2.20E-05,2.26E-05,-0.025218003
side,194,581,8.54E-05,8.75E-05,-0.024347554
others,489,1463,0.000215238,0.000220382,-0.023510565
as,12205,36411,0.005372151,0.005484852,-0.020758003
deine,67,200,2.95E-05,3.01E-05,-0.020667955
gov,63,188,2.77E-05,2.83E-05,-0.020318763
msn,61,182,2.68E-05,2.74E-05,-0.020127559
ckwunsch,53,158,2.33E-05,2.38E-05,-0.019223875
down,681,2028,0.000299749,0.000305492,-0.018917148
ny,226,673,9.95E-05,0.000101379,-0.018760121
fam,90,268,3.96E-05,4.04E-05,-0.018452489
relation,169,503,7.44E-05,7.58E-05,-0.018185822
yes,409,1217,0.000180025,0.000183326,-0.018066094
new,4042,12023,0.001779126,0.001811111,-0.017808546
commerce,74,220,3.26E-05,3.31E-05,-0.016788073
larger,109,324,4.80E-05,4.88E-05,-0.016785358
for,23558,69982,0.010369285,0.010541895,-0.016507626
remaining,66,196,2.91E-05,2.95E-05,-0.015661744
morning,348,1033,0.000153176,0.000155608,-0.01565519
community,377,1119,0.00016594,0.000168563,-0.015588915
been,2752,8162,0.00121132,0.001229501,-0.014885723
chain,81,240,3.57E-05,3.62E-05,-0.013548983
owns,51,151,2.24E-05,2.27E-05,-0.012631794
regarding,344,1018,0.000151415,0.000153349,-0.012607406
debt,301,890,0.000132488,0.000134067,-0.011759566
contain,208,615,9.16E-05,9.26E-05,-0.011693817
meant,86,254,3.79E-05,3.83E-05,-0.010449013
hotmail,62,183,2.73E-05,2.76E-05,-0.009733495
minimal,79,233,3.48E-05,3.51E-05,-0.009067648
paulo,76,224,3.35E-05,3.37E-05,-0.008399314
view,519,1529,0.000228443,0.000230324,-0.008166325
currently,398,1172,0.000175184,0.000176547,-0.007707741
game,211,621,9.29E-05,9.35E-05,-0.007133025
after,1390,4090,0.000611822,0.000616106,-0.00696648
label,69,203,3.04E-05,3.06E-05,-0.006618887
k,1058,3111,0.000465689,0.000468632,-0.00628703
lot,434,1275,0.000191029,0.000192062,-0.005365516
will,9961,29233,0.004384432,0.004403578,-0.004356353
contracts,191,560,8.41E-05,8.44E-05,-0.00336006
37,146,428,6.43E-05,6.45E-05,-0.003203411
attack,70,205,3.08E-05,3.09E-05,-0.002180646
coverage,82,240,3.61E-05,3.62E-05,-0.001611664
thinking,153,447,6.73E-05,6.73E-05,0.000140634
while,869,2537,0.000382499,0.000382167,0.000866695
one,4236,12356,0.001864517,0.001861274,0.001740115
encomenda,60,175,2.64E-05,2.64E-05,0.001755453
most,1548,4511,0.000681367,0.000679525,0.002704338
solution,193,562,8.50E-05,8.47E-05,0.003411507
welcome,531,1546,0.000233725,0.000232885,0.003583827
800,224,652,9.86E-05,9.82E-05,0.003826006
prove,65,189,2.86E-05,2.85E-05,0.004737652
long,753,2189,0.00033144,0.000329745,0.00511306
org,287,833,0.000126326,0.000125481,0.006659079
agreements,59,171,2.60E-05,2.58E-05,0.007834376
carolina,59,171,2.60E-05,2.58E-05,0.007834376
neg,86,249,3.79E-05,3.75E-05,0.008921042
note,771,2231,0.000339363,0.000336072,0.0097178
city,490,1417,0.000215678,0.000213453,0.010323433
s,12838,37073,0.005650772,0.005584574,0.01178188
him,551,1590,0.000242528,0.000239513,0.012457223
traded,68,196,2.99E-05,2.95E-05,0.013211997
utility,187,539,8.23E-05,8.12E-05,0.013491408
perfectly,84,242,3.70E-05,3.65E-05,0.013767462
sees,50,144,2.20E-05,2.17E-05,0.013839682
c,2569,7401,0.001130771,0.001114866,0.014152383
music,232,668,0.000102117,0.000100626,0.014568871
1,6457,18589,0.002842112,0.002800196,0.014852937
host,97,279,4.27E-05,4.20E-05,0.015399063
began,105,302,4.62E-05,4.55E-05,0.015459572
box,575,1654,0.000253092,0.000249154,0.015619361
plain,134,385,5.90E-05,5.80E-05,0.016576434
a,45386,130378,0.019977094,0.019639781,0.0170283
objective,54,155,2.38E-05,2.33E-05,0.017096586
responded,92,264,4.05E-05,3.98E-05,0.017662725
voice,192,551,8.45E-05,8.30E-05,0.01781129
dedicated,76,218,3.35E-05,3.28E-05,0.017959796
portion,83,238,3.65E-05,3.59E-05,0.018326926
third,398,1140,0.000175184,0.000171726,0.0198176
subscribed,87,249,3.83E-05,3.75E-05,0.020185987
everyday,92,263,4.05E-05,3.96E-05,0.021364534
49,298,851,0.000131168,0.000128192,0.022769159
connection,178,508,7.83E-05,7.65E-05,0.023265029
half,259,738,0.000114001,0.00011117,0.024926212
qu,103,293,4.53E-05,4.41E-05,0.026233311
strategy,122,347,5.37E-05,5.23E-05,0.026460213
erhalten,327,930,0.000143932,0.000140093,0.026849891
commitment,76,216,3.35E-05,3.25E-05,0.026902861
clean,114,324,5.02E-05,4.88E-05,0.027169299
computer,966,2744,0.000425194,0.000413349,0.028188001
backup,61,173,2.68E-05,2.61E-05,0.028758437
create,288,816,0.000126766,0.00012292,0.030564658
non,449,1269,0.000197632,0.000191159,0.033131352
surprised,62,175,2.73E-05,2.64E-05,0.033367693
year,1207,3409,0.000531273,0.000513522,0.033917406
able,561,1584,0.00024693,0.000238609,0.034135095
major,514,1451,0.000226242,0.000218575,0.034324049
costs,253,714,0.00011136,0.000107555,0.034455079
teach,128,361,5.63E-05,5.44E-05,0.034787193
youd,53,149,2.33E-05,2.24E-05,0.036992289
sample,118,332,5.19E-05,5.00E-05,0.037085362
regardless,69,194,3.04E-05,2.92E-05,0.037260957
then,1400,3939,0.000616224,0.00059336,0.037746322
request,696,1957,0.000306351,0.000294797,0.038317576
person,552,1552,0.000242968,0.000233789,0.03835082
better,628,1765,0.00027642,0.000265875,0.038754629
under,848,2383,0.000373256,0.000358969,0.038922215
above,692,1944,0.000304591,0.000292839,0.039215053
spam,425,1193,0.000187068,0.00017971,0.039908468
investments,139,390,6.12E-05,5.87E-05,0.039924614
finding,113,317,4.97E-05,4.78E-05,0.039930055
having,469,1316,0.000206435,0.000198239,0.040314752
documents,236,662,0.000103878,9.97E-05,0.04043236
ask,367,1029,0.000161539,0.000155006,0.041023241
virtual,181,507,7.97E-05,7.64E-05,0.041714607
solo,54,151,2.38E-05,2.27E-05,0.042154515
attempts,67,187,2.95E-05,2.82E-05,0.044309927
commercial,311,869,0.00013689,0.000130904,0.044381611
entitled,62,173,2.73E-05,2.61E-05,0.044439645
10px,81,226,3.57E-05,3.40E-05,0.044888981
personally,76,212,3.35E-05,3.19E-05,0.045032563
0,3774,10538,0.001661163,0.001587415,0.045383121
south,379,1058,0.000166821,0.000159374,0.045385619
einem,75,209,3.30E-05,3.15E-05,0.04599056
proof,89,248,3.92E-05,3.74E-05,0.046261627
with,12532,34961,0.005516083,0.005266428,0.046307022
defense,60,167,2.64E-05,2.52E-05,0.046798358
visual,102,284,4.49E-05,4.28E-05,0.047185219
reason,310,863,0.00013645,0.00013,0.048060117
seeking,110,306,4.84E-05,4.61E-05,0.048139563
seen,308,857,0.000135569,0.000129096,0.048558174
coming,252,701,0.00011092,0.000105597,0.04873425
work,2305,6412,0.001014568,0.000965886,0.04912321
ihr,443,1232,0.000194991,0.000185585,0.049180464
hand,291,808,0.000128087,0.000121715,0.050619154
id,734,2037,0.000323077,0.000306848,0.051375819
tu,82,227,3.61E-05,3.42E-05,0.052536997
radio,125,346,5.50E-05,5.21E-05,0.053145801
got,500,1385,0.00022008,0.000208633,0.053167923
marco,59,163,2.60E-05,2.46E-05,0.053915269
may,3201,8860,0.001408952,0.001334646,0.054140406
numerous,89,246,3.92E-05,3.71E-05,0.054146907
cycle,50,138,2.20E-05,2.08E-05,0.054485092
offices,84,232,3.70E-05,3.49E-05,0.054817648
av,58,160,2.55E-05,2.41E-05,0.055302835
law,256,707,0.000112681,0.000106501,0.055899827
careful,53,146,2.33E-05,2.20E-05,0.056455923
del,174,480,7.66E-05,7.23E-05,0.056769621
are,11666,32187,0.005134905,0.004848561,0.057367881
directory,345,951,0.000151855,0.000143256,0.057901127
answer,340,937,0.000149654,0.000141147,0.058125741
p,2829,7796,0.001245212,0.001174368,0.058527501
based,1145,3155,0.000503983,0.00047526,0.058559866
feeling,72,198,3.17E-05,2.98E-05,0.05875127
via,746,2054,0.000328359,0.000309409,0.059258665
tx,221,608,9.73E-05,9.16E-05,0.059619483
asking,208,572,9.16E-05,8.62E-05,0.059986991
auto,369,1015,0.000162419,0.000152897,0.060035124
keeping,91,250,4.01E-05,3.77E-05,0.060113957
war,176,483,7.75E-05,7.28E-05,0.061906028
20px,93,255,4.09E-05,3.84E-05,0.06203468
neither,93,255,4.09E-05,3.84E-05,0.06203468
these,2799,7686,0.001232007,0.001157798,0.062073133
exchange,392,1076,0.000172543,0.000162086,0.06214781
tips,147,403,6.47E-05,6.07E-05,0.062757907
fuel,88,241,3.87E-05,3.63E-05,0.063119765
really,758,2078,0.000333641,0.000313024,0.06358881
stay,175,479,7.70E-05,7.22E-05,0.064483671
8,1655,4533,0.000728465,0.000682839,0.064588838
many,1577,4316,0.000694132,0.00065015,0.065361344
world,1223,3347,0.000538315,0.000504183,0.065380311
deep,78,213,3.43E-05,3.21E-05,0.065700189
ensure,222,607,9.77E-05,9.14E-05,0.065716624
figure,111,303,4.89E-05,4.56E-05,0.066649162
places,126,344,5.55E-05,5.18E-05,0.066659963
involved,275,751,0.000121044,0.000113129,0.067055704
faith,68,185,2.99E-05,2.79E-05,0.069024826
2,5124,13973,0.002255379,0.002104854,0.069040191
management,830,2263,0.000365333,0.000340892,0.069046757
deze,119,324,5.24E-05,4.88E-05,0.069273017
water,139,378,6.12E-05,5.69E-05,0.070645971
method,330,898,0.000145253,0.000135272,0.070681634
why,745,2027,0.000327919,0.000305342,0.071110692
select,228,619,0.000100356,9.32E-05,0.072751517
moving,136,369,5.99E-05,5.56E-05,0.072858295
off,848,2300,0.000373256,0.000346466,0.074273045
busy,54,146,2.38E-05,2.20E-05,0.074386579
detected,192,520,8.45E-05,7.83E-05,0.075007842
capable,50,135,2.20E-05,2.03E-05,0.075444586
because,1400,3791,0.000616224,0.000571066,0.075977687
het,193,522,8.50E-05,7.86E-05,0.076351585
promote,87,235,3.83E-05,3.54E-05,0.076507524
much,1253,3389,0.00055152,0.00051051,0.077123796
display,274,740,0.000120604,0.000111472,0.078067844
else,434,1171,0.000191029,0.000176396,0.079262662
almost,281,758,0.000123685,0.000114183,0.079267489
52,151,407,6.65E-05,6.13E-05,0.079484558
way,1523,4106,0.000670363,0.000618516,0.080371302
information,4317,11635,0.00190017,0.001752664,0.080762049
announced,208,560,9.16E-05,8.44E-05,0.080943388
finance,224,603,9.86E-05,9.08E-05,0.081134677
officials,99,266,4.36E-05,4.01E-05,0.081925781
co,528,1420,0.000232404,0.000213905,0.082577061
cooperation,127,341,5.59E-05,5.14E-05,0.083018303
een,262,704,0.000115322,0.000106049,0.083078088
requirements,339,911,0.000149214,0.000137231,0.083139438
subscribe,114,306,5.02E-05,4.61E-05,0.083147368
6,1948,5236,0.000857431,0.000788737,0.0834073
ability,280,752,0.000123245,0.000113279,0.083608861
34,339,910,0.000149214,0.00013708,0.084229786
factor,68,182,2.99E-05,2.74E-05,0.084803128
each,1484,3983,0.000653197,0.000599988,0.084833685
realize,93,249,4.09E-05,3.75E-05,0.085234126
fully,216,579,9.51E-05,8.72E-05,0.085302293
tinha,174,466,7.66E-05,7.02E-05,0.085960345
upgrade,142,380,6.25E-05,5.72E-05,0.086473066
experts,120,321,5.28E-05,4.84E-05,0.086599906
telling,73,195,3.21E-05,2.94E-05,0.086893997
certain,377,1009,0.00016594,0.000151993,0.08724404
straight,69,184,3.04E-05,2.77E-05,0.088386783
strategies,164,438,7.22E-05,6.60E-05,0.088626294
voor,148,395,6.51E-05,5.95E-05,0.089157386
capital,432,1154,0.000190149,0.000173835,0.089208703
amounts,80,213,3.52E-05,3.21E-05,0.090310182
geen,86,229,3.79E-05,3.45E-05,0.09038654
il,270,720,0.000118843,0.000108459,0.090635546
register,342,912,0.000150535,0.000137381,0.090802509
meet,293,781,0.000128967,0.000117648,0.091120846
possa,112,298,4.93E-05,4.49E-05,0.091718397
stanley,76,202,3.35E-05,3.04E-05,0.091849162
connect,126,335,5.55E-05,5.05E-05,0.092662583
players,99,263,4.36E-05,3.96E-05,0.092990351
chten,158,420,6.95E-05,6.33E-05,0.093198188
bis,146,388,6.43E-05,5.84E-05,0.093341093
mutual,69,183,3.04E-05,2.76E-05,0.093646121
la,1346,3579,0.000592455,0.000539131,0.094150544
nice,212,563,9.33E-05,8.48E-05,0.094507287
sea,56,148,2.46E-05,2.23E-05,0.096293509
kind,405,1074,0.000178265,0.000161784,0.096437105
zum,96,254,4.23E-05,3.83E-05,0.096867287
und,1364,3614,0.000600378,0.000544403,0.097698805
allow,363,961,0.000159778,0.000144762,0.098046878
soon,515,1362,0.000226682,0.000205168,0.099260351
failure,94,248,4.14E-05,3.74E-05,0.099595142
measure,79,208,3.48E-05,3.13E-05,0.101108689
40,790,2085,0.000347726,0.000314079,0.101465047
d,3087,8147,0.001358773,0.001227242,0.101734564
have,9787,25826,0.004307844,0.003890357,0.101911729
tongue,67,176,2.95E-05,2.65E-05,0.102794168
good,1099,2896,0.000483736,0.000436245,0.103109043
cellpadding,53,139,2.33E-05,2.09E-05,0.103400791
tr,555,1461,0.000244289,0.000220081,0.10390677
calendar,80,210,3.52E-05,3.16E-05,0.104063132
33,330,868,0.000145253,0.000130753,0.104406393
behalf,164,431,7.22E-05,6.49E-05,0.104494661
contact,1671,4392,0.000735507,0.000661599,0.105749275
copy,865,2271,0.000380738,0.000342097,0.106721512
gone,110,288,4.84E-05,4.34E-05,0.107437959
twice,54,141,2.38E-05,2.12E-05,0.107692249
leading,216,566,9.51E-05,8.53E-05,0.107750372
even,1305,3423,0.000574409,0.000515631,0.107750992
marginbottom,75,196,3.30E-05,2.95E-05,0.108170362
partnership,120,314,5.28E-05,4.73E-05,0.108196455
ten,186,487,8.19E-05,7.34E-05,0.108347204
thanks,2028,5312,0.000892644,0.000800185,0.109215779
completely,179,468,7.88E-05,7.05E-05,0.109708133
inside,123,321,5.41E-05,4.84E-05,0.110839227
willing,143,373,6.29E-05,5.62E-05,0.111651177
39,274,715,0.000120604,0.000107706,0.112124656
focused,70,182,3.08E-05,2.74E-05,0.112866519
fontweight,126,328,5.55E-05,4.94E-05,0.113364901
old,725,1890,0.000319116,0.000284704,0.11372544
naturally,72,187,3.17E-05,2.82E-05,0.114003269
throughout,161,419,7.09E-05,6.31E-05,0.114090005
der,842,2192,0.000370615,0.000330197,0.115144429
bei,189,491,8.32E-05,7.40E-05,0.116085543
offered,151,392,6.65E-05,5.90E-05,0.116421974
art,168,436,7.39E-05,6.57E-05,0.116906648
ibm,125,324,5.50E-05,4.88E-05,0.117563627
onze,80,207,3.52E-05,3.12E-05,0.118007865
to,61406,159454,0.027028455,0.024019709,0.118010833
guerra,75,194,3.30E-05,2.92E-05,0.118089186
abroad,70,181,3.08E-05,2.73E-05,0.118181766
re,2556,6632,0.001125049,0.000999026,0.118688496
heavy,87,225,3.83E-05,3.39E-05,0.118772371
establish,72,186,3.17E-05,2.80E-05,0.119180913
base,260,673,0.000114442,0.000101379,0.120084168
aan,93,240,4.09E-05,3.62E-05,0.121074766
remote,105,271,4.62E-05,4.08E-05,0.121310366
technologies,223,576,9.82E-05,8.68E-05,0.122004657
strong,368,951,0.000161979,0.000143256,0.12203068
action,442,1142,0.000194551,0.000172028,0.122367586
pipe,51,131,2.24E-05,1.97E-05,0.123041993
alternative,159,410,7.00E-05,6.18E-05,0.123136313
lives,106,273,4.67E-05,4.11E-05,0.123411498
touch,113,291,4.97E-05,4.38E-05,0.123677554
treated,65,167,2.86E-05,2.52E-05,0.124030691
promised,53,136,2.33E-05,2.05E-05,0.124214862
enquiries,67,172,2.95E-05,2.59E-05,0.124938751
instruction,93,239,4.09E-05,3.60E-05,0.125137525
photos,74,190,3.26E-05,2.86E-05,0.12520117
corporate,275,708,0.000121044,0.000106651,0.125485245
broadband,102,262,4.49E-05,3.95E-05,0.125898846
sorry,215,553,9.46E-05,8.33E-05,0.126121993
catch,64,164,2.82E-05,2.47E-05,0.126482324
organizations,118,303,5.19E-05,4.56E-05,0.126613051
pass,188,483,8.28E-05,7.28E-05,0.127050216
less,626,1610,0.00027554,0.000242526,0.127132183
or,11723,30158,0.005159994,0.004542918,0.127339573
situa,123,315,5.41E-05,4.75E-05,0.129321852
number,1770,4538,0.000779083,0.000683592,0.130577501
provide,986,2527,0.000433998,0.00038066,0.130809583
friendly,53,135,2.33E-05,2.03E-05,0.131250284
attention,459,1175,0.000202033,0.000176999,0.13159379
add,429,1097,0.000188829,0.000165249,0.132634454
not,8771,22424,0.003860642,0.003377889,0.133545399
starting,242,617,0.000106519,9.29E-05,0.134974536
mensagem,132,336,5.81E-05,5.06E-05,0.135454406
pakket,134,341,5.90E-05,5.14E-05,0.135752519
tinham,58,147,2.55E-05,2.21E-05,0.136527208
palavras,69,175,3.04E-05,2.64E-05,0.136747309
worst,60,152,2.64E-05,2.29E-05,0.137145901
disc,60,152,2.64E-05,2.29E-05,0.137145901
design,318,809,0.000139971,0.000121866,0.137462526
spent,145,368,6.38E-05,5.54E-05,0.13858248
six,261,663,0.000114882,9.99E-05,0.13871278
llc,114,289,5.02E-05,4.35E-05,0.139057521
cutting,68,172,2.99E-05,2.59E-05,0.139271413
hey,143,362,6.29E-05,5.45E-05,0.141054174
keeps,54,136,2.38E-05,2.05E-05,0.142145518
estava,172,435,7.57E-05,6.55E-05,0.142388536
give,836,2117,0.000367974,0.000318899,0.142719756
see,1912,4836,0.000841586,0.000728482,0.144141029
limit,159,401,7.00E-05,6.04E-05,0.144974502
nu,123,310,5.41E-05,4.67E-05,0.144989353
channel,51,128,2.24E-05,1.93E-05,0.145079272
record,211,532,9.29E-05,8.01E-05,0.145786688
risk,740,1868,0.000325718,0.00028139,0.145807916
already,661,1666,0.000290946,0.000250962,0.147290833
print,249,627,0.0001096,9.44E-05,0.147320476
forces,65,163,2.86E-05,2.46E-05,0.147336546
dont,884,2227,0.000389101,0.000335469,0.147900053
4,3585,9034,0.001577973,0.001360857,0.147925595
geek,121,304,5.33E-05,4.58E-05,0.148026153
payment,559,1406,0.000246049,0.000211796,0.149254371
financial,905,2276,0.000398345,0.00034285,0.149618308
stake,58,145,2.55E-05,2.18E-05,0.149630253
ideal,60,150,2.64E-05,2.26E-05,0.14983333
import,93,233,4.09E-05,3.51E-05,0.149866934
take,1516,3811,0.000667282,0.000574078,0.150204149
receipt,239,600,0.000105198,9.04E-05,0.150254913
handling,148,371,6.51E-05,5.59E-05,0.150772433
fit,111,278,4.89E-05,4.19E-05,0.150834706
je,388,974,0.000170782,0.000146721,0.150903222
adresse,74,185,3.26E-05,2.79E-05,0.150957407
launch,78,195,3.43E-05,2.94E-05,0.151206726
smart,127,318,5.59E-05,4.79E-05,0.151469202
giving,182,456,8.01E-05,6.87E-05,0.151729895
setup,96,240,4.23E-05,3.62E-05,0.152077983
selected,306,765,0.000134689,0.000115237,0.154729457
me,3822,9557,0.001682291,0.00143964,0.155663245
un,659,1647,0.000290065,0.0002481,0.155695231
designed,238,594,0.000104758,8.95E-05,0.156041405
83,70,174,3.08E-05,2.62E-05,0.156201216
cold,68,169,2.99E-05,2.55E-05,0.156207722
manner,68,169,2.99E-05,2.55E-05,0.156207722
alberta,62,154,2.73E-05,2.32E-05,0.156229668
wont,217,541,9.55E-05,8.15E-05,0.156960583
22,780,1947,0.000343325,0.000293291,0.157016984
back,1120,2795,0.000492979,0.000421031,0.157414098
sources,315,785,0.00013865,0.00011825,0.157917733
postal,202,503,8.89E-05,7.58E-05,0.158013773
eye,89,221,3.92E-05,3.33E-05,0.158347691
famous,73,181,3.21E-05,2.73E-05,0.158853261
includes,400,995,0.000176064,0.000149884,0.159999226
1400,94,233,4.14E-05,3.51E-05,0.160308505
before,1403,3490,0.000617544,0.000525724,0.160692136
thing,449,1116,0.000197632,0.000168111,0.160896475
if,7917,19691,0.003484745,0.002966198,0.161063912
klik,113,280,4.97E-05,4.22E-05,0.161335381
lake,58,143,2.55E-05,2.15E-05,0.162907269
aus,114,282,5.02E-05,4.25E-05,0.163019908
boxes,54,133,2.38E-05,2.00E-05,0.163402041
permission,98,242,4.31E-05,3.65E-05,0.164149019
boas,71,175,3.13E-05,2.64E-05,0.164422347
branch,86,212,3.79E-05,3.19E-05,0.165265721
full,925,2287,0.000407148,0.000344507,0.166615547
20,3120,7714,0.001373299,0.001162016,0.166927243
www,1974,4879,0.000868876,0.000734959,0.167175612
dire,51,125,2.24E-05,1.88E-05,0.167613158
havent,96,236,4.23E-05,3.56E-05,0.168429006
td,628,1549,0.00027642,0.000233337,0.168773384
conclusion,77,189,3.39E-05,2.85E-05,0.168878747
220,56,137,2.46E-05,2.06E-05,0.170083935
corpo,84,206,3.70E-05,3.10E-05,0.17017398
how,2944,7253,0.001295831,0.001092572,0.170473976
amazon,78,191,3.43E-05,2.88E-05,0.171243616
write,468,1151,0.000205995,0.000173383,0.171437035
retirement,50,122,2.20E-05,1.84E-05,0.171716503
blue,87,213,3.83E-05,3.21E-05,0.171967333
tell,416,1022,0.000183106,0.000153951,0.172403772
tests,70,171,3.08E-05,2.58E-05,0.17294843
u,2440,5990,0.00107399,0.000902317,0.173993053
prefer,154,377,6.78E-05,5.68E-05,0.174160236
ja,53,129,2.33E-05,1.94E-05,0.174535074
encoding,73,178,3.21E-05,2.68E-05,0.174970644
spa,62,151,2.73E-05,2.27E-05,0.175081734
refer,140,342,6.16E-05,5.15E-05,0.175967957
worlds,107,261,4.71E-05,3.93E-05,0.176465627
employees,421,1030,0.000185307,0.000155156,0.176539651
moved,134,327,5.90E-05,4.93E-05,0.176857599
invitation,92,224,4.05E-05,3.37E-05,0.177595179
grand,92,224,4.05E-05,3.37E-05,0.177595179
barry,54,131,2.38E-05,1.97E-05,0.177828302
installation,61,148,2.68E-05,2.23E-05,0.178614832
chat,163,397,7.17E-05,5.98E-05,0.179335816
believed,50,121,2.20E-05,1.82E-05,0.179520601
years,1159,2828,0.000510145,0.000426002,0.179864864
assets,518,1260,0.000228003,0.000189803,0.182493167
providing,185,449,8.14E-05,6.76E-05,0.183125323
alle,189,458,8.32E-05,6.90E-05,0.184699774
750,131,317,5.77E-05,4.78E-05,0.185027769
512,61,147,2.68E-05,2.21E-05,0.185102528
35,512,1242,0.000225362,0.000187091,0.185206505
nor,192,465,8.45E-05,7.00E-05,0.185309402
released,176,426,7.75E-05,6.42E-05,0.185670895
bad,247,598,0.000108719,9.01E-05,0.186176972
doubt,144,348,6.34E-05,5.24E-05,0.186631766
into,2284,5536,0.001005325,0.000833928,0.186715252
mistake,57,137,2.51E-05,2.06E-05,0.187099279
reduction,83,200,3.65E-05,3.01E-05,0.187137674
efforts,199,481,8.76E-05,7.25E-05,0.187345855
packages,140,338,6.16E-05,5.09E-05,0.187507485
servers,164,396,7.22E-05,5.97E-05,0.187848758
jetzt,554,1340,0.000243849,0.000201854,0.188153863
purchases,55,132,2.42E-05,1.99E-05,0.188203959
cdrom,105,253,4.62E-05,3.81E-05,0.188340003
lan,67,161,2.95E-05,2.43E-05,0.188493099
acquired,79,190,3.48E-05,2.86E-05,0.188696904
contra,110,265,4.84E-05,3.99E-05,0.188715012
any,4298,10380,0.001891807,0.001563614,0.190421433
ignored,63,151,2.77E-05,2.27E-05,0.190520834
issued,109,262,4.80E-05,3.95E-05,0.19087369
wouldnt,56,134,2.46E-05,2.02E-05,0.191190898
edit,64,153,2.82E-05,2.30E-05,0.193117738
niet,96,230,4.23E-05,3.46E-05,0.193468031
deliver,155,372,6.82E-05,5.60E-05,0.193657732
travel,298,716,0.000131168,0.000107856,0.194042751
ist,615,1478,0.000270698,0.000222642,0.194646443
category,199,477,8.76E-05,7.19E-05,0.195582482
claimed,85,203,3.74E-05,3.06E-05,0.195907499
ger,118,282,5.19E-05,4.25E-05,0.196843507
uns,151,361,6.65E-05,5.44E-05,0.197376854
minutes,773,1852,0.000340244,0.00027898,0.197877714
h2,51,121,2.24E-05,1.82E-05,0.198470646
ledger,399,954,0.000175624,0.000143708,0.199304522
ffffff,92,219,4.05E-05,3.30E-05,0.199512571
special,1104,2641,0.000485936,0.000397833,0.199591014
pido,59,140,2.60E-05,2.11E-05,0.199614629
token,105,250,4.62E-05,3.77E-05,0.199961804
lia,123,293,5.41E-05,4.41E-05,0.200173356
naar,95,226,4.18E-05,3.40E-05,0.20028797
region,249,594,0.0001096,8.95E-05,0.200805826
interest,983,2348,0.000432677,0.000353696,0.201038565
earth,88,209,3.87E-05,3.15E-05,0.201486413
making,620,1478,0.000272899,0.000222642,0.202713971
payments,151,359,6.65E-05,5.41E-05,0.202831833
past,570,1358,0.000250891,0.000204565,0.203232816
christmas,63,149,2.77E-05,2.24E-05,0.203289263
look,901,2146,0.000396584,0.000323268,0.203837452
democratic,53,125,2.33E-05,1.88E-05,0.204468811
signed,222,527,9.77E-05,7.94E-05,0.205403982
calls,217,515,9.55E-05,7.76E-05,0.205601165
direitos,101,239,4.45E-05,3.60E-05,0.205767931
stoppen,51,120,2.24E-05,1.81E-05,0.206336127
vi,123,291,5.41E-05,4.38E-05,0.206870442
few,1064,2526,0.00046833,0.00038051,0.207170126
google,121,286,5.33E-05,4.31E-05,0.207717958
active,204,483,8.98E-05,7.28E-05,0.207791315
value,560,1328,0.00024649,0.000200046,0.207833219
locations,57,134,2.51E-05,2.02E-05,0.208206242
weekend,127,300,5.59E-05,4.52E-05,0.208511934
lower,179,423,7.88E-05,6.37E-05,0.209317445
taxas,90,212,3.96E-05,3.19E-05,0.20958355
from,12888,30521,0.00567278,0.004597599,0.210103854
bought,121,285,5.33E-05,4.29E-05,0.211140995
correspondence,132,311,5.81E-05,4.68E-05,0.211216426
portable,50,117,2.20E-05,1.76E-05,0.211360674
campo,61,143,2.68E-05,2.15E-05,0.211482589
b,1738,4104,0.000764998,0.000618215,0.212726402
list,3314,7826,0.00145869,0.001178887,0.212805205
mind,385,908,0.000169462,0.000136779,0.212861564
dist,59,138,2.60E-05,2.08E-05,0.213347481
images,119,279,5.24E-05,4.20E-05,0.215571642
textalign,105,246,4.62E-05,3.71E-05,0.215670673
coast,69,161,3.04E-05,2.43E-05,0.216955898
identity,186,436,8.19E-05,6.57E-05,0.21739727
carry,92,215,4.05E-05,3.24E-05,0.217399059
16px,98,229,4.31E-05,3.45E-05,0.21785021
user,937,2200,0.00041243,0.000331402,0.218142819
message,2133,5008,0.000938861,0.000754391,0.218496061
obtained,116,271,5.11E-05,4.08E-05,0.218929842
helping,96,224,4.23E-05,3.37E-05,0.219150145
up,3188,7480,0.00140323,0.001126767,0.219249651
realtime,73,170,3.21E-05,2.56E-05,0.219265241
individuals,249,583,0.0001096,8.78E-05,0.219289446
trace,50,116,2.20E-05,1.75E-05,0.219481658
autom,50,116,2.20E-05,1.75E-05,0.219481658
mailto,299,700,0.000131608,0.000105446,0.219757412
combination,91,212,4.01E-05,3.19E-05,0.22036278
glad,80,186,3.52E-05,2.80E-05,0.221477842
pagamento,283,660,0.000124565,9.94E-05,0.223458296
little,661,1542,0.000290946,0.000232283,0.224316996
duran,55,127,2.42E-05,1.91E-05,0.224935402
associates,139,323,6.12E-05,4.87E-05,0.224953319
parents,71,164,3.13E-05,2.47E-05,0.226893524
sr,68,157,2.99E-05,2.37E-05,0.226975915
ut,65,150,2.86E-05,2.26E-05,0.227065663
les,699,1626,0.000307672,0.000244936,0.22720641
tenho,56,129,2.46E-05,1.94E-05,0.227390417
upon,383,889,0.000168581,0.000133917,0.228675887
confidence,186,431,8.19E-05,6.49E-05,0.228757454
introduce,125,289,5.50E-05,4.35E-05,0.229451849
400,268,621,0.000117963,9.35E-05,0.229727585
h,1522,3533,0.000669923,0.000532201,0.229755657
w,1164,2701,0.000512346,0.000406871,0.229998809
bot,104,240,4.58E-05,3.62E-05,0.230340759
shown,176,407,7.75E-05,6.13E-05,0.230581001
access,933,2162,0.000410669,0.000325678,0.231245873
alone,168,388,7.39E-05,5.84E-05,0.231689912
pull,61,140,2.68E-05,2.11E-05,0.231734605
esp,222,513,9.77E-05,7.73E-05,0.23198925
advisory,58,133,2.55E-05,2.00E-05,0.232072731
vehicle,58,133,2.55E-05,2.00E-05,0.232072731
disse,137,316,6.03E-05,4.76E-05,0.232159155
valley,115,265,5.06E-05,3.99E-05,0.232286574
du,820,1898,0.000360931,0.000285909,0.23228703
600,172,397,7.57E-05,5.98E-05,0.232360542
correios,144,332,6.34E-05,5.00E-05,0.232797565
house,294,679,0.000129407,0.000102283,0.233190547
helped,100,230,4.40E-05,3.46E-05,0.233364856
generating,65,149,2.86E-05,2.24E-05,0.233470256
helvetica,180,415,7.92E-05,6.25E-05,0.233614706
strongly,129,297,5.68E-05,4.47E-05,0.233696422
limited,768,1773,0.000338043,0.00026708,0.234841455
des,923,2130,0.000406268,0.000320857,0.235361976
ihre,610,1407,0.000268497,0.000211947,0.235517733
plus,579,1335,0.000254853,0.000201101,0.235835152
bold,99,227,4.36E-05,3.42E-05,0.236297495
loss,344,792,0.000151415,0.000119305,0.236579347
people,2592,5970,0.001140894,0.000899304,0.237711016
extension,193,443,8.50E-05,6.67E-05,0.238212504
buying,137,314,6.03E-05,4.73E-05,0.238377337
sure,991,2280,0.000436198,0.000343453,0.238429742
crypto,114,261,5.02E-05,3.93E-05,0.238557768
existing,317,728,0.000139531,0.000109664,0.238927999
play,321,737,0.000141291,0.00011102,0.239202184
games,188,431,8.28E-05,6.49E-05,0.239324361
von,603,1385,0.000265416,0.000208633,0.239704094
maker,75,171,3.30E-05,2.58E-05,0.239843403
manage,229,525,0.000100797,7.91E-05,0.239893798
content,524,1203,0.000230644,0.000181217,0.240004594
percentage,55,125,2.42E-05,1.88E-05,0.240014269
vast,55,125,2.42E-05,1.88E-05,0.240014269
59,209,478,9.20E-05,7.20E-05,0.242006155
haben,359,822,0.000158017,0.000123824,0.242110312
technique,63,143,2.77E-05,2.15E-05,0.242602897
criminal,53,120,2.33E-05,1.81E-05,0.24319178
more,5048,11564,0.002221927,0.001741969,0.243234757
z,229,523,0.000100797,7.88E-05,0.243662847
vis,95,216,4.18E-05,3.25E-05,0.244224344
control,463,1058,0.000203794,0.000159374,0.244494815
produce,137,312,6.03E-05,4.70E-05,0.244634426
visa,221,504,9.73E-05,7.59E-05,0.244991881
purpose,169,385,7.44E-05,5.80E-05,0.245176629
1996,368,840,0.000161979,0.000126535,0.24522724
interesse,61,138,2.68E-05,2.08E-05,0.245467456
finally,259,590,0.000114001,8.89E-05,0.246513687
sent,2652,6054,0.001167304,0.000911958,0.246618625
extremely,147,334,6.47E-05,5.03E-05,0.24721119
program,2083,4748,0.000916853,0.000715226,0.248041991
sole,66,149,2.91E-05,2.24E-05,0.248225901
lists,435,990,0.00019147,0.000149131,0.248430518
effectively,70,158,3.08E-05,2.38E-05,0.24894687
ha,67,151,2.95E-05,2.27E-05,0.24999855
neue,82,185,3.61E-05,2.79E-05,0.250701294
pleased,166,376,7.31E-05,5.66E-05,0.250753944
her,783,1779,0.000344645,0.000267984,0.250762112
jump,53,119,2.33E-05,1.79E-05,0.251119617
phone,1297,2946,0.000570887,0.000443777,0.251368263
supply,197,446,8.67E-05,6.72E-05,0.251839913
mesma,135,305,5.94E-05,4.59E-05,0.252383291
wasnt,165,373,7.26E-05,5.62E-05,0.252664648
conducted,54,121,2.38E-05,1.82E-05,0.253256955
wilt,69,155,3.04E-05,2.33E-05,0.253403421
mime,84,189,3.70E-05,2.85E-05,0.253498966
pre,311,703,0.00013689,0.000105898,0.25457927
direct,447,1011,0.000196751,0.000152294,0.254651681
lado,124,279,5.46E-05,4.20E-05,0.255974027
delay,109,245,4.80E-05,3.69E-05,0.256246775
believe,636,1436,0.000279942,0.000216315,0.256798784
big,477,1076,0.000209956,0.000162086,0.257375113
pai,60,134,2.64E-05,2.02E-05,0.257581189
driving,60,134,2.64E-05,2.02E-05,0.257581189
dio,60,134,2.64E-05,2.02E-05,0.257581189
track,239,538,0.000105198,8.10E-05,0.25806571
investors,407,917,0.000179145,0.000138134,0.258322405
forth,96,215,4.23E-05,3.24E-05,0.258954025
prospective,53,118,2.33E-05,1.78E-05,0.259110807
sat,140,314,6.16E-05,4.73E-05,0.259689214
3,4762,10726,0.002096041,0.001615735,0.260118698
late,390,877,0.000171662,0.000132109,0.26017062
sender,237,532,0.000104318,8.01E-05,0.260819372
th,584,1313,0.000257053,0.000197787,0.260933987
1200,50,111,2.20E-05,1.67E-05,0.261106311
weekly,182,408,8.01E-05,6.15E-05,0.261268819
block,194,435,8.54E-05,6.55E-05,0.261272754
required,728,1636,0.000320436,0.000246443,0.261621281
adults,71,158,3.13E-05,2.38E-05,0.262688654
3d,778,1746,0.000342444,0.000263013,0.263028221
innovative,104,232,4.58E-05,3.49E-05,0.263314611
platform,369,827,0.000162419,0.000124577,0.263398266
eat,76,169,3.35E-05,2.55E-05,0.264024378
ripple,76,169,3.35E-05,2.55E-05,0.264024378
line,959,2150,0.000422113,0.00032387,0.264214679
dark,56,124,2.46E-05,1.87E-05,0.264949719
estar,114,254,5.02E-05,3.83E-05,0.265060571
man,434,971,0.000191029,0.000146269,0.265389139
due,935,2092,0.000411549,0.000315133,0.266192756
vacation,128,285,5.63E-05,4.29E-05,0.266372314
gewinner,99,220,4.36E-05,3.31E-05,0.266716312
54,192,428,8.45E-05,6.45E-05,0.26700756
wij,67,148,2.95E-05,2.23E-05,0.269212857
74,67,148,2.95E-05,2.23E-05,0.269212857
apple,205,456,9.02E-05,6.87E-05,0.269348968
worth,297,661,0.000130727,9.96E-05,0.26986912
diz,72,159,3.17E-05,2.40E-05,0.270188615
master,181,402,7.97E-05,6.06E-05,0.270403433
template,77,170,3.39E-05,2.56E-05,0.271042063
2fa,64,141,2.82E-05,2.12E-05,0.271262921
accurately,64,141,2.82E-05,2.12E-05,0.271262921
day,1586,3530,0.000698093,0.000531749,0.271733277
prepare,91,201,4.01E-05,3.03E-05,0.271983883
filter,69,152,3.04E-05,2.29E-05,0.272137756
substantial,140,310,6.16E-05,4.67E-05,0.272242791
works,670,1489,0.000294907,0.000224299,0.272617809
eliminate,52,114,2.29E-05,1.72E-05,0.27347185
eu,445,987,0.000195871,0.000148679,0.274056664
recipients,75,165,3.30E-05,2.49E-05,0.274203476
fear,57,125,2.51E-05,1.88E-05,0.274339498
l,2991,6641,0.001316518,0.001000382,0.274368793
fez,62,136,2.73E-05,2.05E-05,0.275072737
always,638,1414,0.000280822,0.000213001,0.275294656
projects,322,712,0.000141731,0.000107254,0.276487363
deserve,63,138,2.77E-05,2.08E-05,0.276587765
doris,54,118,2.38E-05,1.78E-05,0.277041464
ias,54,118,2.38E-05,1.78E-05,0.277041464
pelas,68,149,2.99E-05,2.24E-05,0.277099642
expect,307,678,0.000135129,0.000102132,0.277593317
find,1424,3150,0.000626788,0.000474507,0.27781969
names,580,1281,0.000255293,0.000192966,0.278635748
dat,145,319,6.38E-05,4.81E-05,0.278756185
dec,227,500,9.99E-05,7.53E-05,0.279374378
homeland,70,153,3.08E-05,2.30E-05,0.279787154
please,5710,12608,0.002513313,0.001899234,0.280022299
arrived,51,111,2.24E-05,1.67E-05,0.280056356
los,346,762,0.000152295,0.000114786,0.280626176
margin,197,433,8.67E-05,6.52E-05,0.280980911
duos,52,113,2.29E-05,1.70E-05,0.281795627
tivesse,52,113,2.29E-05,1.70E-05,0.281795627
average,235,516,0.000103438,7.77E-05,0.282580192
reservados,93,203,4.09E-05,3.06E-05,0.283613874
treasury,64,139,2.82E-05,2.09E-05,0.284902119
ela,378,829,0.00016638,0.000124878,0.284953863
choice,242,530,0.000106519,7.98E-05,0.285220735
domain,283,620,0.000124565,9.34E-05,0.2853364
respeito,65,141,2.86E-05,2.12E-05,0.28623956
96,137,299,6.03E-05,4.50E-05,0.286288631
avan,55,119,2.42E-05,1.79E-05,0.286665076
deus,86,187,3.79E-05,2.82E-05,0.286692404
plc,50,108,2.20E-05,1.63E-05,0.286938982
verdade,118,257,5.19E-05,3.87E-05,0.287439712
devido,118,257,5.19E-05,3.87E-05,0.287439712
known,316,691,0.000139091,0.00010409,0.287468441
merchant,87,189,3.83E-05,2.85E-05,0.287681797
minimum,134,292,5.90E-05,4.40E-05,0.287681871
can,7512,16460,0.003306481,0.002479489,0.287731106
nation,124,270,5.46E-05,4.07E-05,0.287989457
margintop,72,156,3.17E-05,2.35E-05,0.288466375
result,436,953,0.00019191,0.000143557,0.28854628
foreign,411,898,0.000180906,0.000135272,0.288833753
again,846,1850,0.000372375,0.000278679,0.288941765
mr,626,1367,0.00027554,0.000205921,0.290018121
er,170,370,7.48E-05,5.57E-05,0.290051702
round,192,418,8.45E-05,6.30E-05,0.290283994
small,535,1167,0.000235486,0.000175794,0.290903696
el,411,896,0.000180906,0.000134971,0.291047028
apply,297,647,0.000130727,9.75E-05,0.291061535
quotes,80,173,3.52E-05,2.61E-05,0.291346733
ber,97,210,4.27E-05,3.16E-05,0.291896062
activity,478,1041,0.000210396,0.000156813,0.292321973
push,70,151,3.08E-05,2.27E-05,0.292394604
inbox,59,127,2.60E-05,1.91E-05,0.292446634
teoria,110,238,4.84E-05,3.59E-05,0.293405554
abbestellen,71,153,3.13E-05,2.30E-05,0.293528938
dit,88,190,3.87E-05,2.86E-05,0.293722806
shares,537,1168,0.000236366,0.000175944,0.293767606
4000,55,118,2.42E-05,1.78E-05,0.294656266
42,180,390,7.92E-05,5.87E-05,0.294737737
amount,506,1099,0.000222721,0.00016555,0.295101697
estavam,67,144,2.95E-05,2.17E-05,0.295420071
tickets,223,483,9.82E-05,7.28E-05,0.29590423
coisa,131,283,5.77E-05,4.26E-05,0.29602134
ram,97,209,4.27E-05,3.15E-05,0.296522734
als,248,536,0.00010916,8.07E-05,0.298368043
num,213,460,9.38E-05,6.93E-05,0.298610493
aqueles,58,124,2.55E-05,1.87E-05,0.298695722
gained,64,137,2.82E-05,2.06E-05,0.29872992
package,495,1071,0.000217879,0.000161332,0.298873039
ease,59,126,2.60E-05,1.90E-05,0.299957646
bitcoin,126,271,5.55E-05,4.08E-05,0.30009586
mehr,236,509,0.000103878,7.67E-05,0.300269992
7,2184,4724,0.000961309,0.00071161,0.300400986
opinion,189,407,8.32E-05,6.13E-05,0.300967063
move,479,1034,0.000210837,0.000155759,0.301106079
dead,91,195,4.01E-05,2.94E-05,0.301305984
continue,586,1265,0.000257934,0.000190556,0.301391177
nem,153,329,6.73E-05,4.96E-05,0.301406599
participate,342,737,0.000150535,0.00011102,0.302140171
tal,111,238,4.89E-05,3.59E-05,0.302273069
die,1053,2272,0.000463488,0.000342248,0.302483757
domestic,80,171,3.52E-05,2.58E-05,0.302542647
grab,55,117,2.42E-05,1.76E-05,0.302711831
white,200,430,8.80E-05,6.48E-05,0.302770696
mailing,1111,2396,0.000489018,0.000360927,0.302999241
eine,360,775,0.000158458,0.000116744,0.303266124
tried,284,611,0.000125005,9.20E-05,0.303302183
eight,81,173,3.57E-05,2.61E-05,0.303428274
rito,69,147,3.04E-05,2.21E-05,0.304163352
nur,219,470,9.64E-05,7.08E-05,0.304897399
rated,57,121,2.51E-05,1.82E-05,0.305196986
81,103,220,4.53E-05,3.31E-05,0.305453859
m,5619,12095,0.002473258,0.001821957,0.305480498
sichern,143,306,6.29E-05,4.61E-05,0.30582311
fixed,209,448,9.20E-05,6.75E-05,0.305906814
deles,71,151,3.13E-05,2.27E-05,0.306136388
elas,118,252,5.19E-05,3.80E-05,0.306587227
youre,386,828,0.000169902,0.000124728,0.306970613
enterprise,119,254,5.24E-05,3.83E-05,0.307164289
protocol,86,183,3.79E-05,2.76E-05,0.307565799
zu,956,2051,0.000420793,0.000308957,0.308080728
shot,53,112,2.33E-05,1.69E-05,0.308447315
right,1073,2299,0.000472291,0.000346315,0.309479328
coisas,144,307,6.34E-05,4.62E-05,0.309489691
show,575,1230,0.000253092,0.000185284,0.310424723
mail,3002,6429,0.00132136,0.000968447,0.310447585
links,473,1011,0.000208196,0.000152294,0.31091047
primeira,119,253,5.24E-05,3.81E-05,0.3110084
takes,298,636,0.000131168,9.58E-05,0.311369497
sf,56,118,2.46E-05,1.78E-05,0.311966151
technology,1233,2635,0.000542717,0.000396929,0.31215515
sind,208,443,9.16E-05,6.67E-05,0.312221012
bet,86,182,3.79E-05,2.74E-05,0.312852943
vital,50,105,2.20E-05,1.58E-05,0.313456717
exact,109,231,4.80E-05,3.48E-05,0.313489705
st,515,1098,0.000226682,0.0001654,0.313558675
equipe,95,201,4.18E-05,3.03E-05,0.313975148
women,379,807,0.000166821,0.000121564,0.314260049
raz,96,203,4.23E-05,3.06E-05,0.314617091
notifica,81,171,3.57E-05,2.58E-05,0.314624188
alstublieft,66,139,2.91E-05,2.09E-05,0.314634403
jamais,51,107,2.24E-05,1.61E-05,0.314650372
na,1862,3970,0.000819578,0.00059803,0.314697116
moment,224,476,9.86E-05,7.17E-05,0.314732925
fora,89,188,3.92E-05,2.83E-05,0.314962569
pending,99,209,4.36E-05,3.15E-05,0.316469162
escreveu,53,111,2.33E-05,1.67E-05,0.316912009
protected,61,128,2.68E-05,1.93E-05,0.317111591
capacidade,61,128,2.68E-05,1.93E-05,0.317111591
emo,54,113,2.38E-05,1.70E-05,0.317984327
woman,118,249,5.19E-05,3.75E-05,0.318254225
cl,143,302,6.29E-05,4.55E-05,0.318699993
tired,103,217,4.53E-05,3.27E-05,0.318779189
practice,385,816,0.000169462,0.00012292,0.318873616
lots,152,321,6.69E-05,4.84E-05,0.319069279
ticket,170,359,7.48E-05,5.41E-05,0.319692405
manufacturing,97,204,4.27E-05,3.07E-05,0.319982738
46,222,469,9.77E-05,7.06E-05,0.320464522
competition,157,331,6.91E-05,4.99E-05,0.32090052
era,535,1132,0.000235486,0.000170521,0.321179199
130,66,138,2.91E-05,2.08E-05,0.321524403
sit,66,138,2.91E-05,2.08E-05,0.321524403
mailed,142,299,6.25E-05,4.50E-05,0.321560207
fim,127,267,5.59E-05,4.02E-05,0.322373585
lawyer,50,104,2.20E-05,1.57E-05,0.322454563
alta,68,142,2.99E-05,2.14E-05,0.32311848
help,1480,3128,0.000651437,0.000471193,0.32332553
treatment,112,235,4.93E-05,3.54E-05,0.323401447
fico,60,125,2.64E-05,1.88E-05,0.323714445
favor,280,590,0.000123245,8.89E-05,0.32382285
do,8627,18225,0.003797259,0.002745364,0.324265067
41,460,970,0.000202474,0.000146118,0.324300109
enhance,79,165,3.48E-05,2.49E-05,0.324673427
ll,772,1628,0.000339803,0.000245237,0.325009566
through,1769,3732,0.000778643,0.000562178,0.325239775
op,424,893,0.000186628,0.000134519,0.325347829
dessas,62,129,2.73E-05,1.94E-05,0.325392948
produto,63,131,2.77E-05,1.97E-05,0.32619462
network,744,1567,0.000327479,0.000236049,0.326207699
embora,100,209,4.40E-05,3.15E-05,0.326295136
necess,137,287,6.03E-05,4.32E-05,0.326342248
simplesmente,54,112,2.38E-05,1.69E-05,0.326377971
all,7671,16170,0.003376466,0.002435804,0.326438373
einen,250,525,0.00011004,7.91E-05,0.326807197
near,334,702,0.000147013,0.000105747,0.326837987
album,55,114,2.42E-05,1.72E-05,0.327275353
property,179,375,7.88E-05,5.65E-05,0.327787787
dem,94,196,4.14E-05,2.95E-05,0.328016466
king,161,337,7.09E-05,5.08E-05,0.328090187
reduce,123,257,5.41E-05,3.87E-05,0.328171273
entre,418,877,0.000183987,0.000132109,0.329117281
cios,145,303,6.38E-05,4.56E-05,0.329138573
charge,327,685,0.000143932,0.000103187,0.330083886
bonus,432,905,0.000190149,0.000136327,0.330690745
listen,70,145,3.08E-05,2.18E-05,0.331199651
eram,126,262,5.55E-05,3.95E-05,0.333049162
odo,63,130,2.77E-05,1.96E-05,0.333486553
employment,106,220,4.67E-05,3.31E-05,0.333552988
religi,64,132,2.82E-05,1.99E-05,0.334159829
maioria,86,178,3.79E-05,2.68E-05,0.334285572
tomorrow,392,818,0.000172543,0.000123221,0.334359108
fact,716,1495,0.000315154,0.000225203,0.334799486
dieses,65,134,2.86E-05,2.02E-05,0.334813522
ticos,77,159,3.39E-05,2.40E-05,0.335339645
peace,66,136,2.91E-05,2.05E-05,0.335448475
inch,55,113,2.42E-05,1.70E-05,0.335599129
solely,56,115,2.46E-05,1.73E-05,0.336330174
countries,264,549,0.000116202,8.27E-05,0.336663531
25,1412,2944,0.000621506,0.000443476,0.336856662
operating,277,576,0.000121924,8.68E-05,0.336882397
animais,57,117,2.51E-05,1.76E-05,0.33703706
governo,57,117,2.51E-05,1.76E-05,0.33703706
rank,92,190,4.05E-05,2.86E-05,0.337079738
read,980,2042,0.000431357,0.000307601,0.337200864
smtp,117,242,5.15E-05,3.65E-05,0.33766928
havia,131,271,5.77E-05,4.08E-05,0.338335031
algum,84,173,3.70E-05,2.61E-05,0.338821053
mim,72,148,3.17E-05,2.23E-05,0.338906198
interior,60,123,2.64E-05,1.85E-05,0.339024171
june,1553,3230,0.000683568,0.000486558,0.339378502
ol,123,254,5.41E-05,3.83E-05,0.339615731
telecommunications,62,127,2.73E-05,1.91E-05,0.340247817
greetings,64,131,2.82E-05,1.97E-05,0.341398974
partes,51,104,2.24E-05,1.57E-05,0.341404608
sabe,52,106,2.29E-05,1.60E-05,0.342086766
tag,226,467,9.95E-05,7.03E-05,0.342356568
preparation,66,135,2.91E-05,2.03E-05,0.342483897
entanto,66,135,2.91E-05,2.03E-05,0.342483897
nome,81,166,3.57E-05,2.50E-05,0.343174967
tica,304,628,0.000133809,9.46E-05,0.343681182
nesse,69,141,3.04E-05,2.12E-05,0.343999083
gb,112,230,4.93E-05,3.46E-05,0.344310597
error,524,1083,0.000230644,0.00016314,0.344480162
easier,156,321,6.87E-05,4.84E-05,0.344667089
filled,86,176,3.79E-05,2.65E-05,0.345176645
onto,87,178,3.83E-05,2.68E-05,0.345550517
nobody,89,182,3.92E-05,2.74E-05,0.346274082
drawn,90,184,3.96E-05,2.77E-05,0.34662429
knew,121,248,5.33E-05,3.74E-05,0.346811142
maneira,168,345,7.39E-05,5.20E-05,0.347056419
tape,76,155,3.35E-05,2.33E-05,0.34708994
join,446,919,0.000196311,0.000138436,0.347179637
teilnehmen,77,157,3.39E-05,2.37E-05,0.347487624
180,78,159,3.43E-05,2.40E-05,0.347875551
merciayanmact,63,128,2.77E-05,1.93E-05,0.3482319
nossas,79,161,3.48E-05,2.43E-05,0.348254077
benefit,208,427,9.16E-05,6.43E-05,0.348453704
carefully,144,295,6.34E-05,4.44E-05,0.348501464
concern,257,528,0.000113121,7.95E-05,0.34854997
prop,64,130,2.82E-05,1.96E-05,0.348690906
quanto,180,369,7.92E-05,5.56E-05,0.349135784
become,494,1015,0.000217439,0.000152897,0.350224406
fortes,51,103,2.24E-05,1.55E-05,0.35048415
mouse,51,103,2.24E-05,1.55E-05,0.35048415
meer,105,214,4.62E-05,3.22E-05,0.35110469
preciso,71,144,3.13E-05,2.17E-05,0.351557908
hrs,71,144,3.13E-05,2.17E-05,0.351557908
portfolio,127,259,5.59E-05,3.90E-05,0.352045119
pensar,94,191,4.14E-05,2.88E-05,0.353000469
deixar,57,115,2.51E-05,1.73E-05,0.353345518
baby,57,115,2.51E-05,1.73E-05,0.353345518
important,1738,3563,0.000764998,0.00053672,0.353840442
born,59,119,2.60E-05,1.79E-05,0.354176308
time,3923,8042,0.001726747,0.001211425,0.354196077
vista,99,201,4.36E-05,3.03E-05,0.354273976
office,1117,2288,0.000491659,0.000344658,0.354366483
prohibited,60,121,2.64E-05,1.82E-05,0.354571933
respect,286,583,0.000125886,8.78E-05,0.356657957
isp,88,178,3.87E-05,2.68E-05,0.356689975
agents,112,227,4.93E-05,3.42E-05,0.357069211
mal,90,182,3.96E-05,2.74E-05,0.357170771
ik,115,233,5.06E-05,3.51E-05,0.357627192
partir,93,188,4.09E-05,2.83E-05,0.357854514
speed,172,349,7.57E-05,5.26E-05,0.358965464
espec,50,100,2.20E-05,1.51E-05,0.359278094
ip,228,463,0.000100356,6.97E-05,0.359561014
agora,333,677,0.000146573,0.000101981,0.359776028
nunca,129,261,5.68E-05,3.93E-05,0.359897097
v,1448,2949,0.000637351,0.000444229,0.360299763
5599,53,106,2.33E-05,1.60E-05,0.360344809
signing,106,214,4.67E-05,3.22E-05,0.360383613
steps,186,377,8.19E-05,5.68E-05,0.360449989
tracking,82,165,3.61E-05,2.49E-05,0.360921579
golden,111,224,4.89E-05,3.37E-05,0.361203139
f,2631,5353,0.001158061,0.000806361,0.361594016
devem,57,114,2.51E-05,1.72E-05,0.361600581
termos,58,116,2.55E-05,1.75E-05,0.361888703
morte,59,118,2.60E-05,1.78E-05,0.362167499
try,736,1495,0.000323958,0.000225203,0.362263483
culo,89,179,3.92E-05,2.70E-05,0.362305336
cies,91,183,4.01E-05,2.76E-05,0.362662857
need,2335,4745,0.001027773,0.000714774,0.362758293
out,4392,8926,0.001933182,0.001344588,0.362853436
dessa,93,187,4.09E-05,2.82E-05,0.363005488
intelig,93,187,4.09E-05,2.82E-05,0.363005488
billing,93,187,4.09E-05,2.82E-05,0.363005488
capaz,63,126,2.77E-05,1.90E-05,0.36319793
current,1254,2546,0.00055196,0.000383522,0.363284407
truth,96,193,4.23E-05,2.91E-05,0.363493487
traffic,97,195,4.27E-05,2.94E-05,0.36364965
gro,65,130,2.86E-05,1.96E-05,0.363667546
vez,292,591,0.000128527,8.90E-05,0.363781575
gratis,262,530,0.000115322,7.98E-05,0.363917283
den,560,1135,0.00024649,0.000170973,0.364029181
200,537,1088,0.000236366,0.000163893,0.364303877
quem,137,276,6.03E-05,4.16E-05,0.364522976
estamos,69,138,3.04E-05,2.08E-05,0.36452828
realidade,69,138,3.04E-05,2.08E-05,0.36452828
indiv,104,209,4.58E-05,3.15E-05,0.364661087
exactly,316,639,0.000139091,9.63E-05,0.364929756
actual,282,570,0.000124125,8.59E-05,0.364979084
ele,783,1586,0.000344645,0.000238911,0.365146094
reports,779,1577,0.000342885,0.000237555,0.365706327
mesmo,521,1054,0.000229323,0.000158772,0.365738283
pensamento,80,160,3.52E-05,2.41E-05,0.36646645
gewinnen,162,326,7.13E-05,4.91E-05,0.36673018
iro,82,164,3.61E-05,2.47E-05,0.366764817
meu,168,338,7.39E-05,5.09E-05,0.367164039
caso,293,591,0.000128967,8.90E-05,0.367174032
numbers,474,957,0.000208636,0.00014416,0.367536122
wenn,308,621,0.000135569,9.35E-05,0.367748104
mercado,91,182,4.01E-05,2.74E-05,0.367950001
brasil,93,186,4.09E-05,2.80E-05,0.368183132
mesmos,50,99,2.20E-05,1.49E-05,0.368699819
ordem,50,99,2.20E-05,1.49E-05,0.368699819
unable,247,497,0.000108719,7.49E-05,0.368948993
hier,711,1434,0.000312954,0.000216014,0.36928442
front,205,412,9.02E-05,6.21E-05,0.369287168
effort,263,529,0.000115762,7.97E-05,0.369559313
frente,55,109,2.42E-05,1.64E-05,0.36960489
quando,637,1284,0.000280382,0.000193418,0.369700963
crian,109,218,4.80E-05,3.28E-05,0.369747882
diferente,56,111,2.46E-05,1.67E-05,0.369767352
das,1231,2483,0.000541837,0.000374032,0.369796611
ap,219,440,9.64E-05,6.63E-05,0.369906203
apr,57,113,2.51E-05,1.70E-05,0.369924358
lise,60,119,2.64E-05,1.79E-05,0.370365252
opened,65,129,2.86E-05,1.94E-05,0.371013041
nenhuma,65,129,2.86E-05,1.94E-05,0.371013041
janeiro,68,135,2.99E-05,2.03E-05,0.371357638
eles,263,528,0.000115762,7.95E-05,0.371427989
living,211,423,9.29E-05,6.37E-05,0.371887207
prior,286,574,0.000125886,8.65E-05,0.372039235
nenhum,77,153,3.39E-05,2.30E-05,0.372235472
capitalfm,156,312,6.87E-05,4.70E-05,0.372520727
received,1293,2601,0.000569127,0.000391807,0.372539023
club,163,326,7.17E-05,4.91E-05,0.372799195
engine,97,193,4.27E-05,2.91E-05,0.37361791
casa,101,201,4.45E-05,3.03E-05,0.373830313
comme,149,297,6.56E-05,4.47E-05,0.375504555
details,1270,2547,0.000559003,0.000383673,0.375548406
rio,759,1521,0.000334081,0.000229119,0.375775651
start,1126,2256,0.00049562,0.000339838,0.376418973
five,423,846,0.000186188,0.000127439,0.376656511
only,3771,7555,0.001659843,0.001138064,0.377118005
anos,288,575,0.000126766,8.66E-05,0.377232412
market,1226,2454,0.000539636,0.000369664,0.377450765
matter,441,881,0.00019411,0.000132711,0.377882226
possui,54,106,2.38E-05,1.60E-05,0.378275465
ing,56,110,2.46E-05,1.66E-05,0.37830431
mitmachen,60,118,2.64E-05,1.78E-05,0.378356442
stars,61,120,2.68E-05,1.81E-05,0.378368446
organiza,63,124,2.77E-05,1.87E-05,0.37839135
lei,69,136,3.04E-05,2.05E-05,0.378452352
realmente,75,148,3.30E-05,2.23E-05,0.378503884
cidade,76,150,3.35E-05,2.26E-05,0.378511705
spin,76,150,3.35E-05,2.26E-05,0.378511705
solve,80,158,3.52E-05,2.38E-05,0.378541087
certo,81,160,3.57E-05,2.41E-05,0.378547992
min,101,200,4.45E-05,3.01E-05,0.378658011
truly,132,262,5.81E-05,3.95E-05,0.37876378
qual,209,416,9.20E-05,6.27E-05,0.378892214
turn,266,530,0.000117083,7.98E-05,0.378939804
section,686,1367,0.00030195,0.000205921,0.38122905
potential,516,1027,0.000227122,0.000154704,0.381923061
pol,151,299,6.65E-05,4.50E-05,0.382073961
black,303,602,0.000133368,9.07E-05,0.382241819
my,5429,10822,0.002389628,0.001630196,0.382242404
availability,142,281,6.25E-05,4.23E-05,0.382258762
quer,112,221,4.93E-05,3.33E-05,0.383085419
efetuar,110,217,4.84E-05,3.27E-05,0.383156269
shareholder,108,213,4.75E-05,3.21E-05,0.383229694
alguma,95,187,4.18E-05,2.82E-05,0.383780728
wallet,477,947,0.000209956,0.000142653,0.384246845
dar,86,169,3.79E-05,2.55E-05,0.384257536
strategic,84,165,3.70E-05,2.49E-05,0.384377039
67,82,161,3.61E-05,2.43E-05,0.384502229
rico,79,155,3.48E-05,2.33E-05,0.3847016
plans,338,670,0.000148774,0.000100927,0.384871301
dele,76,149,3.35E-05,2.24E-05,0.384916298
happy,478,948,0.000210396,0.000142804,0.385283104
pessoa,150,296,6.60E-05,4.46E-05,0.385392239
linhas,70,137,3.08E-05,2.06E-05,0.385399336
ajuda,67,131,2.95E-05,1.97E-05,0.385672337
problemas,67,131,2.95E-05,1.97E-05,0.385672337
aside,67,131,2.95E-05,1.97E-05,0.385672337
ideia,62,121,2.73E-05,1.82E-05,0.386184173
recognized,61,119,2.68E-05,1.79E-05,0.386296283
ningu,60,117,2.64E-05,1.76E-05,0.386412007
modo,266,526,0.000117083,7.92E-05,0.38642153
diese,314,621,0.00013821,9.35E-05,0.386901381
comum,56,109,2.46E-05,1.64E-05,0.386914775
controle,55,107,2.42E-05,1.61E-05,0.387051484
minister,55,107,2.42E-05,1.61E-05,0.387051484
poderia,111,218,4.89E-05,3.28E-05,0.387562249
comply,51,99,2.24E-05,1.49E-05,0.387649864
produced,109,214,4.80E-05,3.22E-05,0.387714713
rela,167,329,7.35E-05,4.96E-05,0.387735122
sido,157,309,6.91E-05,4.65E-05,0.388278753
pois,151,297,6.65E-05,4.47E-05,0.388639144
dies,98,192,4.31E-05,2.89E-05,0.388662498
ausgew,146,287,6.43E-05,4.32E-05,0.38896186
auf,551,1089,0.000242528,0.000164044,0.389020417
fire,92,180,4.05E-05,2.71E-05,0.389273174
name,2754,5450,0.0012122,0.000820973,0.389309468
device,384,758,0.000169021,0.000114183,0.389401799
pouco,139,273,6.12E-05,4.11E-05,0.38945224
toda,138,271,6.07E-05,4.08E-05,0.38952631
credit,1340,2650,0.000589814,0.000399189,0.389565435
purposes,181,356,7.97E-05,5.36E-05,0.389827876
furthermore,86,168,3.79E-05,2.53E-05,0.38996732
web,2476,4896,0.001089836,0.00073752,0.390051377
fosse,85,166,3.74E-05,2.50E-05,0.390092341
fantastic,83,162,3.65E-05,2.44E-05,0.390351231
mas,967,1910,0.000425635,0.000287717,0.390480438
consumers,81,158,3.57E-05,2.38E-05,0.390622629
cio,205,403,9.02E-05,6.07E-05,0.391019885
modem,74,144,3.26E-05,2.17E-05,0.391685315
officers,73,142,3.21E-05,2.14E-05,0.391853366
nacional,71,138,3.13E-05,2.08E-05,0.392203319
estado,144,282,6.34E-05,4.25E-05,0.392555709
floodgate,144,282,6.34E-05,4.25E-05,0.392555709
ultimate,105,205,4.62E-05,3.09E-05,0.392750682
favorite,103,201,4.53E-05,3.03E-05,0.393011524
duas,139,272,6.12E-05,4.10E-05,0.393034695
just,3335,6574,0.001467933,0.000990289,0.393285302
outra,171,335,7.53E-05,5.05E-05,0.393372386
estes,63,122,2.77E-05,1.84E-05,0.393819176
5,4711,9278,0.002073593,0.001397612,0.394284478
prova,61,118,2.68E-05,1.78E-05,0.394287474
real,822,1617,0.000361811,0.00024358,0.394338974
cont,60,116,2.64E-05,1.75E-05,0.394532991
once,884,1738,0.000389101,0.000261808,0.394984557
filhos,58,112,2.55E-05,1.69E-05,0.395048661
precisa,89,173,3.92E-05,2.61E-05,0.395160078
minute,336,659,0.000147894,9.93E-05,0.395366734
fa,146,285,6.43E-05,4.29E-05,0.395796258
casino,229,448,0.000100797,6.75E-05,0.396354959
sempre,228,446,0.000100356,6.72E-05,0.396430473
solu,53,102,2.33E-05,1.54E-05,0.39650254
experi,111,216,4.89E-05,3.25E-05,0.396505314
saved,52,100,2.29E-05,1.51E-05,0.396825749
province,52,100,2.29E-05,1.51E-05,0.396825749
portanto,107,208,4.71E-05,3.13E-05,0.397147631
we,12585,24718,0.005539411,0.003723451,0.397149278
tra,51,98,2.24E-05,1.48E-05,0.397161203
pequena,51,98,2.24E-05,1.48E-05,0.397161203
member,434,850,0.000191029,0.000128042,0.397513105
estou,74,143,3.26E-05,2.15E-05,0.398345858
sobre,543,1063,0.000239007,0.000160127,0.398471982
losing,98,190,4.31E-05,2.86E-05,0.398782072
e,13470,26405,0.005928953,0.003977576,0.399092272
faster,172,335,7.57E-05,5.05E-05,0.399127073
rate,620,1213,0.000272899,0.000182723,0.399330781
enquanto,141,274,6.21E-05,4.13E-05,0.399940394
getting,450,879,0.000198072,0.00013241,0.400238134
da,3408,6671,0.001500065,0.001004901,0.400291019
corporations,67,129,2.95E-05,1.94E-05,0.400309765
successfully,111,215,4.89E-05,3.24E-05,0.401007018
de,19488,38128,0.008577835,0.005743496,0.401055845
ria,478,933,0.000210396,0.000140545,0.401120612
nio,179,348,7.88E-05,5.24E-05,0.401162659
universo,87,168,3.83E-05,2.53E-05,0.401232264
350,63,121,2.77E-05,1.82E-05,0.401623273
oder,241,469,0.000106079,7.06E-05,0.401785114
encourage,390,760,0.000171662,0.000114484,0.402203295
sec,212,412,9.33E-05,6.21E-05,0.402501479
alcan,60,115,2.64E-05,1.73E-05,0.402720465
durante,167,324,7.35E-05,4.88E-05,0.402744178
hist,167,324,7.35E-05,4.88E-05,0.402744178
roll,102,197,4.49E-05,2.97E-05,0.402919134
dois,205,398,9.02E-05,6.00E-05,0.403300874
printing,79,152,3.48E-05,2.29E-05,0.403435936
lugar,118,228,5.19E-05,3.43E-05,0.403972543
holdings,77,148,3.39E-05,2.23E-05,0.404057228
grupo,96,185,4.23E-05,2.79E-05,0.404390941
movimento,116,224,5.11E-05,3.37E-05,0.404398226
tanto,115,222,5.06E-05,3.34E-05,0.404616583
foram,174,337,7.66E-05,5.08E-05,0.404700966
certeza,54,103,2.38E-05,1.55E-05,0.405270459
existe,73,140,3.21E-05,2.11E-05,0.405400178
completamente,52,99,2.29E-05,1.49E-05,0.406247474
isso,588,1142,0.000258814,0.000172028,0.406514101
promoting,51,97,2.24E-05,1.46E-05,0.406763876
centro,51,97,2.24E-05,1.46E-05,0.406763876
filho,51,97,2.24E-05,1.46E-05,0.406763876
dif,87,167,3.83E-05,2.52E-05,0.406974837
ter,523,1014,0.000230204,0.000152746,0.407995776
aqui,347,672,0.000152735,0.000101228,0.40802557
improve,170,328,7.48E-05,4.94E-05,0.40828671
thank,1273,2470,0.000560323,0.000372074,0.408520625
melden,64,122,2.82E-05,1.84E-05,0.40902353
seis,64,122,2.82E-05,1.84E-05,0.40902353
introducing,64,122,2.82E-05,1.84E-05,0.40902353
32,469,908,0.000206435,0.000136779,0.409169743
accounts,297,574,0.000130727,8.65E-05,0.409487628
espa,95,182,4.18E-05,2.74E-05,0.409941267
vai,94,180,4.14E-05,2.71E-05,0.410266493
delete,191,368,8.41E-05,5.54E-05,0.410399944
dos,1379,2670,0.00060698,0.000402201,0.410706436
assim,429,829,0.000188829,0.000124878,0.410806089
aten,108,207,4.75E-05,3.12E-05,0.410927378
apologies,76,145,3.35E-05,2.18E-05,0.410952916
rodrigofp,139,267,6.12E-05,4.02E-05,0.411142048
criar,59,112,2.60E-05,1.69E-05,0.411504006
suas,370,714,0.000162859,0.000107555,0.411750327
address,4233,8189,0.001863197,0.001233568,0.412108807
necessary,379,731,0.000166821,0.000110116,0.41232235
om,340,655,0.000149654,9.87E-05,0.413149571
postage,71,135,3.13E-05,2.03E-05,0.413162813
own,1161,2242,0.000511026,0.000337729,0.413175129
futuro,85,162,3.74E-05,2.44E-05,0.413534788
ent,217,417,9.55E-05,6.28E-05,0.413695503
depois,244,469,0.000107399,7.06E-05,0.414041576
tamb,416,801,0.000183106,0.00012066,0.414280586
beste,83,158,3.65E-05,2.38E-05,0.414356445
vida,411,791,0.000180906,0.000119154,0.414713687
sofort,53,100,2.33E-05,1.51E-05,0.415083793
caracter,53,100,2.33E-05,1.51E-05,0.415083793
ve,783,1508,0.000344645,0.000227161,0.415361373
protection,220,422,9.68E-05,6.36E-05,0.415550987
helps,122,233,5.37E-05,3.51E-05,0.415603927
sito,52,98,2.29E-05,1.48E-05,0.415758812
100,218,418,9.60E-05,6.30E-05,0.415887961
os,3246,6255,0.001428759,0.000942236,0.415944642
einstein,314,603,0.00013821,9.08E-05,0.415999588
highly,254,487,0.000111801,7.34E-05,0.416698997
poss,185,354,8.14E-05,5.33E-05,0.416949004
causa,77,146,3.39E-05,2.20E-05,0.417074985
stored,63,119,2.77E-05,1.79E-05,0.417416592
energia,102,194,4.49E-05,2.92E-05,0.417760719
jederzeit,75,142,3.30E-05,2.14E-05,0.418076845
ne,372,713,0.000163739,0.000107404,0.418496986
pio,113,215,4.97E-05,3.24E-05,0.41850958
dizer,113,215,4.97E-05,3.24E-05,0.41850958
teria,87,165,3.83E-05,2.49E-05,0.41855987
directories,74,140,3.26E-05,2.11E-05,0.418597874
wild,61,115,2.68E-05,1.73E-05,0.418651497
share,926,1777,0.000407588,0.000267682,0.419177445
fica,98,186,4.31E-05,2.80E-05,0.419333718
deste,85,161,3.74E-05,2.43E-05,0.419482285
image,374,716,0.00016462,0.000107856,0.419666373
conversion,58,109,2.55E-05,1.64E-05,0.420660778
tico,144,274,6.34E-05,4.13E-05,0.420663389
sistema,204,389,8.98E-05,5.86E-05,0.42095778
taxes,94,178,4.14E-05,2.68E-05,0.421040227
sansserif,152,289,6.69E-05,4.35E-05,0.421842733
volta,56,105,2.46E-05,1.58E-05,0.422117759
sentido,91,172,4.01E-05,2.59E-05,0.422418286
0px,126,239,5.55E-05,3.60E-05,0.422554841
release,420,802,0.000184867,0.000120811,0.422560894
rios,337,643,0.000148334,9.69E-05,0.422649252
affiliates,55,103,2.42E-05,1.55E-05,0.422885262
confident,78,147,3.43E-05,2.21E-05,0.42308083
lhes,54,101,2.38E-05,1.52E-05,0.423680665
talvez,134,254,5.90E-05,3.83E-05,0.42378131
geral,122,231,5.37E-05,3.48E-05,0.423984855
wireless,167,317,7.35E-05,4.78E-05,0.424142662
imagine,167,317,7.35E-05,4.78E-05,0.424142662
made,1424,2720,0.000626788,0.000409733,0.424257855
isto,154,292,6.78E-05,4.40E-05,0.424627153
negotiations,75,141,3.30E-05,2.12E-05,0.424827311
pas,198,376,8.72E-05,5.66E-05,0.424848761
woche,63,118,2.77E-05,1.78E-05,0.425407782
durch,63,118,2.77E-05,1.78E-05,0.425407782
wire,74,139,3.26E-05,2.09E-05,0.425440726
quase,128,242,5.63E-05,3.65E-05,0.425887322
joined,95,179,4.18E-05,2.70E-05,0.425972521
attractive,62,116,2.73E-05,1.75E-05,0.426145231
conhecimento,83,156,3.65E-05,2.35E-05,0.426578663
this,21738,41458,0.009568194,0.006245118,0.426588806
entrega,61,114,2.68E-05,1.72E-05,0.42690656
regret,50,93,2.20E-05,1.40E-05,0.427174091
sele,50,93,2.20E-05,1.40E-05,0.427174091
dentro,113,213,4.97E-05,3.21E-05,0.427574245
algu,102,192,4.49E-05,2.89E-05,0.427778912
melhor,196,371,8.63E-05,5.59E-05,0.427965431
longer,657,1248,0.000289185,0.000187995,0.428796709
deleted,89,167,3.92E-05,2.52E-05,0.429131031
encontrar,68,127,2.99E-05,1.91E-05,0.429497296
resultado,78,146,3.43E-05,2.20E-05,0.429610892
outro,238,450,0.000104758,6.78E-05,0.43014263
leis,57,106,2.51E-05,1.60E-05,0.430215497
esses,166,313,7.31E-05,4.71E-05,0.430653971
dez,56,104,2.46E-05,1.57E-05,0.431115604
une,437,827,0.00019235,0.000124577,0.431582171
bem,270,510,0.000118843,7.68E-05,0.431721267
par,348,658,0.000153176,9.91E-05,0.431729881
commentary,65,121,2.86E-05,1.82E-05,0.431804266
hlt,162,305,7.13E-05,4.59E-05,0.43194264
code,1373,2602,0.000604339,0.000391958,0.43208643
pessoal,64,119,2.82E-05,1.79E-05,0.432620945
stopped,64,119,2.82E-05,1.79E-05,0.432620945
bo,54,100,2.38E-05,1.51E-05,0.433014449
gotten,73,136,3.21E-05,2.05E-05,0.433057102
happen,244,460,0.000107399,6.93E-05,0.433144821
novas,81,151,3.57E-05,2.27E-05,0.434070362
como,1726,3265,0.000759716,0.000491831,0.434094486
recht,62,115,2.73E-05,1.73E-05,0.434332705
qualquer,248,467,0.00010916,7.03E-05,0.434367032
regi,71,132,3.13E-05,1.99E-05,0.434571029
acordo,71,132,3.13E-05,1.99E-05,0.434571029
nosso,191,359,8.41E-05,5.41E-05,0.434716367
te,846,1598,0.000372375,0.000240718,0.434810865
concluir,52,96,2.29E-05,1.45E-05,0.435057265
hallo,244,459,0.000107399,6.91E-05,0.435290107
weeks,627,1183,0.00027598,0.000178204,0.435422107
tarde,79,147,3.48E-05,2.21E-05,0.435461531
sistemas,88,164,3.87E-05,2.47E-05,0.435542567
meta,51,94,2.24E-05,1.42E-05,0.436137881
arte,60,111,2.64E-05,1.67E-05,0.436157643
wallets,69,128,3.04E-05,1.93E-05,0.436172415
disso,114,213,5.02E-05,3.21E-05,0.436211973
delivered,167,313,7.35E-05,4.71E-05,0.436579145
expert,122,228,5.37E-05,3.43E-05,0.436689436
russia,345,649,0.000151855,9.78E-05,0.436761932
abaixo,175,328,7.70E-05,4.94E-05,0.436897379
sitting,59,109,2.60E-05,1.64E-05,0.437116122
tulo,112,209,4.93E-05,3.15E-05,0.437240878
informationen,50,92,2.20E-05,1.39E-05,0.437261079
emocional,50,92,2.20E-05,1.39E-05,0.437261079
diferen,85,158,3.74E-05,2.38E-05,0.437540003
natureza,120,224,5.28E-05,3.37E-05,0.437659268
efeito,67,124,2.95E-05,1.87E-05,0.437869067
heres,93,173,4.09E-05,2.61E-05,0.438052022
auch,84,156,3.70E-05,2.35E-05,0.438237625
contacts,118,220,5.19E-05,3.31E-05,0.438662343
consci,57,105,2.51E-05,1.58E-05,0.439133103
joint,134,250,5.90E-05,3.77E-05,0.439247222
todos,466,875,0.000205114,0.000131808,0.439530442
edge,99,184,4.36E-05,2.77E-05,0.439693614
responda,56,103,2.46E-05,1.55E-05,0.440195147
detalhes,81,150,3.57E-05,2.26E-05,0.440434198
per,1289,2421,0.000567366,0.000364693,0.440972139
pessoas,329,616,0.000144813,9.28E-05,0.441236853
hora,63,116,2.77E-05,1.75E-05,0.44158433
practically,63,116,2.77E-05,1.75E-05,0.44158433
revealed,79,146,3.48E-05,2.20E-05,0.441991593
hence,120,223,5.28E-05,3.36E-05,0.442004485
exemplo,192,358,8.45E-05,5.39E-05,0.442615775
sans,78,144,3.43E-05,2.17E-05,0.442800348
nossa,199,371,8.76E-05,5.59E-05,0.44298284
dvds,53,97,2.33E-05,1.46E-05,0.443619529
equipment,165,307,7.26E-05,4.62E-05,0.443643103
uma,3031,5679,0.001334124,0.000855469,0.443961841
trusted,124,230,5.46E-05,3.46E-05,0.444167418
128,60,110,2.64E-05,1.66E-05,0.444694601
vel,870,1627,0.000382939,0.000245087,0.444799592
card,900,1683,0.000396144,0.000253522,0.444909455
dados,99,183,4.36E-05,2.76E-05,0.444952951
werden,224,417,9.86E-05,6.28E-05,0.445120364
seguir,67,123,2.95E-05,1.85E-05,0.445553228
menos,269,501,0.000118403,7.55E-05,0.445615531
prio,113,209,4.97E-05,3.15E-05,0.445953867
stream,82,151,3.61E-05,2.27E-05,0.446007681
outros,306,570,0.000134689,8.59E-05,0.446030095
algumas,128,237,5.63E-05,3.57E-05,0.44620179
tudo,305,568,0.000134249,8.56E-05,0.446255339
tempo,412,768,0.000181346,0.000115689,0.446389499
homem,196,364,8.63E-05,5.48E-05,0.446675627
outras,196,364,8.63E-05,5.48E-05,0.446675627
homens,104,192,4.58E-05,2.89E-05,0.446777905
prov,81,149,3.57E-05,2.24E-05,0.446838792
apenas,340,633,0.000149654,9.54E-05,0.446965734
muitas,126,233,5.55E-05,3.51E-05,0.447284249
growing,270,502,0.000118843,7.56E-05,0.447327123
longo,95,175,4.18E-05,2.64E-05,0.447755311
nada,147,272,6.47E-05,4.10E-05,0.448117767
repair,72,132,3.17E-05,1.99E-05,0.448126533
citizens,72,132,3.17E-05,1.99E-05,0.448126533
meio,191,354,8.41E-05,5.33E-05,0.448485438
parties,138,255,6.07E-05,3.84E-05,0.448882446
tipo,144,266,6.34E-05,4.01E-05,0.449584015
valued,129,238,5.68E-05,3.59E-05,0.449752688
uso,77,141,3.39E-05,2.12E-05,0.450380655
foi,700,1301,0.000308112,0.000195979,0.450605959
quina,55,100,2.42E-05,1.51E-05,0.450629251
desse,120,221,5.28E-05,3.33E-05,0.450751975
lhe,263,487,0.000115762,7.34E-05,0.451215344
excellent,169,312,7.44E-05,4.70E-05,0.451458638
expiration,104,191,4.58E-05,2.88E-05,0.451824892
great,972,1805,0.000427835,0.0002719,0.451966877
media,649,1204,0.000285664,0.000181367,0.452287463
desenvolvimento,75,137,3.30E-05,2.06E-05,0.45229431
nas,308,570,0.000135569,8.59E-05,0.452496919
florida,117,215,5.15E-05,3.24E-05,0.452621655
pelo,461,854,0.000202914,0.000128644,0.452903024
ticas,73,133,3.21E-05,2.00E-05,0.454313624
sendo,114,209,5.02E-05,3.15E-05,0.454591595
journey,86,157,3.79E-05,2.37E-05,0.45502573
12px,85,155,3.74E-05,2.33E-05,0.455929808
freedom,193,355,8.50E-05,5.35E-05,0.456011355
sal,51,92,2.24E-05,1.39E-05,0.456211124
unser,64,116,2.82E-05,1.75E-05,0.456788684
decis,84,153,3.70E-05,2.30E-05,0.456855691
se,3178,5878,0.001398828,0.000885446,0.456884787
grandes,117,214,5.15E-05,3.22E-05,0.457143716
tais,57,103,2.51E-05,1.55E-05,0.457210491
decide,170,312,7.48E-05,4.70E-05,0.457280329
prazo,103,188,4.53E-05,2.83E-05,0.45766613
passado,50,90,2.20E-05,1.36E-05,0.457745526
essa,387,713,0.000170342,0.000107404,0.457792518
65,235,432,0.000103438,6.51E-05,0.457794614
resulting,116,212,5.11E-05,3.19E-05,0.457830103
essas,162,297,7.13E-05,4.47E-05,0.457948656
mundo,319,587,0.000140411,8.84E-05,0.458280718
return,600,1106,0.000264096,0.000166605,0.458482935
es,2782,5137,0.001224525,0.000773823,0.458489098
fato,174,319,7.66E-05,4.81E-05,0.458503334
donation,56,101,2.46E-05,1.52E-05,0.458605352
send,2758,5092,0.001213961,0.000767045,0.45861905
windows,818,1508,0.000360051,0.000227161,0.458967217
enviado,133,243,5.85E-05,3.66E-05,0.459536507
beautiful,158,289,6.95E-05,4.35E-05,0.459997851
pode,563,1036,0.00024781,0.00015606,0.460060489
needed,419,770,0.000184427,0.000115991,0.460566923
away,481,884,0.000211717,0.000133163,0.460904253
posi,188,344,8.28E-05,5.18E-05,0.46096183
luck,118,215,5.19E-05,3.24E-05,0.460970907
pela,470,863,0.000206875,0.00013,0.461740711
rep,60,108,2.64E-05,1.63E-05,0.461990315
segundo,129,235,5.68E-05,3.54E-05,0.462091493
92,110,200,4.84E-05,3.01E-05,0.462216301
novo,147,268,6.47E-05,4.04E-05,0.462577325
food,153,279,6.73E-05,4.20E-05,0.46271428
drive,358,656,0.000157577,9.88E-05,0.462892886
accordance,53,95,2.33E-05,1.43E-05,0.463106018
cria,59,106,2.60E-05,1.60E-05,0.4634015
um,4084,7500,0.001797613,0.001129779,0.464108677
noch,284,519,0.000125005,7.82E-05,0.464591814
passo,58,104,2.55E-05,1.57E-05,0.464861607
featuring,58,104,2.55E-05,1.57E-05,0.464861607
edition,270,493,0.000118843,7.43E-05,0.465179836
sie,3578,6561,0.001574892,0.000988331,0.465547818
assigned,184,335,8.10E-05,5.05E-05,0.465717783
o,23589,43256,0.01038293,0.006515964,0.465850795
todas,273,498,0.000120164,7.50E-05,0.466180478
ponto,165,300,7.26E-05,4.52E-05,0.466214625
muitos,117,212,5.15E-05,3.19E-05,0.466249652
check,1267,2320,0.000557683,0.000349478,0.46628232
lista,57,102,2.51E-05,1.54E-05,0.466373227
rias,229,417,0.000100797,6.28E-05,0.466977065
cie,98,177,4.31E-05,2.67E-05,0.467179951
ainda,353,644,0.000155376,9.70E-05,0.467192679
antes,227,413,9.99E-05,6.22E-05,0.467778497
doesn,115,208,5.06E-05,3.13E-05,0.467803529
significa,109,197,4.80E-05,2.97E-05,0.467893978
seguinte,67,120,2.95E-05,1.81E-05,0.468966471
meios,61,109,2.68E-05,1.64E-05,0.469236097
humana,61,109,2.68E-05,1.64E-05,0.469236097
attract,72,129,3.17E-05,1.94E-05,0.470003106
rebro,83,149,3.65E-05,2.24E-05,0.470572608
passe,60,107,2.64E-05,1.61E-05,0.470751659
caminho,77,138,3.39E-05,2.08E-05,0.470909852
princ,134,242,5.90E-05,3.65E-05,0.470915672
terra,134,242,5.90E-05,3.65E-05,0.470915672
alguns,162,293,7.13E-05,4.41E-05,0.471209759
matem,54,96,2.38E-05,1.45E-05,0.471245965
totally,105,189,4.62E-05,2.85E-05,0.471361758
79,116,209,5.11E-05,3.15E-05,0.471646392
sem,459,834,0.000202033,0.000125631,0.472089394
mais,1915,3487,0.000842906,0.000525272,0.472222954
forte,87,156,3.83E-05,2.35E-05,0.472420456
honor,70,125,3.08E-05,1.88E-05,0.472639555
resposta,81,145,3.57E-05,2.18E-05,0.472875409
que,8535,15538,0.003756764,0.002340601,0.472989117
wells,53,94,2.33E-05,1.42E-05,0.472993534
ou,1872,3406,0.000823979,0.00051307,0.472997926
grande,354,642,0.000155817,9.67E-05,0.473082108
linha,114,205,5.02E-05,3.09E-05,0.473315362
hands,125,225,5.50E-05,3.39E-05,0.473411339
nnen,401,727,0.000176504,0.000109513,0.473858072
gera,58,103,2.55E-05,1.55E-05,0.47394115
nc,69,123,3.04E-05,1.85E-05,0.474016027
heute,233,421,0.000102557,6.34E-05,0.47472714
sich,610,1106,0.000268497,0.000166605,0.474950395
contato,128,230,5.63E-05,3.46E-05,0.475353704
stealth,95,170,4.18E-05,2.56E-05,0.475668493
next,1337,2425,0.000588494,0.000365295,0.47582421
klicken,344,622,0.000151415,9.37E-05,0.475931392
ffa,203,366,8.94E-05,5.51E-05,0.475990161
gen,89,159,3.92E-05,2.40E-05,0.47629889
keep,881,1593,0.000387781,0.000239965,0.478363556
pelos,124,222,5.46E-05,3.34E-05,0.47855893
star,97,173,4.27E-05,2.61E-05,0.479179663
thinkgeek,139,249,6.12E-05,3.75E-05,0.479185612
below,2105,3806,0.000926536,0.000573325,0.479336109
seguran,81,144,3.57E-05,2.17E-05,0.479491883
compreender,60,106,2.64E-05,1.60E-05,0.479590444
nove,65,115,2.86E-05,1.73E-05,0.479952798
em,3991,7212,0.001756678,0.001086396,0.48020796
gica,70,124,3.08E-05,1.87E-05,0.48026512
aos,318,572,0.000139971,8.62E-05,0.480755855
wurden,147,263,6.47E-05,3.96E-05,0.480950841
killed,54,95,2.38E-05,1.43E-05,0.481036674
novos,54,95,2.38E-05,1.43E-05,0.481036674
newest,59,104,2.60E-05,1.57E-05,0.481316952
luz,95,169,4.18E-05,2.55E-05,0.48134586
explica,64,113,2.82E-05,1.70E-05,0.481554999
podemos,105,187,4.62E-05,2.82E-05,0.481637309
rica,79,140,3.48E-05,2.11E-05,0.482093608
drew,79,140,3.48E-05,2.11E-05,0.482093608
700,145,259,6.38E-05,3.90E-05,0.482407717
mastercard,175,313,7.70E-05,4.71E-05,0.482757559
neste,73,129,3.21E-05,1.94E-05,0.483377313
seu,1466,2639,0.000645274,0.000397532,0.483437107
till,78,138,3.43E-05,2.08E-05,0.483445759
sas,88,156,3.87E-05,2.35E-05,0.483559914
somente,93,165,4.09E-05,2.49E-05,0.483608009
ncias,355,637,0.000156257,9.60E-05,0.483623339
faz,128,228,5.63E-05,3.43E-05,0.483841333
parte,287,514,0.000126326,7.74E-05,0.484574603
64,142,253,6.25E-05,3.81E-05,0.484672979
seria,142,253,6.25E-05,3.81E-05,0.484672979
quatro,82,145,3.61E-05,2.18E-05,0.484812728
opini,57,100,2.51E-05,1.51E-05,0.48495448
moneymaking,52,91,2.29E-05,1.37E-05,0.484998506
effective,379,679,0.000166821,0.000102283,0.4854257
sold,255,456,0.000112241,6.87E-05,0.48545101
50,1873,3362,0.000824419,0.000506442,0.486508413
vamos,66,116,2.91E-05,1.75E-05,0.486520969
livro,169,301,7.44E-05,4.53E-05,0.486590481
consultant,56,98,2.46E-05,1.48E-05,0.486872199
asap,183,326,8.05E-05,4.91E-05,0.487031673
al,554,992,0.000243849,0.000149432,0.487127787
produ,129,229,5.68E-05,3.45E-05,0.487235453
diferentes,129,229,5.68E-05,3.45E-05,0.487235453
einl,80,141,3.52E-05,2.12E-05,0.487526555
trabalho,401,717,0.000176504,0.000108007,0.487582515
acima,109,193,4.80E-05,2.91E-05,0.487732114
ich,206,367,9.07E-05,5.53E-05,0.487819184
ag,162,288,7.13E-05,4.34E-05,0.488037328
makers,60,105,2.64E-05,1.58E-05,0.48850805
alem,74,130,3.26E-05,1.96E-05,0.489229513
senha,50,87,2.20E-05,1.31E-05,0.489281126
prezado,93,164,4.09E-05,2.47E-05,0.489451247
verified,93,164,4.09E-05,2.47E-05,0.489451247
prizes,69,121,3.04E-05,1.82E-05,0.489563789
service,1614,2887,0.000710418,0.00043489,0.489870903
movie,97,171,4.27E-05,2.58E-05,0.490375577
kostenlos,225,400,9.90E-05,6.03E-05,0.490486004
mente,177,314,7.79E-05,4.73E-05,0.490852844
ein,554,988,0.000243849,0.00014883,0.491141284
basta,68,119,2.99E-05,1.79E-05,0.491226971
porque,247,439,0.000108719,6.61E-05,0.491299666
listing,181,321,7.97E-05,4.84E-05,0.49132349
5000,82,144,3.61E-05,2.17E-05,0.491429201
purchased,124,219,5.46E-05,3.30E-05,0.491766924
classe,58,101,2.55E-05,1.52E-05,0.492351356
falar,72,126,3.17E-05,1.90E-05,0.492368988
mero,184,326,8.10E-05,4.91E-05,0.492414631
povo,95,167,4.18E-05,2.52E-05,0.492798216
ser,1280,2282,0.000563405,0.000343754,0.49293974
bigger,85,149,3.74E-05,2.24E-05,0.493756166
friends,402,714,0.000176944,0.000107555,0.494213496
ncia,1600,2848,0.000704256,0.000429015,0.494740754
jul,226,400,9.95E-05,6.03E-05,0.494876369
normal,354,628,0.000155817,9.46E-05,0.494902115
withdrawal,75,131,3.30E-05,1.97E-05,0.494963364
todo,317,562,0.000139531,8.47E-05,0.495061648
esse,394,699,0.000173423,0.000105295,0.495260976
rodrigo,111,195,4.89E-05,2.94E-05,0.49557822
teilnehmer,70,122,3.08E-05,1.84E-05,0.495692946
lock,56,97,2.46E-05,1.46E-05,0.496474873
econ,65,113,2.86E-05,1.70E-05,0.496531638
pack,74,129,3.26E-05,1.94E-05,0.496575009
greatest,92,161,4.05E-05,2.43E-05,0.496636911
sucesso,114,200,5.02E-05,3.01E-05,0.497224107
amos,69,120,3.04E-05,1.81E-05,0.49742927
placed,172,303,7.57E-05,4.56E-05,0.497474756
constru,51,88,2.24E-05,1.33E-05,0.497608421
sale,373,660,0.00016418,9.94E-05,0.497666364
dass,175,308,7.70E-05,4.64E-05,0.49852387
make,2993,5309,0.001317398,0.000799733,0.498645279
assunto,143,251,6.29E-05,3.78E-05,0.499313265
http,3356,5949,0.001477176,0.000896141,0.499351511
overseas,81,141,3.57E-05,2.12E-05,0.499608096
pc,389,687,0.000171222,0.000103488,0.499715235
trigrama,50,86,2.20E-05,1.30E-05,0.500017932
discovery,142,249,6.25E-05,3.75E-05,0.500198923
24,1241,2196,0.000546238,0.000330799,0.500353987
21,1567,2773,0.00068973,0.000417717,0.50055428
businesses,299,527,0.000131608,7.94E-05,0.500558004
onde,194,341,8.54E-05,5.14E-05,0.500601303
top,788,1393,0.000346846,0.000209838,0.500671219
ft,89,155,3.92E-05,2.33E-05,0.500744238
nos,663,1171,0.000291826,0.000176396,0.501192817
accept,444,783,0.000195431,0.000117949,0.501616606
aprender,58,100,2.55E-05,1.51E-05,0.501685139
pagar,123,215,5.41E-05,3.24E-05,0.501702469
poder,248,436,0.00010916,6.57E-05,0.502058
lares,62,107,2.73E-05,1.61E-05,0.502363899
hoje,148,259,6.51E-05,3.90E-05,0.502573499
seja,288,506,0.000126766,7.62E-05,0.503510623
sua,1758,3102,0.000773801,0.000467277,0.503546845
t,5273,9307,0.002320963,0.001401981,0.503813792
daughter,57,98,2.51E-05,1.48E-05,0.503887543
gente,57,98,2.51E-05,1.48E-05,0.503887543
parece,112,195,4.93E-05,2.94E-05,0.504367793
career,116,202,5.11E-05,3.04E-05,0.504646702
agencies,137,239,6.03E-05,3.60E-05,0.504830747
afraid,65,112,2.86E-05,1.69E-05,0.504925282
510,86,149,3.79E-05,2.24E-05,0.505149457
trabalhadores,52,89,2.29E-05,1.34E-05,0.505694938
us,4561,8033,0.002007569,0.001210069,0.505919169
veis,324,568,0.000142612,8.56E-05,0.506253398
cinco,64,110,2.82E-05,1.66E-05,0.506950294
fontsize,476,835,0.000209516,0.000125782,0.507092254
rich,226,395,9.95E-05,5.95E-05,0.507248524
executed,68,117,2.99E-05,1.76E-05,0.507273726
muito,611,1072,0.000268938,0.000161483,0.507616949
esfor,80,138,3.52E-05,2.08E-05,0.508055752
busca,55,94,2.42E-05,1.42E-05,0.508538992
forma,372,651,0.000163739,9.81E-05,0.508590605
everyone,716,1255,0.000315154,0.00018905,0.508945063
notice,494,865,0.000217439,0.000130301,0.509012628
boa,104,180,4.58E-05,2.71E-05,0.509090916
nova,186,324,8.19E-05,4.88E-05,0.509125073
com,6965,12226,0.003065713,0.001841691,0.509379475
bastante,71,122,3.13E-05,1.84E-05,0.50943473
pria,120,208,5.28E-05,3.13E-05,0.509555611
currency,176,306,7.75E-05,4.61E-05,0.510525861
patent,58,99,2.55E-05,1.49E-05,0.511106864
esta,252,439,0.00011092,6.61E-05,0.511159564
united,756,1322,0.000332761,0.000199142,0.511395441
visited,102,176,4.49E-05,2.65E-05,0.511756728
seus,873,1525,0.00038426,0.000229722,0.512704646
fazer,377,657,0.00016594,9.90E-05,0.512779243
quest,165,286,7.26E-05,4.31E-05,0.512946101
vezes,165,286,7.26E-05,4.31E-05,0.512946101
sou,69,118,3.04E-05,1.78E-05,0.513348298
evolu,61,104,2.68E-05,1.57E-05,0.513436927
belohnung,53,90,2.33E-05,1.36E-05,0.513551224
ao,1392,2430,0.000612702,0.000366048,0.51401633
replace,223,387,9.82E-05,5.83E-05,0.514138635
entire,282,490,0.000124125,7.38E-05,0.514332251
servi,112,193,4.93E-05,2.91E-05,0.514336054
sica,108,186,4.75E-05,2.80E-05,0.514397354
importante,143,247,6.29E-05,3.72E-05,0.514960682
para,3962,6914,0.001743913,0.001041506,0.515077574
pop,119,205,5.24E-05,3.09E-05,0.515419079
surprise,99,170,4.36E-05,2.56E-05,0.515967322
without,1150,2002,0.000506184,0.000301576,0.516541844
medo,75,128,3.30E-05,1.93E-05,0.517000644
titles,179,309,7.88E-05,4.65E-05,0.51766406
quickly,256,443,0.000112681,6.67E-05,0.517832461
milh,90,154,3.96E-05,2.32E-05,0.51784679
eligible,113,194,4.97E-05,2.92E-05,0.518052492
chance,772,1341,0.000339803,0.000202005,0.518077448
delivery,401,695,0.000176504,0.000104693,0.518456161
en,2257,3924,0.000993441,0.000591101,0.518504118
clique,212,366,9.33E-05,5.51E-05,0.518900488
dj,51,86,2.24E-05,1.30E-05,0.518967977
partners,246,425,0.000108279,6.40E-05,0.519199569
come,1648,2862,0.000725383,0.000431124,0.519365945
literally,66,112,2.91E-05,1.69E-05,0.519680928
no,7764,13488,0.003417401,0.002031795,0.519761183
mica,85,145,3.74E-05,2.18E-05,0.519792783
numa,199,343,8.76E-05,5.17E-05,0.520020473
match,157,270,6.91E-05,4.07E-05,0.52016474
mil,187,322,8.23E-05,4.85E-05,0.520489756
cost,888,1539,0.000390862,0.000231831,0.52059797
states,793,1373,0.000349047,0.000206825,0.521370705
cil,216,372,9.51E-05,5.60E-05,0.521423107
rapid,65,110,2.86E-05,1.66E-05,0.521926934
legislation,65,110,2.86E-05,1.66E-05,0.521926934
mudan,95,162,4.18E-05,2.44E-05,0.522016403
complete,935,1618,0.000411549,0.000243731,0.522196233
tested,91,155,4.01E-05,2.33E-05,0.522420157
laws,158,271,6.95E-05,4.08E-05,0.522815375
450,57,96,2.51E-05,1.45E-05,0.523185997
einer,157,269,6.91E-05,4.05E-05,0.523786116
demais,75,127,3.30E-05,1.91E-05,0.524455661
ses,93,158,4.09E-05,2.38E-05,0.525246377
civil,89,151,3.92E-05,2.27E-05,0.525802167
estrat,56,94,2.46E-05,1.42E-05,0.525848877
raise,151,258,6.65E-05,3.89E-05,0.526112266
watching,107,182,4.71E-05,2.74E-05,0.526270386
increases,85,144,3.74E-05,2.17E-05,0.526409257
cient,63,106,2.77E-05,1.60E-05,0.526641784
io,63,106,2.77E-05,1.60E-05,0.526641784
aware,227,389,9.99E-05,5.86E-05,0.526671213
recommendation,110,187,4.84E-05,2.82E-05,0.527194184
lane,70,118,3.08E-05,1.78E-05,0.527281552
fight,77,130,3.39E-05,1.96E-05,0.52780864
ordered,207,354,9.11E-05,5.33E-05,0.528021794
algo,167,285,7.35E-05,4.29E-05,0.528254804
uit,55,92,2.42E-05,1.39E-05,0.528612236
vontade,55,92,2.42E-05,1.39E-05,0.528612236
geh,73,123,3.21E-05,1.85E-05,0.528620776
feito,91,154,4.01E-05,2.32E-05,0.52862602
herzlich,62,104,2.73E-05,1.57E-05,0.529118135
3000,62,104,2.73E-05,1.57E-05,0.529118135
inc,1637,2815,0.000720542,0.000424044,0.529197845
sob,105,178,4.62E-05,2.68E-05,0.529230478
ave,173,295,7.61E-05,4.44E-05,0.529372725
usd,391,670,0.000172102,0.000100927,0.529627526
deve,219,374,9.64E-05,5.63E-05,0.529805653
television,101,171,4.45E-05,2.58E-05,0.529878342
immediately,540,926,0.000237686,0.00013949,0.530013307
momento,154,262,6.78E-05,3.95E-05,0.530494368
everything,473,810,0.000208196,0.000122016,0.53095398
secure,532,911,0.000234165,0.000137231,0.531364801
lets,139,236,6.12E-05,3.56E-05,0.531377275
somos,54,90,2.38E-05,1.36E-05,0.53148188
proud,54,90,2.38E-05,1.36E-05,0.53148188
maior,245,418,0.000107839,6.30E-05,0.531513809
fedex,75,126,3.30E-05,1.90E-05,0.531966674
ar,321,548,0.000141291,8.25E-05,0.53244068
motivo,57,95,2.51E-05,1.43E-05,0.532976706
meus,85,143,3.74E-05,2.15E-05,0.5330698
unter,99,167,4.36E-05,2.52E-05,0.533097044
teilnahme,130,220,5.72E-05,3.31E-05,0.533766981
contudo,53,88,2.33E-05,1.33E-05,0.534464074
catalog,53,88,2.33E-05,1.33E-05,0.534464074
go,1510,2582,0.000664641,0.000388945,0.534744439
por,2703,4624,0.001189752,0.000696547,0.534771065
female,129,218,5.68E-05,3.28E-05,0.535041868
chances,77,129,3.39E-05,1.94E-05,0.535154136
desde,115,194,5.06E-05,2.92E-05,0.535253976
pictures,132,223,5.81E-05,3.36E-05,0.535624079
dobro,56,93,2.46E-05,1.40E-05,0.535835133
aplica,56,93,2.46E-05,1.40E-05,0.535835133
entering,73,122,3.21E-05,1.84E-05,0.536364441
designated,66,110,2.91E-05,1.66E-05,0.536682579
tokens,189,320,8.32E-05,4.82E-05,0.537105435
banco,127,214,5.59E-05,3.22E-05,0.537655893
rd,222,376,9.77E-05,5.66E-05,0.538031972
independent,276,468,0.000121484,7.05E-05,0.538308708
viel,157,265,6.91E-05,3.99E-05,0.538404204
video,459,780,0.000202033,0.000117497,0.538482315
funcion,55,91,2.42E-05,1.37E-05,0.538802009
63,92,154,4.05E-05,2.32E-05,0.539290296
allocation,379,643,0.000166821,9.69E-05,0.53936017
spend,166,280,7.31E-05,4.22E-05,0.539622813
beach,139,234,6.12E-05,3.52E-05,0.53965415
zeit,213,360,9.38E-05,5.42E-05,0.539789032
experienced,95,159,4.18E-05,2.40E-05,0.539966075
sorte,51,84,2.24E-05,1.27E-05,0.54079374
fantasy,51,84,2.24E-05,1.27E-05,0.54079374
fundo,71,118,3.13E-05,1.78E-05,0.541023336
team,1693,2877,0.000745191,0.000433383,0.541053685
informa,197,332,8.67E-05,5.00E-05,0.542000566
r,5028,8537,0.002213124,0.00128599,0.542550468
tem,501,848,0.00022052,0.00012774,0.542715449
ia,322,544,0.000141731,8.19E-05,0.542767313
entered,146,245,6.43E-05,3.69E-05,0.543317765
nica,159,267,7.00E-05,4.02E-05,0.543547404
dias,126,211,5.55E-05,3.18E-05,0.543580373
computador,60,99,2.64E-05,1.49E-05,0.543751152
falta,73,121,3.21E-05,1.82E-05,0.544168538
kyc,53,87,2.33E-05,1.31E-05,0.545086824
tigen,333,561,0.000146573,8.45E-05,0.545720536
georgia,82,136,3.61E-05,2.05E-05,0.545998684
dispon,153,256,6.73E-05,3.86E-05,0.546662754
ct,59,97,2.60E-05,1.46E-05,0.54667622
ihren,273,458,0.000120164,6.90E-05,0.548763131
obtain,157,262,6.91E-05,3.95E-05,0.549509734
claims,291,488,0.000128087,7.35E-05,0.549536446
primeiro,163,272,7.17E-05,4.10E-05,0.549940287
marketplace,77,127,3.39E-05,1.91E-05,0.550009005
started,465,781,0.000204674,0.000117648,0.550135532
arial,267,447,0.000117523,6.73E-05,0.550684505
nicht,560,940,0.00024649,0.000141599,0.551331689
droits,127,211,5.59E-05,3.18E-05,0.551346081
minha,250,418,0.00011004,6.30E-05,0.551532742
border,212,354,9.33E-05,5.33E-05,0.5516332
levering,111,184,4.89E-05,2.77E-05,0.551675756
62,114,189,5.02E-05,2.85E-05,0.551926437
now,3998,6717,0.001759759,0.00101183,0.552996284
processo,179,298,7.88E-05,4.49E-05,0.553135808
gico,60,98,2.64E-05,1.48E-05,0.553262491
suspended,110,182,4.84E-05,2.74E-05,0.553354722
ontvangen,141,234,6.21E-05,3.52E-05,0.553711971
voc,1445,2424,0.000636031,0.000365145,0.553789768
poca,119,197,5.24E-05,2.97E-05,0.553952353
nd,150,249,6.60E-05,3.75E-05,0.554166947
paket,69,113,3.04E-05,1.70E-05,0.554291161
padr,100,165,4.40E-05,2.49E-05,0.554508051
ab,280,467,0.000123245,7.03E-05,0.554689895
generated,134,222,5.90E-05,3.34E-05,0.554773565
fontfamily,286,477,0.000125886,7.19E-05,0.55482988
samsung,109,180,4.80E-05,2.71E-05,0.555066766
estados,112,185,4.93E-05,2.79E-05,0.555233508
virtually,84,138,3.70E-05,2.08E-05,0.555530072
don,711,1189,0.000312954,0.000179108,0.555690491
follow,1038,1736,0.000456886,0.000261506,0.556345195
trouble,255,424,0.000112241,6.39E-05,0.557127996
luta,71,116,3.13E-05,1.75E-05,0.557199884
900,74,121,3.26E-05,1.82E-05,0.557366234
modelo,80,131,3.52E-05,1.97E-05,0.557662607
unusual,355,591,0.000156257,8.90E-05,0.557774521
order,2861,4777,0.001259297,0.000719594,0.559026946
nothing,536,892,0.000235926,0.000134368,0.559746421
ecosystem,67,109,2.95E-05,1.64E-05,0.559834122
fun,357,593,0.000157137,8.93E-05,0.56001597
medida,91,149,4.01E-05,2.24E-05,0.560246515
legal,661,1100,0.000290946,0.000165701,0.560366121
resgate,121,199,5.33E-05,3.00E-05,0.560536294
tax,331,549,0.000145693,8.27E-05,0.561104235
letter,816,1357,0.00035917,0.000204415,0.561546328
mailbox,105,172,4.62E-05,2.59E-05,0.562266133
eyes,99,162,4.36E-05,2.44E-05,0.562315231
moscow,308,510,0.000135569,7.68E-05,0.562369076
86,78,127,3.43E-05,1.91E-05,0.562544911
cada,476,789,0.000209516,0.000118853,0.563297906
popular,306,506,0.000134689,7.62E-05,0.563674738
pay,862,1430,0.000379418,0.000215411,0.564089552
gaming,104,170,4.58E-05,2.56E-05,0.564159246
microsoft,1059,1757,0.000466129,0.00026467,0.564352508
selling,319,527,0.000140411,7.94E-05,0.564832629
months,664,1100,0.000292266,0.000165701,0.564878955
returned,133,218,5.85E-05,3.28E-05,0.56505795
palavra,65,105,2.86E-05,1.58E-05,0.565740383
live,631,1044,0.000277741,0.000157265,0.566009951
pr,1064,1762,0.00046833,0.000265423,0.566221735
betting,56,90,2.46E-05,1.36E-05,0.566406567
scan,53,85,2.33E-05,1.28E-05,0.566676967
manh,50,80,2.20E-05,1.21E-05,0.56697849
pais,85,138,3.74E-05,2.08E-05,0.567054667
opportunity,860,1422,0.000378537,0.000214206,0.567356901
gewinnspiel,79,128,3.48E-05,1.93E-05,0.567470595
never,877,1449,0.00038602,0.000218273,0.568157686
surveys,70,113,3.08E-05,1.70E-05,0.568224415
lineheight,255,419,0.000112241,6.31E-05,0.568806594
gateway,64,103,2.82E-05,1.55E-05,0.568841131
holding,133,217,5.85E-05,3.27E-05,0.569519485
win,479,789,0.000210837,0.000118853,0.569550898
communities,349,574,0.000153616,8.65E-05,0.569695669
dear,859,1417,0.000378097,0.000213453,0.569702476
seres,75,121,3.30E-05,1.82E-05,0.570392017
85,184,301,8.10E-05,4.53E-05,0.570545562
mc,72,116,3.17E-05,1.75E-05,0.570755388
withdraw,66,106,2.91E-05,1.60E-05,0.571578422
cabe,137,223,6.03E-05,3.36E-05,0.572185367
valores,60,96,2.64E-05,1.45E-05,0.572560944
potencial,60,96,2.64E-05,1.45E-05,0.572560944
wheel,57,91,2.51E-05,1.37E-05,0.573127237
medium,108,175,4.75E-05,2.64E-05,0.573194293
enterprises,85,137,3.74E-05,2.06E-05,0.573992468
extract,51,81,2.24E-05,1.22E-05,0.574452421
wir,725,1188,0.000319116,0.000178957,0.57596493
contains,428,700,0.000188388,0.000105446,0.576161565
desses,70,112,3.08E-05,1.69E-05,0.576618059
ensuring,56,89,2.46E-05,1.34E-05,0.576808325
military,134,217,5.90E-05,3.27E-05,0.576884813
excess,120,194,5.28E-05,2.92E-05,0.577006059
zip,170,276,7.48E-05,4.16E-05,0.577168878
reach,359,586,0.000158017,8.83E-05,0.57730972
podem,231,376,0.000101677,5.66E-05,0.577377543
mitchell,50,79,2.20E-05,1.19E-05,0.578587836
pequeno,61,97,2.68E-05,1.46E-05,0.578796196
atrav,152,246,6.69E-05,3.71E-05,0.579020564
width,610,996,0.000268497,0.000150035,0.579049595
iphone,91,146,4.01E-05,2.20E-05,0.57971015
won,264,429,0.000116202,6.46E-05,0.57996868
apesar,66,105,2.91E-05,1.58E-05,0.580496028
opportunities,358,582,0.000157577,8.77E-05,0.581310242
response,710,1156,0.000312513,0.000174137,0.582275879
educa,60,95,2.64E-05,1.43E-05,0.582351653
email,9908,16164,0.004361104,0.0024349,0.582638024
freundlichen,87,139,3.83E-05,2.09E-05,0.582822903
self,190,307,8.36E-05,4.62E-05,0.582932985
sico,57,90,2.51E-05,1.36E-05,0.583421911
dom,84,134,3.70E-05,2.02E-05,0.583574836
n,8047,13115,0.003541966,0.001975607,0.583582378
unidos,81,129,3.57E-05,1.94E-05,0.584381577
twenty,116,186,5.11E-05,2.80E-05,0.58443443
desta,54,85,2.38E-05,1.28E-05,0.584607623
news,1227,1994,0.000540076,0.000300371,0.585219078
abzumelden,78,124,3.43E-05,1.87E-05,0.585249344
einfach,169,272,7.44E-05,4.10E-05,0.585600643
rg,51,80,2.24E-05,1.21E-05,0.585928536
erfolg,67,106,2.95E-05,1.60E-05,0.586119501
programa,91,145,4.01E-05,2.18E-05,0.586283133
automatically,288,465,0.000126766,7.00E-05,0.586868745
results,909,1474,0.000400105,0.000222039,0.586876045
tip,80,127,3.52E-05,1.91E-05,0.587154905
empresas,64,101,2.82E-05,1.52E-05,0.587251337
250,420,679,0.000184867,0.000102283,0.58756235
est,1646,2669,0.000724503,0.000402051,0.587802773
boyfriend,61,96,2.68E-05,1.45E-05,0.588491975
sticos,53,83,2.33E-05,1.25E-05,0.588743549
machen,164,263,7.22E-05,3.96E-05,0.588805765
shall,375,605,0.00016506,9.11E-05,0.589088184
le,1916,3102,0.000843346,0.000467277,0.589503288
s21,58,91,2.55E-05,1.37E-05,0.589857897
76,126,201,5.55E-05,3.03E-05,0.590617223
diante,84,133,3.70E-05,2.00E-05,0.590710666
gain,186,298,8.19E-05,4.49E-05,0.591024888
planet,68,107,2.99E-05,1.61E-05,0.591613378
care,321,516,0.000141291,7.77E-05,0.591867213
serious,208,333,9.16E-05,5.02E-05,0.592783147
problema,122,194,5.37E-05,2.92E-05,0.593230712
goals,179,286,7.88E-05,4.31E-05,0.593323582
claro,101,160,4.45E-05,2.41E-05,0.593802146
48,486,781,0.000213918,0.000117648,0.594096639
wie,165,263,7.26E-05,3.96E-05,0.594801997
formas,85,134,3.74E-05,2.02E-05,0.595099432
sim,90,142,3.96E-05,2.14E-05,0.595486123
duo,72,113,3.17E-05,1.70E-05,0.595521703
europa,54,84,2.38E-05,1.27E-05,0.595580049
segunda,95,150,4.18E-05,2.26E-05,0.595833187
rede,105,166,4.62E-05,2.50E-05,0.596430537
legitimate,125,198,5.50E-05,2.98E-05,0.597344318
lie,51,79,2.24E-05,1.19E-05,0.597537881
plane,51,79,2.24E-05,1.19E-05,0.597537881
conjunto,61,95,2.68E-05,1.43E-05,0.598282684
lead,661,1058,0.000290946,0.000159374,0.59905786
provided,642,1026,0.000282583,0.000154554,0.600511819
screen,428,682,0.000188388,0.000102735,0.601964326
month,886,1415,0.000389982,0.000213152,0.601975954
married,55,85,2.42E-05,1.28E-05,0.602222426
sky,60,93,2.64E-05,1.40E-05,0.602225424
wifi,70,109,3.08E-05,1.64E-05,0.602230176
aid,90,141,3.96E-05,2.12E-05,0.60223659
bom,125,197,5.50E-05,2.97E-05,0.602242963
magazine,130,205,5.72E-05,3.09E-05,0.602243598
personal,677,1079,0.000297988,0.000162538,0.603361348
purchasing,97,152,4.27E-05,2.29E-05,0.603498158
150,303,481,0.000133368,7.25E-05,0.603891977
andere,57,88,2.51E-05,1.33E-05,0.604334761
liquid,52,80,2.29E-05,1.21E-05,0.604526145
banner,52,80,2.29E-05,1.21E-05,0.604526145
78,104,163,4.58E-05,2.46E-05,0.604594823
forgot,136,214,5.99E-05,3.22E-05,0.60495999
crash,84,131,3.70E-05,1.97E-05,0.605136927
benefits,257,407,0.000113121,6.13E-05,0.605148402
livelo,138,217,6.07E-05,3.27E-05,0.60581534
sa,472,749,0.000207755,0.000112827,0.606481145
cancel,81,126,3.57E-05,1.90E-05,0.606747459
over,2803,4460,0.001233768,0.000671842,0.607127761
99,1228,1952,0.000540516,0.000294044,0.607249028
ximo,71,110,3.13E-05,1.66E-05,0.607361495
get,4529,7202,0.001993484,0.001084889,0.607985975
owe,61,94,2.68E-05,1.42E-05,0.6081702
atualiza,78,121,3.43E-05,1.82E-05,0.608481268
pot,1977,3139,0.000870196,0.00047285,0.608975568
weil,51,78,2.24E-05,1.17E-05,0.609283589
conseguir,51,78,2.24E-05,1.17E-05,0.609283589
finden,68,105,2.99E-05,1.58E-05,0.609369769
humanos,63,97,2.77E-05,1.46E-05,0.609916504
addresses,1233,1954,0.000542717,0.000294345,0.610284338
debts,75,116,3.30E-05,1.75E-05,0.610353074
culos,104,162,4.58E-05,2.44E-05,0.610507156
profits,186,292,8.19E-05,4.40E-05,0.610916907
quais,169,265,7.44E-05,3.99E-05,0.61104375
assure,53,81,2.33E-05,1.22E-05,0.611308074
ess,53,81,2.33E-05,1.22E-05,0.611308074
copying,147,230,6.47E-05,3.46E-05,0.611499372
regulations,65,100,2.86E-05,1.51E-05,0.61156176
ci,183,287,8.05E-05,4.32E-05,0.611738583
outstanding,178,279,7.83E-05,4.20E-05,0.612002771
nessa,113,176,4.97E-05,2.65E-05,0.612048501
tue,250,393,0.00011004,5.92E-05,0.612210577
cyber,72,111,3.17E-05,1.67E-05,0.612380041
wird,120,187,5.28E-05,2.82E-05,0.612517828
contacted,103,160,4.53E-05,2.41E-05,0.612983356
ncipe,55,84,2.42E-05,1.27E-05,0.613194851
alt,146,228,6.43E-05,3.43E-05,0.613265277
want,2202,3479,0.000969232,0.000524067,0.614009416
hexagrama,81,125,3.57E-05,1.88E-05,0.614315314
resultados,81,125,3.57E-05,1.88E-05,0.614315314
material,503,791,0.0002214,0.000119154,0.615704657
eff,71,109,3.13E-05,1.64E-05,0.615971959
cryptocurrency,59,90,2.60E-05,1.36E-05,0.616607915
saber,118,183,5.19E-05,2.76E-05,0.616898982
client,498,782,0.0002192,0.000117798,0.617107154
republic,122,189,5.37E-05,2.85E-05,0.618466929
maiores,82,126,3.61E-05,1.90E-05,0.618684777
rewards,286,447,0.000125886,6.73E-05,0.618866987
36,368,576,0.000161979,8.68E-05,0.618934137
sensitive,110,170,4.84E-05,2.56E-05,0.619081949
enjoy,267,417,0.000117523,6.28E-05,0.619104639
wealth,124,192,5.46E-05,2.89E-05,0.619214517
shortly,220,343,9.68E-05,5.17E-05,0.619265149
exclusivamente,56,85,2.46E-05,1.28E-05,0.619532311
floppy,56,85,2.46E-05,1.28E-05,0.619532311
feel,704,1104,0.000309873,0.000166304,0.619573367
improved,91,140,4.01E-05,2.11E-05,0.619812165
simples,137,212,6.03E-05,3.19E-05,0.621272027
este,404,631,0.000177825,9.51E-05,0.621514587
nossos,183,284,8.05E-05,4.28E-05,0.622007776
days,1374,2150,0.00060478,0.00032387,0.623090976
phishing,2067,3235,0.00090981,0.000487311,0.623381302
versand,55,83,2.42E-05,1.25E-05,0.624289008
lease,55,83,2.42E-05,1.25E-05,0.624289008
miss,278,432,0.000122364,6.51E-05,0.624348075
every,1443,2254,0.000635151,0.000339536,0.624913587
nios,64,97,2.82E-05,1.46E-05,0.625120858
sport,64,97,2.82E-05,1.46E-05,0.625120858
webmaster,57,86,2.51E-05,1.30E-05,0.625694317
administration,596,928,0.000262335,0.000139791,0.626148946
whatsapp,50,75,2.20E-05,1.13E-05,0.62642184
valid,301,467,0.000132488,7.03E-05,0.626448867
temos,123,189,5.41E-05,2.85E-05,0.626481597
multilevel,200,309,8.80E-05,4.65E-05,0.627278777
nico,168,259,7.39E-05,3.90E-05,0.627523749
skeptical,52,78,2.29E-05,1.17E-05,0.627881198
enable,179,276,7.88E-05,4.16E-05,0.628092949
disclose,61,92,2.68E-05,1.39E-05,0.628243443
expand,95,145,4.18E-05,2.18E-05,0.628274399
earned,81,123,3.57E-05,1.85E-05,0.62962504
conta,399,618,0.000175624,9.31E-05,0.629729627
14px,65,98,2.86E-05,1.48E-05,0.630494823
sur,681,1056,0.000299749,0.000159073,0.630646064
bitte,280,432,0.000123245,6.51E-05,0.631458662
mi,143,219,6.29E-05,3.30E-05,0.631936563
ximos,60,90,2.64E-05,1.36E-05,0.632796858
emailing,109,166,4.80E-05,2.50E-05,0.633040559
conditions,559,864,0.000246049,0.000130151,0.633242048
worry,100,152,4.40E-05,2.29E-05,0.63327056
57,213,327,9.38E-05,4.93E-05,0.634107319
yahoo,355,547,0.000156257,8.24E-05,0.634248635
imp,104,158,4.58E-05,2.38E-05,0.63451237
valor,323,497,0.000142172,7.49E-05,0.635066171
conflict,170,260,7.48E-05,3.92E-05,0.635443773
step,468,720,0.000205995,0.000108459,0.637145382
82,83,125,3.65E-05,1.88E-05,0.638049131
appearance,85,128,3.74E-05,1.93E-05,0.638698802
theft,50,74,2.20E-05,1.11E-05,0.638746607
celebrity,50,74,2.20E-05,1.11E-05,0.638746607
virus,74,111,3.26E-05,1.67E-05,0.638951944
popula,65,97,2.86E-05,1.46E-05,0.640097497
samples,78,117,3.43E-05,1.76E-05,0.640321341
extra,315,482,0.00013865,7.26E-05,0.640399657
residential,54,80,2.38E-05,1.21E-05,0.640714845
successful,371,568,0.000163299,8.56E-05,0.640829423
reward,336,514,0.000147894,7.74E-05,0.641057536
acesse,119,180,5.24E-05,2.71E-05,0.641125141
services,1227,1885,0.000540076,0.000283951,0.641242074
ever,753,1155,0.00033144,0.000173986,0.641754458
ms,415,635,0.000182666,9.57E-05,0.641976442
learn,642,984,0.000282583,0.000148227,0.642034592
gratulieren,71,106,3.13E-05,1.60E-05,0.642257338
einkaufsgutschein,71,106,3.13E-05,1.60E-05,0.642257338
ready,579,886,0.000254853,0.000133465,0.643300389
checks,204,310,8.98E-05,4.67E-05,0.643697973
expensive,120,181,5.28E-05,2.73E-05,0.643993613
gewinn,77,115,3.39E-05,1.73E-05,0.644093893
clientes,124,187,5.46E-05,2.82E-05,0.644708092
claim,909,1390,0.000400105,0.000209386,0.645281182
condi,209,317,9.20E-05,4.78E-05,0.645782291
hlten,53,78,2.33E-05,1.17E-05,0.646139242
ambiente,53,78,2.33E-05,1.17E-05,0.646139242
tornar,70,104,3.08E-05,1.57E-05,0.646431005
absolute,87,130,3.83E-05,1.96E-05,0.646611691
bottom,212,321,9.33E-05,4.84E-05,0.647598415
envelope,110,165,4.84E-05,2.49E-05,0.647796705
atividade,76,113,3.35E-05,1.70E-05,0.64797768
kept,129,194,5.68E-05,2.92E-05,0.648029549
multi,184,278,8.10E-05,4.19E-05,0.64825101
compaq,78,116,3.43E-05,1.75E-05,0.648442325
decided,339,514,0.000149214,7.74E-05,0.649887046
car,503,763,0.0002214,0.000114936,0.651439222
quero,94,140,4.14E-05,2.11E-05,0.651469761
occur,203,306,8.94E-05,4.61E-05,0.651551388
phones,73,108,3.21E-05,1.63E-05,0.65158692
site,1880,2859,0.0008275,0.000430672,0.651951726
discounted,54,79,2.38E-05,1.19E-05,0.65232419
automation,58,85,2.55E-05,1.28E-05,0.653278314
gutschein,237,357,0.000104318,5.38E-05,0.65370382
certa,112,167,4.93E-05,2.52E-05,0.653868759
103,164,246,7.22E-05,3.71E-05,0.653928334
ihrer,62,91,2.73E-05,1.37E-05,0.654114424
tipos,66,97,2.91E-05,1.46E-05,0.654853142
manager,658,995,0.000289625,0.000149884,0.655522716
afford,101,150,4.45E-05,2.26E-05,0.655688352
hidden,132,197,5.81E-05,2.97E-05,0.655784068
tenha,169,253,7.44E-05,3.81E-05,0.656225616
receber,138,206,6.07E-05,3.10E-05,0.656252716
1000,301,453,0.000132488,6.82E-05,0.656452931
netflix,78,115,3.43E-05,1.73E-05,0.656629799
torna,86,127,3.79E-05,1.91E-05,0.657547111
classified,90,133,3.96E-05,2.00E-05,0.657946381
expiram,59,86,2.60E-05,1.30E-05,0.658880321
obter,63,92,2.77E-05,1.39E-05,0.659363752
84,114,169,5.02E-05,2.55E-05,0.659767121
stock,1174,1770,0.000516748,0.000266628,0.659890352
notifications,214,320,9.42E-05,4.82E-05,0.65994587
nach,120,178,5.28E-05,2.68E-05,0.660110996
bahngutschein,71,104,3.13E-05,1.57E-05,0.660172789
casos,75,110,3.30E-05,1.66E-05,0.660514685
anymore,75,110,3.30E-05,1.66E-05,0.660514685
app,344,516,0.000151415,7.77E-05,0.660597753
island,148,220,6.51E-05,3.31E-05,0.661353646
ihrem,103,152,4.53E-05,2.29E-05,0.662182134
empresa,115,170,5.06E-05,2.56E-05,0.66265351
decentralized,50,72,2.20E-05,1.08E-05,0.66386142
spots,52,75,2.29E-05,1.13E-05,0.663969495
dann,58,84,2.55E-05,1.27E-05,0.664250739
ro,70,102,3.08E-05,1.54E-05,0.664673284
sony,78,114,3.43E-05,1.72E-05,0.664884862
paying,185,274,8.14E-05,4.13E-05,0.667757739
hp,93,136,4.09E-05,2.05E-05,0.668685114
generate,230,341,0.000101237,5.14E-05,0.669009027
320,75,109,3.30E-05,1.64E-05,0.669125149
span,438,652,0.00019279,9.82E-05,0.669481119
trade,590,879,0.000259694,0.00013241,0.669920405
amigo,51,73,2.24E-05,1.10E-05,0.670175216
bar,401,596,0.000176504,8.98E-05,0.670556969
respective,92,134,4.05E-05,2.02E-05,0.672254058
judgment,90,131,3.96E-05,1.97E-05,0.672372642
train,434,644,0.000191029,9.70E-05,0.672574939
contacting,82,119,3.61E-05,1.79E-05,0.672903439
placing,82,119,3.61E-05,1.79E-05,0.672903439
inscription,129,189,5.68E-05,2.85E-05,0.673265766
serve,452,670,0.000198952,0.000100927,0.673822213
stronger,70,101,3.08E-05,1.52E-05,0.673920754
emerging,113,165,4.97E-05,2.49E-05,0.674166782
calling,158,232,6.95E-05,3.49E-05,0.674185448
dinheiro,248,366,0.00010916,5.51E-05,0.674202644
ex,191,281,8.41E-05,4.23E-05,0.67465705
vale,62,89,2.73E-05,1.34E-05,0.674810856
nettogutschein,60,86,2.64E-05,1.30E-05,0.675069265
dispositivo,60,86,2.64E-05,1.30E-05,0.675069265
compra,60,86,2.64E-05,1.30E-05,0.675069265
financing,167,245,7.35E-05,3.69E-05,0.675776311
enjoying,50,71,2.20E-05,1.07E-05,0.676659389
parceria,50,71,2.20E-05,1.07E-05,0.676659389
prompt,151,221,6.65E-05,3.33E-05,0.676718187
spending,114,166,5.02E-05,2.50E-05,0.676995217
build,861,1273,0.000378978,0.000191761,0.678660236
helfen,61,87,2.68E-05,1.31E-05,0.68026349
ss,61,87,2.68E-05,1.31E-05,0.68026349
unsere,162,236,7.13E-05,3.56E-05,0.682213853
exploration,74,106,3.26E-05,1.60E-05,0.682384745
todays,74,106,3.26E-05,1.60E-05,0.682384745
pick,346,507,0.000152295,7.64E-05,0.683727256
today,1777,2617,0.000782164,0.000394218,0.683905551
ver,260,380,0.000114442,5.72E-05,0.684155098
trial,159,231,7.00E-05,3.48E-05,0.684604705
horas,231,337,0.000101677,5.08E-05,0.684878
ae,81,116,3.57E-05,1.75E-05,0.685133859
seront,128,185,5.63E-05,2.79E-05,0.686276614
lido,58,82,2.55E-05,1.24E-05,0.686563515
decathlon,56,79,2.46E-05,1.19E-05,0.687248878
returns,105,151,4.62E-05,2.27E-05,0.687325932
realizar,118,170,5.19E-05,2.56E-05,0.687913352
environmental,84,120,3.70E-05,1.81E-05,0.688431061
89,144,208,6.34E-05,3.13E-05,0.688775574
industries,95,136,4.18E-05,2.05E-05,0.689460354
ri,65,92,2.86E-05,1.39E-05,0.689544745
impress,50,70,2.20E-05,1.05E-05,0.689623271
erreichen,91,130,4.01E-05,1.96E-05,0.690443805
prime,287,417,0.000126326,6.28E-05,0.690750065
gua,83,118,3.65E-05,1.78E-05,0.692691127
providers,107,153,4.71E-05,2.30E-05,0.693191021
geht,92,131,4.05E-05,1.97E-05,0.693816149
gelegenheit,79,112,3.48E-05,1.69E-05,0.693982984
high,969,1410,0.000426515,0.000212398,0.694827782
schnell,136,195,5.99E-05,2.94E-05,0.69500913
sending,525,762,0.000231084,0.000114786,0.695359032
auserw,62,87,2.73E-05,1.31E-05,0.695944699
toutes,130,186,5.72E-05,2.80E-05,0.69630787
teilzunehmen,60,84,2.64E-05,1.27E-05,0.696895027
estimated,91,129,4.01E-05,1.94E-05,0.6977893
acumulados,69,97,3.04E-05,1.46E-05,0.69785702
si,404,584,0.000177825,8.80E-05,0.698081945
juros,100,142,4.40E-05,2.14E-05,0.69838142
110,189,271,8.32E-05,4.08E-05,0.699639601
montgomery,54,75,2.38E-05,1.13E-05,0.700158194
ina,52,72,2.29E-05,1.08E-05,0.701409074
edeka,52,72,2.29E-05,1.08E-05,0.701409074
wonderful,90,127,3.96E-05,1.91E-05,0.701864939
ihnen,620,894,0.000272899,0.00013467,0.702536617
strictly,126,179,5.55E-05,2.70E-05,0.702614596
teste,59,82,2.60E-05,1.24E-05,0.70301886
total,1049,1513,0.000461728,0.000227914,0.703791708
superior,158,225,6.95E-05,3.39E-05,0.703957341
best,2437,3518,0.00107267,0.000529942,0.704185122
ratio,75,105,3.30E-05,1.58E-05,0.704328134
dito,201,287,8.85E-05,4.32E-05,0.704458598
sum,379,544,0.000166821,8.19E-05,0.70469772
honest,100,141,4.40E-05,2.12E-05,0.705131887
veja,89,125,3.92E-05,1.88E-05,0.706047118
nachrichten,80,112,3.52E-05,1.69E-05,0.706212276
auction,71,99,3.13E-05,1.49E-05,0.706418046
teams,387,554,0.000170342,8.35E-05,0.707465222
complaints,60,83,2.64E-05,1.25E-05,0.707989184
vip,60,83,2.64E-05,1.25E-05,0.707989184
land,142,201,6.25E-05,3.03E-05,0.708164705
resgatar,122,172,5.37E-05,2.59E-05,0.709371304
bc,81,113,3.57E-05,1.70E-05,0.709900174
disabled,152,215,6.69E-05,3.24E-05,0.709932521
demande,127,179,5.59E-05,2.70E-05,0.710380304
acesso,205,291,9.02E-05,4.38E-05,0.710415318
software,1981,2838,0.000871957,0.000427508,0.71157537
owned,116,163,5.11E-05,2.46E-05,0.711580128
compare,192,272,8.45E-05,4.10E-05,0.711607013
wert,199,282,8.76E-05,4.25E-05,0.711745217
search,769,1099,0.000338483,0.00016555,0.712126125
corporation,377,537,0.00016594,8.09E-05,0.712232324
gr,366,521,0.000161098,7.85E-05,0.712673602
policies,392,558,0.000172543,8.41E-05,0.713118532
none,617,880,0.000271579,0.000132561,0.713370526
rs,147,207,6.47E-05,3.12E-05,0.713747714
cliente,226,320,9.95E-05,4.82E-05,0.713946919
atendimento,94,131,4.14E-05,1.97E-05,0.714809468
sector,115,161,5.06E-05,2.43E-05,0.714948917
exclusive,494,702,0.000217439,0.000105747,0.716041888
trackingcode,50,68,2.20E-05,1.02E-05,0.716066385
airdrop,195,275,8.58E-05,4.14E-05,0.716222177
confirm,684,973,0.000301069,0.00014657,0.716353713
friend,329,466,0.000144813,7.02E-05,0.716872139
oportunidades,83,115,3.65E-05,1.73E-05,0.717055151
locate,128,179,5.63E-05,2.70E-05,0.71808617
semana,67,92,2.95E-05,1.39E-05,0.718841468
verification,485,687,0.000213478,0.000103488,0.719134803
8020,53,72,2.33E-05,1.08E-05,0.719667118
ici,91,126,4.01E-05,1.90E-05,0.720155182
bradesco,319,450,0.000140411,6.78E-05,0.720659234
ra,179,251,7.88E-05,3.78E-05,0.720704217
counting,77,106,3.39E-05,1.60E-05,0.720963872
searching,101,140,4.45E-05,2.11E-05,0.721658596
age,385,543,0.000169462,8.18E-05,0.722129706
purchase,581,821,0.000255733,0.000123673,0.722340435
arrangement,75,103,3.30E-05,1.55E-05,0.722405522
2024,586,828,0.000257934,0.000124728,0.722454
ordering,370,521,0.000162859,7.85E-05,0.723476579
avoid,327,460,0.000143932,6.93E-05,0.723592462
199,61,83,2.68E-05,1.25E-05,0.723920216
dollar,249,349,0.0001096,5.26E-05,0.724884357
guten,119,165,5.24E-05,2.49E-05,0.724908228
gutscheine,107,148,4.71E-05,2.23E-05,0.725012777
ano,201,281,8.85E-05,4.23E-05,0.725103536
graphics,264,370,0.000116202,5.57E-05,0.725495622
hosting,71,97,3.13E-05,1.46E-05,0.725532058
understood,158,220,6.95E-05,3.31E-05,0.725779074
premium,187,261,8.23E-05,3.93E-05,0.725810953
cidad,88,121,3.87E-05,1.82E-05,0.72588787
planos,64,87,2.82E-05,1.31E-05,0.726588152
powered,64,87,2.82E-05,1.31E-05,0.726588152
proposition,52,70,2.29E-05,1.05E-05,0.727170926
cor,52,70,2.29E-05,1.05E-05,0.727170926
simple,774,1089,0.000340684,0.000164044,0.727673699
77,245,342,0.000107839,5.15E-05,0.728716477
teil,216,301,9.51E-05,4.53E-05,0.72907966
patient,50,67,2.20E-05,1.01E-05,0.729554864
pour,922,1295,0.000405827,0.000195075,0.729890583
mission,114,157,5.02E-05,2.37E-05,0.730535314
pontos,946,1327,0.000416391,0.000199896,0.7312385
prospects,157,217,6.91E-05,3.27E-05,0.732845461
nicos,78,106,3.43E-05,1.60E-05,0.733499778
confirmation,416,580,0.000183106,8.74E-05,0.733986373
jahr,118,162,5.19E-05,2.44E-05,0.734261262
hinweis,51,68,2.24E-05,1.02E-05,0.73501643
segmento,56,75,2.46E-05,1.13E-05,0.735082882
companys,81,110,3.57E-05,1.66E-05,0.735295469
air,301,418,0.000132488,6.30E-05,0.735655029
million,1668,2329,0.000734187,0.000350834,0.736964538
contr,197,272,8.67E-05,4.10E-05,0.737018513
producing,79,107,3.48E-05,1.61E-05,0.737041695
discovered,162,223,7.13E-05,3.36E-05,0.737280209
records,245,339,0.000107839,5.11E-05,0.737358615
classifieds,54,72,2.38E-05,1.08E-05,0.737597774
su,190,262,8.36E-05,3.95E-05,0.737807443
consumer,228,315,0.000100356,4.75E-05,0.738096054
glichen,92,125,4.05E-05,1.88E-05,0.738387314
exclusivas,87,118,3.83E-05,1.78E-05,0.73853292
unserer,130,178,5.72E-05,2.68E-05,0.738723394
bisher,72,97,3.17E-05,1.46E-05,0.739087562
nicas,67,90,2.95E-05,1.36E-05,0.739325915
cnpj,67,90,2.95E-05,1.36E-05,0.739325915
comunicado,52,69,2.29E-05,1.04E-05,0.74030508
anexo,70,94,3.08E-05,1.42E-05,0.741164278
unsubscribe,1729,2404,0.000761036,0.000362132,0.741228102
quick,460,637,0.000202474,9.60E-05,0.741279468
toll,124,169,5.46E-05,2.55E-05,0.742273224
209,73,98,3.21E-05,1.48E-05,0.742859095
umfrage,176,241,7.75E-05,3.63E-05,0.74360344
events,575,795,0.000253092,0.000119757,0.743919071
125,130,177,5.72E-05,2.67E-05,0.744154103
operate,112,152,4.93E-05,2.29E-05,0.744216302
apologize,143,195,6.29E-05,2.94E-05,0.744394252
accepting,58,77,2.55E-05,1.16E-05,0.744625899
tower,195,267,8.58E-05,4.02E-05,0.745038622
numero,536,740,0.000235926,0.000111472,0.745046137
melhores,136,185,5.99E-05,2.79E-05,0.745874845
priority,298,409,0.000131168,6.16E-05,0.747135992
troque,116,157,5.11E-05,2.37E-05,0.747590111
cia,103,139,4.53E-05,2.09E-05,0.747682658
komplett,72,96,3.17E-05,1.45E-05,0.748783342
easily,444,610,0.000195431,9.19E-05,0.748908912
gupta,167,227,7.35E-05,3.42E-05,0.749994806
refund,104,140,4.58E-05,2.11E-05,0.750294183
bulletin,83,111,3.65E-05,1.67E-05,0.750492329
flash,112,151,4.93E-05,2.27E-05,0.750539895
highest,136,184,5.99E-05,2.77E-05,0.751106666
holidays,78,104,3.43E-05,1.57E-05,0.751415229
0,102,137,4.49E-05,2.06E-05,0.751965843
logged,214,291,9.42E-05,4.38E-05,0.752920272
y,1474,2025,0.000648796,0.00030504,0.752940727
oportunidade,121,163,5.33E-05,2.46E-05,0.752986401
135,68,90,2.99E-05,1.36E-05,0.753658577
simply,740,1013,0.000325718,0.000152596,0.754775619
warten,149,201,6.56E-05,3.03E-05,0.755543871
staking,82,109,3.61E-05,1.64E-05,0.755843253
button,580,792,0.000255293,0.000119305,0.756292561
lenders,136,183,5.99E-05,2.76E-05,0.756366003
dreams,112,150,4.93E-05,2.26E-05,0.756903731
bio,50,65,2.20E-05,9.79E-06,0.757090226
95,1118,1528,0.000492099,0.000230174,0.757539996
101,115,154,5.06E-05,2.32E-05,0.757602302
price,2019,2761,0.000888683,0.000415909,0.757995947
positive,221,299,9.73E-05,4.50E-05,0.7582508
expenses,189,255,8.32E-05,3.84E-05,0.758995736
210,64,84,2.82E-05,1.27E-05,0.759150721
motion,64,84,2.82E-05,1.27E-05,0.759150721
225,211,285,9.29E-05,4.29E-05,0.759316381
somehow,75,99,3.30E-05,1.49E-05,0.759571236
bu,56,73,2.46E-05,1.10E-05,0.759886213
crystal,56,73,2.46E-05,1.10E-05,0.759886213
choose,427,580,0.000187948,8.74E-05,0.759945191
fatura,111,148,4.89E-05,2.23E-05,0.760964628
descontos,59,77,2.60E-05,1.16E-05,0.761081243
dia,350,474,0.000154056,7.14E-05,0.761551367
tausenden,51,66,2.24E-05,9.94E-06,0.762177819
transfer,596,809,0.000262335,0.000121866,0.762337533
achieve,186,250,8.19E-05,3.77E-05,0.762482258
heart,131,175,5.77E-05,2.64E-05,0.762636558
leva,76,100,3.35E-05,1.51E-05,0.763007802
residents,79,104,3.48E-05,1.57E-05,0.76379593
500,1260,1711,0.000554601,0.00025774,0.764226228
artists,57,74,2.51E-05,1.11E-05,0.764422993
pt,196,263,8.63E-05,3.96E-05,0.764820684
160,124,165,5.46E-05,2.49E-05,0.765310613
las,314,423,0.00013821,6.37E-05,0.765921613
especial,116,154,5.11E-05,2.32E-05,0.766093343
ck,144,192,6.34E-05,2.89E-05,0.766244214
avec,469,633,0.000206435,9.54E-05,0.766795492
90,818,1106,0.000360051,0.000166605,0.7674098
owner,170,227,7.48E-05,3.42E-05,0.767562551
extraordinary,69,90,3.04E-05,1.36E-05,0.767788714
stated,193,258,8.50E-05,3.89E-05,0.768291741
waiting,272,365,0.000119723,5.50E-05,0.76846184
advantage,337,453,0.000148334,6.82E-05,0.768625018
federal,495,667,0.000217879,0.000100475,0.768706794
175,58,75,2.55E-05,1.13E-05,0.768828885
cart,219,293,9.64E-05,4.41E-05,0.769079036
markup,132,175,5.81E-05,2.64E-05,0.770112004
instructions,586,788,0.000257934,0.000118702,0.771565405
verlieren,110,145,4.84E-05,2.18E-05,0.771687854
trust,528,709,0.000232404,0.000106802,0.772478191
funktioniert,59,76,2.60E-05,1.14E-05,0.773109515
verlosung,105,138,4.62E-05,2.08E-05,0.773392863
gerente,65,84,2.86E-05,1.27E-05,0.77412736
youve,198,263,8.72E-05,3.96E-05,0.774857306
pe,126,166,5.55E-05,2.50E-05,0.775216031
male,199,264,8.76E-05,3.98E-05,0.776136283
titre,130,171,5.72E-05,2.58E-05,0.777372674
centers,63,81,2.77E-05,1.22E-05,0.777605049
company,4125,5529,0.001815659,0.000832873,0.778673118
immediate,298,396,0.000131168,5.97E-05,0.77891275
stand,193,255,8.50E-05,3.84E-05,0.779692706
616,93,121,4.09E-05,1.82E-05,0.77979655
god,205,271,9.02E-05,4.08E-05,0.779975082
you,38804,51969,0.017079962,0.007828466,0.780070159
tons,52,66,2.29E-05,9.94E-06,0.780775428
smooth,52,66,2.29E-05,9.94E-06,0.780775428
irs,52,66,2.29E-05,9.94E-06,0.780775428
recevoir,70,90,3.08E-05,1.36E-05,0.781721968
hi,1727,2304,0.000760156,0.000347068,0.782439972
newsletters,103,134,4.53E-05,2.02E-05,0.782617422
releases,139,182,6.12E-05,2.74E-05,0.783117513
bank,1148,1527,0.000505303,0.000230023,0.784618753
girlfriend,68,87,2.99E-05,1.31E-05,0.785194178
packaging,56,71,2.46E-05,1.07E-05,0.78532043
laugh,53,67,2.33E-05,1.01E-05,0.785360563
sera,132,172,5.81E-05,2.59E-05,0.786766245
inform,294,387,0.000129407,5.83E-05,0.78810813
dating,60,76,2.64E-05,1.14E-05,0.789298459
crazy,57,72,2.51E-05,1.08E-05,0.789537805
vrouwen,54,68,2.38E-05,1.02E-05,0.789802739
battery,51,64,2.24E-05,9.64E-06,0.790097595
produtos,137,178,6.03E-05,2.68E-05,0.790291878
economia,116,150,5.11E-05,2.26E-05,0.791309245
facebook,675,890,0.000297108,0.000134067,0.791683484
alter,98,126,4.31E-05,1.90E-05,0.792521793
ketoxplode,120,155,5.28E-05,2.33E-05,0.793148522
committed,412,541,0.000181346,8.15E-05,0.793170588
ourselves,89,114,3.92E-05,1.72E-05,0.793308201
hurry,89,114,3.92E-05,1.72E-05,0.793308201
actions,198,258,8.72E-05,3.89E-05,0.793574738
accountant,58,73,2.55E-05,1.10E-05,0.793632216
icloud,55,69,2.42E-05,1.04E-05,0.794108583
139,52,65,2.29E-05,9.79E-06,0.79463788
account,3298,4347,0.001451647,0.00065482,0.795256331
internet,2136,2813,0.000940181,0.000423743,0.795652703
security,1586,2085,0.000698093,0.000314079,0.796962254
interstate,122,157,5.37E-05,2.37E-05,0.797075806
tous,141,182,6.21E-05,2.74E-05,0.797175334
programs,829,1087,0.000364892,0.000163743,0.797954878
relacionamento,72,91,3.17E-05,1.37E-05,0.798724582
youll,247,321,0.000108719,4.84E-05,0.798896913
tv,282,367,0.000124125,5.53E-05,0.798905919
bonuses,123,158,5.41E-05,2.38E-05,0.798998038
91,384,501,0.000169021,7.55E-05,0.799035416
rea,168,217,7.39E-05,3.27E-05,0.799629226
africa,277,360,0.000121924,5.42E-05,0.800073009
firefox,162,209,7.13E-05,3.15E-05,0.800183158
browser,534,697,0.000235045,0.000104994,0.800640028
seven,208,269,9.16E-05,4.05E-05,0.801574763
beat,86,109,3.79E-05,1.64E-05,0.802216599
investor,286,371,0.000125886,5.59E-05,0.802230239
ba,93,118,4.09E-05,1.78E-05,0.803581059
quit,77,97,3.39E-05,1.46E-05,0.804238592
password,949,1237,0.000417712,0.000186338,0.804266721
happiness,51,63,2.24E-05,9.49E-06,0.804355348
regards,2053,2679,0.000903648,0.000403557,0.804753058
forget,162,208,7.13E-05,3.13E-05,0.804831335
aa,110,140,4.84E-05,2.11E-05,0.805216886
ge,107,136,4.71E-05,2.05E-05,0.805789474
notre,176,226,7.75E-05,3.40E-05,0.806087724
temu,58,72,2.55E-05,1.08E-05,0.806268465
goods,78,98,3.43E-05,1.48E-05,0.807171825
meses,167,214,7.35E-05,3.22E-05,0.807244249
ea,111,141,4.89E-05,2.12E-05,0.807288056
mother,144,184,6.34E-05,2.77E-05,0.807351847
cottage,92,116,4.05E-05,1.75E-05,0.809205859
proposta,69,86,3.04E-05,1.30E-05,0.81006112
green,287,369,0.000126326,5.56E-05,0.811003328
worauf,76,95,3.35E-05,1.43E-05,0.811030028
passed,190,243,8.36E-05,3.66E-05,0.811160191
login,319,410,0.000140411,6.18E-05,0.812332352
lo,336,432,0.000147894,6.51E-05,0.81243788
visit,1093,1413,0.000481095,0.00021285,0.812863804
subsequently,53,65,2.33E-05,9.79E-06,0.812895924
signin,320,411,0.000140851,6.19E-05,0.813042859
convenient,97,122,4.27E-05,1.84E-05,0.813120093
gm,175,223,7.70E-05,3.36E-05,0.813441938
wait,321,412,0.000141291,6.21E-05,0.813749471
distribute,111,140,4.89E-05,2.11E-05,0.814084401
cours,129,163,5.68E-05,2.46E-05,0.81586466
mall,64,79,2.82E-05,1.19E-05,0.815894863
healthy,71,88,3.13E-05,1.33E-05,0.816376602
verify,996,1280,0.000438399,0.000192816,0.818500827
intel,117,147,5.15E-05,2.21E-05,0.819066961
btc,215,273,9.46E-05,4.11E-05,0.819915397
cap,243,309,0.000106959,4.65E-05,0.820033335
feet,163,206,7.17E-05,3.10E-05,0.820262028
remember,621,795,0.000273339,0.000119757,0.820588545
frauen,55,67,2.42E-05,1.01E-05,0.820906021
millennium,62,76,2.73E-05,1.14E-05,0.820910699
massive,115,144,5.06E-05,2.17E-05,0.821875889
textdecoration,309,393,0.000136009,5.92E-05,0.822369908
protocolo,66,81,2.91E-05,1.22E-05,0.822541687
eletr,66,81,2.91E-05,1.22E-05,0.822541687
unique,409,521,0.000180025,7.85E-05,0.82310663
priced,77,95,3.39E-05,1.43E-05,0.82372508
300,435,554,0.00019147,8.35E-05,0.823742349
verpassen,160,201,7.04E-05,3.03E-05,0.825738313
companies,1217,1552,0.000535675,0.000233789,0.826704614
visualizar,53,64,2.33E-05,9.64E-06,0.826953248
burn,71,87,3.13E-05,1.31E-05,0.826999353
129,64,78,2.82E-05,1.17E-05,0.82764057
inclui,61,74,2.68E-05,1.11E-05,0.829728971
161,61,74,2.68E-05,1.11E-05,0.829728971
cashback,120,149,5.28E-05,2.24E-05,0.83097488
ste,168,210,7.39E-05,3.16E-05,0.831430075
maxwidth,356,449,0.000156697,6.76E-05,0.831855942
milhas,147,183,6.47E-05,2.76E-05,0.832913441
represent,199,249,8.76E-05,3.75E-05,0.833155936
professionals,137,170,6.03E-05,2.56E-05,0.834586475
leider,59,71,2.60E-05,1.07E-05,0.835521778
2023,1117,1411,0.000491659,0.000212549,0.835949348
advertise,195,243,8.58E-05,3.66E-05,0.836832655
img,233,291,0.000102557,4.38E-05,0.837125726
permanent,105,129,4.62E-05,1.94E-05,0.837637147
clients,521,655,0.000229323,9.87E-05,0.837645333
rie,124,153,5.46E-05,2.30E-05,0.837789265
10989,90,110,3.96E-05,1.66E-05,0.837923963
buyers,90,110,3.96E-05,1.66E-05,0.837923963
industry,636,800,0.000279942,0.00012051,0.838152198
2006,56,67,2.46E-05,1.01E-05,0.838215906
wa,190,236,8.36E-05,3.56E-05,0.839601385
damit,110,135,4.84E-05,2.03E-05,0.839909232
boy,114,140,5.02E-05,2.11E-05,0.840224691
0,4489,5645,0.001975877,0.000850347,0.842453835
100,2504,3146,0.00110216,0.000473905,0.842820037
curso,85,103,3.74E-05,1.55E-05,0.84410368
moments,50,59,2.20E-05,8.89E-06,0.844560495
canon,97,118,4.27E-05,1.78E-05,0.8447087
fortune,234,290,0.000102997,4.37E-05,0.844732557
multiply,62,74,2.73E-05,1.11E-05,0.84541018
easiest,66,79,2.91E-05,1.19E-05,0.845627147
200,247,306,0.000108719,4.61E-05,0.845760213
exciting,216,267,9.51E-05,4.02E-05,0.846197174
cash,1079,1347,0.000474932,0.000202908,0.847605305
fifteen,59,70,2.60E-05,1.05E-05,0.84848566
profit,295,365,0.000129847,5.50E-05,0.848989097
body,561,697,0.00024693,0.000104994,0.849761179
mining,164,201,7.22E-05,3.03E-05,0.85008939
express,540,670,0.000237686,0.000100927,0.850893831
secured,80,96,3.52E-05,1.45E-05,0.851080271
strengthening,137,167,6.03E-05,2.52E-05,0.851716198
mitglieder,52,61,2.29E-05,9.19E-06,0.8520932
nehmen,247,304,0.000108719,4.58E-05,0.852177929
wife,236,290,0.000103878,4.37E-05,0.853161755
169,81,97,3.57E-05,1.46E-05,0.853466033
family,740,917,0.000325718,0.000138134,0.853658293
sweepstakes,69,82,3.04E-05,1.24E-05,0.854199659
29092,90,108,3.96E-05,1.63E-05,0.855219677
bills,228,279,0.000100356,4.20E-05,0.856797286
safely,66,78,2.91E-05,1.17E-05,0.857372855
6130,66,78,2.91E-05,1.17E-05,0.857372855
registering,158,192,6.95E-05,2.89E-05,0.857648743
love,417,513,0.000183547,7.73E-05,0.857649726
performance,662,816,0.000291386,0.00012292,0.858438138
nachricht,100,120,4.40E-05,1.81E-05,0.858562074
looking,1266,1562,0.000557242,0.000235295,0.859710639
girl,143,173,6.29E-05,2.61E-05,0.859924265
vegas,160,194,7.04E-05,2.92E-05,0.860032125
aproveite,84,100,3.70E-05,1.51E-05,0.860323074
customers,775,954,0.000341124,0.000143708,0.860455492
country,895,1102,0.000393943,0.000166002,0.860734403
buy,951,1171,0.000418592,0.000176396,0.860897159
volgen,59,69,2.60E-05,1.04E-05,0.861619815
referral,115,138,5.06E-05,2.08E-05,0.862521299
schreiben,115,138,5.06E-05,2.08E-05,0.862521299
representative,197,239,8.67E-05,3.60E-05,0.863072829
68,94,112,4.14E-05,1.69E-05,0.863359137
artist,51,59,2.24E-05,8.89E-06,0.86351054
youth,64,75,2.82E-05,1.13E-05,0.863728867
xxx,103,123,4.53E-05,1.85E-05,0.864060404
millions,389,475,0.000171222,7.16E-05,0.864472356
subsidiary,78,92,3.43E-05,1.39E-05,0.866221746
pocket,113,135,4.97E-05,2.03E-05,0.866279309
fraud,87,103,3.83E-05,1.55E-05,0.866761916
offshore,140,168,6.16E-05,2.53E-05,0.867285503
winner,264,320,0.000116202,4.82E-05,0.867927423
rates,573,699,0.000252212,0.000105295,0.868003181
videos,163,196,7.17E-05,2.95E-05,0.868431974
utilizar,110,131,4.84E-05,1.97E-05,0.868556593
robotics,57,66,2.51E-05,9.94E-06,0.868904159
dental,66,77,2.91E-05,1.16E-05,0.869258165
72,155,186,6.82E-05,2.80E-05,0.869424369
home,2172,2656,0.000956027,0.000400092,0.869639711
offre,53,61,2.33E-05,9.19E-06,0.870351244
hilton,62,72,2.73E-05,1.08E-05,0.870524992
twelve,58,67,2.55E-05,1.01E-05,0.871961909
wager,58,67,2.55E-05,1.01E-05,0.871961909
cr,464,563,0.000204234,8.48E-05,0.872030453
dream,131,156,5.77E-05,2.35E-05,0.873125082
discover,254,306,0.000111801,4.61E-05,0.873454935
electrical,54,62,2.38E-05,9.34E-06,0.873605638
obtaining,54,62,2.38E-05,9.34E-06,0.873605638
satellite,91,107,4.01E-05,1.61E-05,0.874760252
stop,783,950,0.000344645,0.000143105,0.874867885
relatives,105,124,4.62E-05,1.87E-05,0.875196449
fes,128,152,5.63E-05,2.29E-05,0.875259408
cas,275,331,0.000121044,4.99E-05,0.875286324
concluded,50,57,2.20E-05,8.59E-06,0.875504293
edekagutschein,50,57,2.20E-05,8.59E-06,0.875504293
res,96,113,4.23E-05,1.70E-05,0.875527139
breach,87,102,3.83E-05,1.54E-05,0.875924653
exclusiva,64,74,2.82E-05,1.11E-05,0.876053633
door,194,232,8.54E-05,3.49E-05,0.876814641
veuillez,158,188,6.95E-05,2.83E-05,0.877991344
loved,51,58,2.24E-05,8.74E-06,0.878862754
grown,51,58,2.24E-05,8.74E-06,0.878862754
seconds,103,121,4.53E-05,1.82E-05,0.879608167
readers,269,322,0.000118403,4.85E-05,0.880426786
forward,1235,1492,0.000543597,0.000224751,0.880615267
anywhere,331,397,0.000145693,5.98E-05,0.880702487
within,2311,2794,0.001017209,0.00042088,0.881078912
customer,973,1174,0.000428276,0.000176848,0.881169059
muni,256,306,0.000112681,4.61E-05,0.881228851
flamingo,66,76,2.91E-05,1.14E-05,0.881286437
powerful,266,318,0.000117083,4.79E-05,0.881552274
beauty,52,59,2.29E-05,8.89E-06,0.88210815
sell,668,804,0.000294027,0.000121112,0.882124684
datein,57,65,2.51E-05,9.79E-06,0.882766611
eliminated,57,65,2.51E-05,9.79E-06,0.882766611
jusqu,139,164,6.12E-05,2.47E-05,0.883402734
sex,447,536,0.000196751,8.07E-05,0.883448385
75,498,597,0.0002192,8.99E-05,0.8844397
euro,169,200,7.44E-05,3.01E-05,0.884545039
agent,295,352,0.000129847,5.30E-05,0.884595791
download,581,696,0.000255733,0.000104844,0.886074373
color,977,1173,0.000430036,0.000176697,0.886109449
campaign,181,214,7.97E-05,3.22E-05,0.886708792
tanta,83,96,3.65E-05,1.45E-05,0.886895629
88,128,150,5.63E-05,2.26E-05,0.887946837
monthly,296,352,0.000130287,5.30E-05,0.887954069
src,135,158,5.94E-05,2.38E-05,0.890475092
nachfolgenden,60,68,2.64E-05,1.02E-05,0.891117718
death,201,237,8.85E-05,3.57E-05,0.891122472
zusenden,136,159,5.99E-05,2.40E-05,0.891677955
valuable,253,299,0.00011136,4.50E-05,0.892189739
acts,127,148,5.59E-05,2.23E-05,0.893091441
plano,337,398,0.000148334,6.00E-05,0.896071263
tre,280,330,0.000123245,4.97E-05,0.896124644
kindly,488,578,0.000214798,8.71E-05,0.896229888
seiten,62,70,2.73E-05,1.05E-05,0.896286844
pin,193,226,8.50E-05,3.40E-05,0.897170756
steth,52,58,2.29E-05,8.74E-06,0.897460363
saving,141,164,6.21E-05,2.47E-05,0.897460555
custo,73,83,3.21E-05,1.25E-05,0.897585789
a4,241,283,0.000106079,4.26E-05,0.897809679
tranq,63,71,2.77E-05,1.07E-05,0.898762061
rental,79,90,3.48E-05,1.36E-05,0.899086894
utilizando,74,84,3.26E-05,1.27E-05,0.899689328
amil,53,59,2.33E-05,8.89E-06,0.900366193
promotion,224,262,9.86E-05,3.95E-05,0.900634299
71,76,86,3.35E-05,1.30E-05,0.90374764
link,2149,2539,0.000945903,0.000382468,0.903941157
hauptstadt,60,67,2.64E-05,1.01E-05,0.904606197
bulk,663,780,0.000291826,0.000117497,0.904690469
neck,82,93,3.61E-05,1.40E-05,0.904763611
strength,577,678,0.000253972,0.000102132,0.905144459
disponible,127,146,5.59E-05,2.20E-05,0.906109198
fressnapf,83,94,3.65E-05,1.42E-05,0.906573854
activation,183,212,8.05E-05,3.19E-05,0.906668362
106,190,220,8.36E-05,3.31E-05,0.90781784
marginleft,123,141,5.41E-05,2.12E-05,0.907983506
89103,67,75,2.95E-05,1.13E-05,0.90800223
beside,135,155,5.94E-05,2.33E-05,0.908864897
convenience,141,162,6.21E-05,2.44E-05,0.90925047
net,1272,1493,0.000559883,0.000224901,0.909414298
doit,261,303,0.000114882,4.56E-05,0.910045367
staggering,68,76,2.99E-05,1.14E-05,0.910160178
66,159,183,7.00E-05,2.76E-05,0.910235725
disponiveis,97,110,4.27E-05,1.66E-05,0.911046858
expires,98,111,4.31E-05,1.67E-05,0.912532847
grant,307,356,0.000135129,5.36E-05,0.913077854
stellar,58,64,2.55E-05,9.64E-06,0.913554595
party,557,648,0.000245169,9.76E-05,0.914816037
identified,224,258,9.86E-05,3.89E-05,0.915636167
crm,59,65,2.60E-05,9.79E-06,0.915952615
ltd,1177,1372,0.000518068,0.000206674,0.916064219
charity,77,86,3.39E-05,1.30E-05,0.916442692
urge,77,86,3.39E-05,1.30E-05,0.916442692
blockquote,95,107,4.18E-05,1.61E-05,0.916751517
sbs,95,107,4.18E-05,1.61E-05,0.916751517
profile,239,275,0.000105198,4.14E-05,0.917563708
membership,426,493,0.000187508,7.43E-05,0.918136908
treat,288,332,0.000126766,5.00E-05,0.918148409
ava,132,150,5.81E-05,2.26E-05,0.91818988
opinions,114,129,5.02E-05,1.94E-05,0.918201826
jahre,84,94,3.70E-05,1.42E-05,0.918232815
leader,128,145,5.63E-05,2.18E-05,0.920388048
expanding,86,96,3.79E-05,1.45E-05,0.921472477
emails,2145,2490,0.000944143,0.000375087,0.921516337
locally,186,212,8.19E-05,3.19E-05,0.92273108
consultar,50,54,2.20E-05,8.13E-06,0.923792948
men,391,449,0.000172102,6.76E-05,0.925064976
tragen,76,84,3.35E-05,1.27E-05,0.925573403
confirmer,146,165,6.43E-05,2.49E-05,0.925920843
orders,1006,1160,0.000442801,0.000174739,0.926374767
pasting,134,151,5.90E-05,2.27E-05,0.92661135
dieser,134,151,5.90E-05,2.27E-05,0.92661135
exercise,141,159,6.21E-05,2.40E-05,0.927200142
our,11434,13204,0.005032788,0.001989014,0.928030997
report,3546,4090,0.001560807,0.000616106,0.928557342
minwidth,78,86,3.43E-05,1.30E-05,0.928978599
ook,78,86,3.43E-05,1.30E-05,0.928978599
provider,202,229,8.89E-05,3.45E-05,0.929416653
supplies,124,139,5.46E-05,2.09E-05,0.929573647
contest,98,109,4.31E-05,1.64E-05,0.929680269
prices,921,1057,0.000405387,0.000159224,0.930736348
privacy,365,416,0.000160658,6.27E-05,0.931848726
ihn,60,65,2.64E-05,9.79E-06,0.932141558
mailer,120,134,5.28E-05,2.02E-05,0.932318146
wish,1360,1560,0.000598617,0.000234994,0.932484999
trajet,136,152,5.99E-05,2.29E-05,0.934857639
bon,143,160,6.29E-05,2.41E-05,0.935043983
rience,55,59,2.42E-05,8.89E-06,0.935911652
bull,62,67,2.73E-05,1.01E-05,0.936218437
dossier,131,146,5.77E-05,2.20E-05,0.936582662
lectronique,131,146,5.77E-05,2.20E-05,0.936582662
activate,193,217,8.50E-05,3.27E-05,0.9366256
claiming,104,115,4.58E-05,1.73E-05,0.937211075
saxena,167,187,7.35E-05,2.82E-05,0.937776868
younger,91,100,4.01E-05,1.51E-05,0.938338019
underline,105,116,4.62E-05,1.75E-05,0.938389429
255,528,599,0.000232404,9.02E-05,0.939370078
bonjour,276,311,0.000121484,4.68E-05,0.939948263
envoyer,128,142,5.63E-05,2.14E-05,0.940370268
papier,128,142,5.63E-05,2.14E-05,0.940370268
aarp,50,53,2.20E-05,7.98E-06,0.940421624
ownership,235,264,0.000103438,3.98E-05,0.940686293
bed,150,167,6.60E-05,2.52E-05,0.940955797
photo,243,273,0.000106959,4.11E-05,0.941133223
adult,309,348,0.000136009,5.24E-05,0.941831347
reduza,58,62,2.55E-05,9.34E-06,0.942276329
perfect,318,358,0.000139971,5.39E-05,0.942527369
naveen,167,186,7.35E-05,2.80E-05,0.942954512
sales,899,1019,0.000395704,0.000153499,0.942999796
696,169,188,7.44E-05,2.83E-05,0.944371948
nat,118,130,5.19E-05,1.96E-05,0.944679929
tremendous,97,106,4.27E-05,1.60E-05,0.945942701
happening,112,123,4.93E-05,1.85E-05,0.946094572
ente,75,81,3.30E-05,1.22E-05,0.946373793
judgments,105,115,4.62E-05,1.73E-05,0.946576904
transferred,105,115,4.62E-05,1.73E-05,0.946576904
expired,181,201,7.97E-05,3.03E-05,0.947435831
business,3728,4216,0.001640916,0.000635087,0.948284362
wind,137,151,6.03E-05,2.27E-05,0.948387333
1110,84,91,3.70E-05,1.37E-05,0.948495831
subscribing,160,177,7.04E-05,2.67E-05,0.948567771
replacement,1360,1535,0.000598617,0.000231228,0.948571429
sincerely,396,444,0.000174303,6.69E-05,0.948732951
tarif,130,143,5.72E-05,2.15E-05,0.948900912
hottest,100,109,4.40E-05,1.64E-05,0.949429725
serv,131,144,5.77E-05,2.17E-05,0.949772119
intend,162,179,7.13E-05,2.70E-05,0.949985344
ads,247,275,0.000108719,4.14E-05,0.950183463
factors,318,355,0.000139971,5.35E-05,0.950788727
shopping,241,268,0.000106079,4.04E-05,0.950987592
prefe,55,58,2.42E-05,8.74E-06,0.951263866
va,94,102,4.14E-05,1.54E-05,0.951414362
instantly,141,155,6.21E-05,2.33E-05,0.95164549
avez,165,182,7.26E-05,2.74E-05,0.95205174
basin,79,85,3.48E-05,1.28E-05,0.952212637
cota,87,94,3.83E-05,1.42E-05,0.952415647
collect,449,502,0.000197632,7.56E-05,0.952595961
oui,127,139,5.59E-05,2.09E-05,0.953054066
convertidos,56,59,2.46E-05,8.89E-06,0.953221537
rock,215,238,9.46E-05,3.59E-05,0.953631502
compte,304,338,0.000133809,5.09E-05,0.954240732
invested,89,96,3.92E-05,1.45E-05,0.954893617
mint,65,69,2.86E-05,1.04E-05,0.955041092
loading,57,60,2.51E-05,9.04E-06,0.955116798
hours,1081,1211,0.000475813,0.000182422,0.955336098
encore,138,151,6.07E-05,2.27E-05,0.955541877
saldo,122,133,5.37E-05,2.00E-05,0.955678629
facts,252,279,0.00011092,4.20E-05,0.955940668
acknowledges,171,188,7.53E-05,2.83E-05,0.955981632
receive,2989,3350,0.001315638,0.000504635,0.957022062
fitness,50,52,2.20E-05,7.83E-06,0.957331495
processed,141,154,6.21E-05,2.32E-05,0.957851352
symbol,158,173,6.95E-05,2.61E-05,0.958188853
nous,951,1061,0.000418592,0.000159826,0.958959124
expire,235,259,0.000103438,3.90E-05,0.959333915
target,328,363,0.000144372,5.47E-05,0.95965425
1072,94,101,4.14E-05,1.52E-05,0.960661831
suivantes,128,139,5.63E-05,2.09E-05,0.960759932
lt,86,92,3.79E-05,1.39E-05,0.961223945
succeed,112,121,4.93E-05,1.82E-05,0.961642334
requesting,409,452,0.000180025,6.81E-05,0.963255712
cause,395,436,0.000173863,6.57E-05,0.964131003
tabela,124,134,5.46E-05,2.02E-05,0.964508411
timing,124,134,5.46E-05,2.02E-05,0.964508411
2021,356,392,0.000156697,5.90E-05,0.965500693
warm,564,623,0.00024825,9.38E-05,0.966191961
football,55,57,2.42E-05,8.59E-06,0.96685545
increased,226,247,9.95E-05,3.72E-05,0.96689098
891,130,140,5.72E-05,2.11E-05,0.969152928
bucks,75,79,3.30E-05,1.19E-05,0.969459253
paragraph,178,193,7.83E-05,2.91E-05,0.970221618
shocked,57,59,2.51E-05,8.89E-06,0.970236881
politique,132,142,5.81E-05,2.14E-05,0.970613311
wear,58,60,2.55E-05,9.04E-06,0.971847458
relax,77,81,3.39E-05,1.22E-05,0.971927137
hover,68,71,2.99E-05,1.07E-05,0.97257244
voyage,511,560,0.000224922,8.44E-05,0.973347652
href,262,285,0.000115322,4.29E-05,0.973726999
cidessus,127,136,5.59E-05,2.05E-05,0.973868137
119,69,72,3.04E-05,1.08E-05,0.973904608
judicial,50,51,2.20E-05,7.68E-06,0.974532236
suivant,128,137,5.63E-05,2.06E-05,0.974587733
silver,384,419,0.000169021,6.31E-05,0.975214615
commande,129,138,5.68E-05,2.08E-05,0.975296872
contenu,129,138,5.68E-05,2.08E-05,0.975296872
referenced,90,95,3.96E-05,1.43E-05,0.975581015
170,100,106,4.40E-05,1.60E-05,0.975715104
siehe,100,106,4.40E-05,1.60E-05,0.975715104
107,51,52,2.24E-05,7.83E-06,0.976281541
vous,1820,1999,0.000801091,0.000301124,0.97638497
wrapper,191,206,8.41E-05,3.10E-05,0.976768036
cruise,92,97,4.05E-05,1.46E-05,0.977538033
increase,608,664,0.000267617,0.000100023,0.977937803
marshall,123,131,5.41E-05,1.97E-05,0.978119558
solutions,270,292,0.000118843,4.40E-05,0.979830908
ce,673,734,0.000296228,0.000110568,0.979866219
bonne,128,136,5.63E-05,2.05E-05,0.981574004
venture,181,194,7.97E-05,2.92E-05,0.981729642
netscape,118,125,5.19E-05,1.88E-05,0.981959162
bouton,129,137,5.68E-05,2.06E-05,0.982234673
reset,397,430,0.000174743,6.48E-05,0.982800498
waste,130,138,5.72E-05,2.08E-05,0.98288578
exp,109,115,4.80E-05,1.73E-05,0.983186926
success,659,716,0.000290065,0.000107856,0.983519452
died,166,177,7.31E-05,2.67E-05,0.984875571
your,28027,30542,0.01233636,0.004600762,0.986192668
easy,1197,1299,0.000526871,0.000195678,0.987285854
printer,115,121,5.06E-05,1.82E-05,0.987556808
quote,254,272,0.000111801,4.10E-05,0.988587277
here,6782,7366,0.002985164,0.001109594,0.989094731
enhanced,106,111,4.67E-05,1.67E-05,0.989293005
carte,130,137,5.72E-05,2.06E-05,0.989823581
enus,96,100,4.23E-05,1.51E-05,0.990557261
sez,167,177,7.35E-05,2.67E-05,0.990800745
bias,61,62,2.68E-05,9.34E-06,0.990851648
alumni,61,62,2.68E-05,9.34E-06,0.990851648
confort,132,139,5.81E-05,2.09E-05,0.991002976
fund,522,562,0.000229763,8.47E-05,0.991028997
thirty,97,101,4.27E-05,1.52E-05,0.991347901
private,731,788,0.000321757,0.000118702,0.991892723
hospital,74,76,3.26E-05,1.14E-05,0.992092759
afin,134,141,5.90E-05,2.12E-05,0.992149084
qualit,147,155,6.47E-05,2.33E-05,0.992670741
enter,764,823,0.000336282,0.000123974,0.992810445
illuvium,87,90,3.83E-05,1.36E-05,0.992973337
1109,75,77,3.30E-05,1.16E-05,0.993090271
mouth,63,64,2.77E-05,9.64E-06,0.993250222
verschieben,51,51,2.24E-05,7.68E-06,0.993482281
pondez,51,51,2.24E-05,7.68E-06,0.993482281
einst,51,51,2.24E-05,7.68E-06,0.993482281
amazing,211,224,9.29E-05,3.37E-05,0.993979885
caras,76,78,3.35E-05,1.17E-05,0.994063252
sheets,151,159,6.65E-05,2.40E-05,0.994669386
paid,646,693,0.000284343,0.000104392,0.996009883
cobertura,53,53,2.33E-05,7.98E-06,0.996227322
conserv,129,135,5.68E-05,2.03E-05,0.996256366
lors,129,135,5.68E-05,2.03E-05,0.996256366
souhaitons,130,136,5.72E-05,2.05E-05,0.996809851
promise,144,151,6.34E-05,2.27E-05,0.997426413
xmsonormal,54,54,2.38E-05,8.13E-06,0.997529302
votre,2044,2198,0.000899687,0.000331101,0.997719415
thorough,82,84,3.61E-05,1.27E-05,0.999433214
illuvials,69,70,3.04E-05,1.05E-05,0.99966646
maya,56,56,2.46E-05,8.44E-06,1.000003871
quipe,150,157,6.60E-05,2.37E-05,1.000271635
guarantees,70,71,3.08E-05,1.07E-05,1.000635831
courier,367,390,0.000161539,5.87E-05,1.000771432
accuracy,165,173,7.26E-05,2.61E-05,1.000937737
competitive,138,144,6.07E-05,2.17E-05,1.000963398
fotos,138,144,6.07E-05,2.17E-05,1.000963398
rugin,57,57,2.51E-05,8.59E-06,1.001180679
marketing,1257,1345,0.000553281,0.000202607,1.00147956
discount,331,351,0.000145693,5.29E-05,1.001699473
partiellement,127,132,5.59E-05,1.99E-05,1.002311776
ntar,58,58,2.55E-05,8.74E-06,1.002319754
enfre,58,58,2.55E-05,8.74E-06,1.002319754
clamer,58,58,2.55E-05,8.74E-06,1.002319754
constitute,72,73,3.17E-05,1.10E-05,1.002498902
illegal,100,103,4.40E-05,1.55E-05,1.002710097
69,199,209,8.76E-05,3.15E-05,1.003316904
adesco,59,59,2.60E-05,8.89E-06,1.003422884
safety,495,526,0.000217879,7.92E-05,1.003557467
linkedin,357,378,0.000157137,5.69E-05,1.004039044
clicking,451,478,0.000198512,7.20E-05,1.005352387
8572,61,61,2.68E-05,9.19E-06,1.00552791
height,469,497,0.000206435,7.49E-05,1.005839931
wake,91,93,4.01E-05,1.40E-05,1.006234016
layke,62,62,2.73E-05,9.34E-06,1.006532857
award,180,188,7.92E-05,2.83E-05,1.006619123
sh,77,78,3.39E-05,1.17E-05,1.006758304
legally,107,110,4.71E-05,1.66E-05,1.007023578
mandir,167,174,7.35E-05,2.62E-05,1.007272103
2450,169,176,7.44E-05,2.65E-05,1.008007162
consid,142,147,6.25E-05,2.21E-05,1.009360911
asma,65,65,2.86E-05,9.79E-06,1.009373891
activ,127,131,5.59E-05,1.97E-05,1.009550921
externalclass,82,83,3.61E-05,1.25E-05,1.010527371
merci,273,286,0.000120164,4.31E-05,1.0110848
nbs,67,67,2.95E-05,1.01E-05,1.011135254
xxdzebzejze,68,68,2.99E-05,1.02E-05,1.011979437
vikas,167,173,7.35E-05,2.61E-05,1.012823402
315,53,52,2.33E-05,7.83E-06,1.013137194
406,170,176,7.48E-05,2.65E-05,1.013828852
promocional,154,159,6.78E-05,2.40E-05,1.014053356
9r4zet0ayq,71,71,3.13E-05,1.07E-05,1.014377615
cliquez,209,217,9.20E-05,3.27E-05,1.015378582
smartphone,142,146,6.25E-05,2.20E-05,1.015890972
transaction,803,845,0.000353448,0.000127288,1.016281283
blvd,91,92,4.01E-05,1.39E-05,1.016321004
confidentialit,144,148,6.34E-05,2.23E-05,1.01664072
choisissant,127,130,5.59E-05,1.96E-05,1.016842853
remboursement,127,130,5.59E-05,1.96E-05,1.016842853
remboursable,127,130,5.59E-05,1.96E-05,1.016842853
devez,129,132,5.68E-05,1.99E-05,1.017664582
channels,94,95,4.14E-05,1.43E-05,1.01801784
hanuman,167,172,7.35E-05,2.59E-05,1.018405691
pi,300,312,0.000132048,4.70E-05,1.019533224
complimentary,60,59,2.64E-05,8.89E-06,1.019611828
offer,1797,1889,0.000790967,0.000284554,1.020089777
ado,98,99,4.31E-05,1.49E-05,1.020126355
cable,192,198,8.45E-05,2.98E-05,1.020277294
fast,537,561,0.000236366,8.45E-05,1.020998585
financially,100,101,4.40E-05,1.52E-05,1.021120303
advertiser,81,81,3.57E-05,1.22E-05,1.021154578
80,596,623,0.000262335,9.38E-05,1.021162943
toute,292,303,0.000128527,4.56E-05,1.021362198
posteingang,83,83,3.65E-05,1.25E-05,1.022323869
life,1222,1280,0.000537875,0.000192816,1.022576721
guide,555,579,0.000244289,8.72E-05,1.022614026
grow,163,167,7.17E-05,2.52E-05,1.022880054
una,106,107,4.67E-05,1.61E-05,1.023887021
pli,127,129,5.59E-05,1.94E-05,1.024188349
lune,127,129,5.59E-05,1.94E-05,1.024188349
rales,127,129,5.59E-05,1.94E-05,1.024188349
obligatoirement,127,129,5.59E-05,1.94E-05,1.024188349
possibilit,128,130,5.63E-05,1.96E-05,1.02454872
omicron,68,67,2.99E-05,1.01E-05,1.025467916
369,282,291,0.000124125,4.38E-05,1.026315032
discounts,134,136,5.90E-05,2.05E-05,1.026602353
consulting,1748,1825,0.000769399,0.000274913,1.026823642
pls,1017,1060,0.000447643,0.000159675,1.026839865
con,264,272,0.000116202,4.10E-05,1.026866253
87,114,115,5.02E-05,1.73E-05,1.027141583
1077,136,138,5.99E-05,2.08E-05,1.027248163
offering,337,348,0.000148334,5.24E-05,1.027966391
protect,670,696,0.000294907,0.000104844,1.028083786
celebrating,340,351,0.000149654,5.29E-05,1.02834625
swagbucks,95,95,4.18E-05,1.43E-05,1.02835151
future,1883,1963,0.000828821,0.000295701,1.028485446
descrambler,54,52,2.38E-05,7.83E-06,1.03106785
fresh,221,226,9.73E-05,3.40E-05,1.03116812
xc3,126,127,5.55E-05,1.91E-05,1.03127751
funds,704,729,0.000309873,0.000109815,1.031524908
autogenerated,127,128,5.59E-05,1.93E-05,1.0315882
jointe,127,128,5.59E-05,1.93E-05,1.0315882
imprimer,127,128,5.59E-05,1.93E-05,1.0315882
4968,127,128,5.59E-05,1.93E-05,1.0315882
actuellement,127,128,5.59E-05,1.93E-05,1.0315882
cd,785,813,0.000345525,0.000122468,1.03197373
gare,254,260,0.000111801,3.92E-05,1.032608717
650px,106,106,4.67E-05,1.60E-05,1.032725805
lint,131,132,5.77E-05,1.99E-05,1.03278524
pickup,184,187,8.10E-05,2.82E-05,1.033478003
gracias,136,137,5.99E-05,2.06E-05,1.034185964
urgent,550,567,0.000242088,8.54E-05,1.034304551
6118,167,169,7.35E-05,2.55E-05,1.035341999
78681,116,116,5.11E-05,1.75E-05,1.036008906
ld,118,118,5.19E-05,1.78E-05,1.036601159
laptop,3223,3334,0.001418635,0.000502225,1.037118707
cargo,64,62,2.82E-05,9.34E-06,1.037176311
6la,126,126,5.55E-05,1.90E-05,1.038788523
arphishing,126,126,5.55E-05,1.90E-05,1.038788523
endommag,127,127,5.59E-05,1.91E-05,1.039043218
veuillezcontacter,127,127,5.59E-05,1.91E-05,1.039043218
capitulatif,127,127,5.59E-05,1.91E-05,1.039043218
passeport,127,127,5.59E-05,1.91E-05,1.039043218
vente,127,127,5.59E-05,1.91E-05,1.039043218
darriv,127,127,5.59E-05,1.91E-05,1.039043218
portez,127,127,5.59E-05,1.91E-05,1.039043218
suscribirte,127,127,5.59E-05,1.91E-05,1.039043218
officielle,127,127,5.59E-05,1.91E-05,1.039043218
4you,127,127,5.59E-05,1.91E-05,1.039043218
nonrespect,127,127,5.59E-05,1.91E-05,1.039043218
senter,127,127,5.59E-05,1.91E-05,1.039043218
meknes,127,127,5.59E-05,1.91E-05,1.039043218
validit,127,127,5.59E-05,1.91E-05,1.039043218
23176ii7g15519,127,127,5.59E-05,1.91E-05,1.039043218
au2255,127,127,5.59E-05,1.91E-05,1.039043218
cessible,127,127,5.59E-05,1.91E-05,1.039043218
inscriptionfacile,127,127,5.59E-05,1.91E-05,1.039043218
souill,127,127,5.59E-05,1.91E-05,1.039043218
conseillons,127,127,5.59E-05,1.91E-05,1.039043218
08h32,127,127,5.59E-05,1.91E-05,1.039043218
ugd4ae,127,127,5.59E-05,1.91E-05,1.039043218
rences,127,127,5.59E-05,1.91E-05,1.039043218
achet,127,127,5.59E-05,1.91E-05,1.039043218
illisibles,127,127,5.59E-05,1.91E-05,1.039043218
conserver,128,128,5.63E-05,1.93E-05,1.039294067
clamation,128,128,5.63E-05,1.93E-05,1.039294067
math4,129,129,5.68E-05,1.94E-05,1.039541155
dsb5eait,129,129,5.68E-05,1.94E-05,1.039541155
mb5o9spclei1ghh,129,129,5.68E-05,1.94E-05,1.039541155
anti,99,98,4.36E-05,1.48E-05,1.039561176
effectu,130,130,5.72E-05,1.96E-05,1.039784567
potp,132,132,5.81E-05,1.99E-05,1.040260686
jackpot,71,69,3.13E-05,1.04E-05,1.040475652
handover,167,168,7.35E-05,2.53E-05,1.041051783
advertising,489,500,0.000215238,7.53E-05,1.04146348
anil,170,171,7.48E-05,2.58E-05,1.041587061
admin,3006,3091,0.00132312,0.00046562,1.042989155
770,356,362,0.000156697,5.45E-05,1.043739203
inventory,3049,3130,0.001342047,0.000471495,1.044670243
distancing,334,339,0.000147013,5.11E-05,1.044790131
ulfxyok,155,155,6.82E-05,2.33E-05,1.044877419
2022,1590,1628,0.000699854,0.000245237,1.046003604
assured,89,87,3.92E-05,1.31E-05,1.046665132
jhanjee,167,167,7.35E-05,2.52E-05,1.046794355
hynish,167,167,7.35E-05,2.52E-05,1.046794355
thinkbook,167,167,7.35E-05,2.52E-05,1.046794355
panchsheel,167,167,7.35E-05,2.52E-05,1.046794355
l480,167,167,7.35E-05,2.52E-05,1.046794355
201305,167,167,7.35E-05,2.52E-05,1.046794355
guddi,167,167,7.35E-05,2.52E-05,1.046794355
usstaffing,167,167,7.35E-05,2.52E-05,1.046794355
lr0dw8r9,167,167,7.35E-05,2.52E-05,1.046794355
saveyou,167,167,7.35E-05,2.52E-05,1.046794355
pg01f21r,167,167,7.35E-05,2.52E-05,1.046794355
niraj,167,167,7.35E-05,2.52E-05,1.046794355
lanba,169,169,7.44E-05,2.55E-05,1.047088054
assumptions,209,210,9.20E-05,3.16E-05,1.047179431
wanting,53,50,2.33E-05,7.53E-06,1.047839726
instituted,337,341,0.000148334,5.14E-05,1.047902207
parchment,256,258,0.000112681,3.89E-05,1.047911698
litigation,102,100,4.49E-05,1.51E-05,1.049821044
kumar,1169,1191,0.000514547,0.000179409,1.050001978
revenue,283,285,0.000124565,4.29E-05,1.050191262
deposits,59,56,2.60E-05,8.44E-06,1.050205219
diligence,104,102,4.58E-05,1.54E-05,1.050238784
euros,104,102,4.58E-05,1.54E-05,1.050238784
profiles,60,57,2.64E-05,8.59E-06,1.050555626
3136,334,337,0.000147013,5.08E-05,1.05059333
assistance,473,479,0.000208196,7.22E-05,1.050686014
await,62,59,2.73E-05,8.89E-06,1.051224068
mob,345,348,0.000151855,5.24E-05,1.051272586
dutilisation,254,255,0.000111801,3.84E-05,1.051538748
cancer,112,110,4.93E-05,1.66E-05,1.051765002
ob,114,112,5.02E-05,1.69E-05,1.052114068
voyager,381,384,0.000167701,5.78E-05,1.05322557
remercions,383,386,0.000168581,5.81E-05,1.053323468
manish,332,334,0.000146133,5.03E-05,1.053396441
nominatif,129,127,5.68E-05,1.91E-05,1.054396025
sentant,130,128,5.72E-05,1.93E-05,1.054529915
suite,411,414,0.000180906,6.24E-05,1.054595419
hello,596,602,0.000262335,9.07E-05,1.055084294
oncf,254,254,0.000111801,3.83E-05,1.055368138
informons,254,254,0.000111801,3.83E-05,1.055368138
didentit,254,254,0.000111801,3.83E-05,1.055368138
imprim,254,254,0.000111801,3.83E-05,1.055368138
billets,254,254,0.000111801,3.83E-05,1.055368138
confiance,258,258,0.000113561,3.89E-05,1.055625646
8383063372,332,332,0.000146133,5.00E-05,1.059285072
valable,256,255,0.000112681,3.84E-05,1.059312663
extn,334,334,0.000147013,5.03E-05,1.059361766
6110,334,334,0.000147013,5.03E-05,1.059361766
banerjee,334,334,0.000147013,5.03E-05,1.059361766
21-Jun-22,334,334,0.000147013,5.03E-05,1.059361766
pyd,334,334,0.000147013,5.03E-05,1.059361766
uniquement,257,256,0.000113121,3.86E-05,1.059362293
gift,275,274,0.000121044,4.13E-05,1.060194777
boss,113,110,4.97E-05,1.66E-05,1.060477991
assist,325,324,0.000143052,4.88E-05,1.062029198
besoin,131,128,5.77E-05,1.93E-05,1.062061664
sortie,132,129,5.81E-05,1.94E-05,1.062137259
barre,258,256,0.000113561,3.86E-05,1.063211829
pavlab,501,501,0.00022052,7.55E-05,1.063624469
6666,501,501,0.00022052,7.55E-05,1.063624469
rmg,668,669,0.000294027,0.000100776,1.064288732
60,918,921,0.000404067,0.000138737,1.064290496
thinkpad,180,177,7.92E-05,2.67E-05,1.064793975
pvt,1007,1010,0.000443241,0.000152144,1.064991015
8800144117,668,668,0.000294027,0.000100626,1.06576991
harendra,668,668,0.000294027,0.000100626,1.06576991
ebillet,762,762,0.000335402,0.000114786,1.066566292
pyramid,1681,1684,0.000739909,0.000253673,1.067896608
viruses,92,88,4.05E-05,1.33E-05,1.068382577
praveen,2499,2504,0.001099959,0.000377196,1.06852567
antal,2004,2007,0.00088208,0.000302329,1.068598353
stores,114,110,5.02E-05,1.66E-05,1.069115719
permet,132,128,5.81E-05,1.93E-05,1.06953711
9999,505,502,0.000222281,7.56E-05,1.069573072
kumari,1670,1670,0.000735067,0.000251564,1.069655643
guddy,3004,3004,0.00132224,0.000452514,1.070811965
nmg,3173,3173,0.001396627,0.000477972,1.070889163
noida,3503,3503,0.00154188,0.000527682,1.071018458
jubilee,339,334,0.000149214,5.03E-05,1.074121227
billet,259,254,0.000114001,3.83E-05,1.074690776
123,114,109,5.02E-05,1.64E-05,1.077726184
income,731,721,0.000321757,0.000108609,1.079975662
banking,199,193,8.76E-05,2.91E-05,1.08041208
publisher,313,306,0.00013777,4.61E-05,1.080651384
delays,72,67,3.17E-05,1.01E-05,1.080828595
footer,69,64,3.04E-05,9.64E-06,1.081190738
sp,175,169,7.70E-05,2.55E-05,1.081520413
correo,62,57,2.73E-05,8.59E-06,1.082167866
yourself,1563,1538,0.00068797,0.00023168,1.085533064
government,1009,990,0.000444121,0.000149131,1.086839441
mo,167,160,7.35E-05,2.41E-05,1.08794312
quality,680,665,0.000299309,0.000100174,1.08797146
china,412,401,0.000181346,6.04E-05,1.088405256
comfort,92,86,4.05E-05,1.30E-05,1.089742133
acquire,200,192,8.80E-05,2.89E-05,1.090389824
insider,81,75,3.57E-05,1.13E-05,1.092074042
q,534,517,0.000235045,7.79E-05,1.096103214
info,989,958,0.000435318,0.00014431,1.099498881
receiving,693,669,0.000305031,0.000100776,1.100908273
contractors,373,358,0.00016418,5.39E-05,1.101007875
product,1401,1344,0.000616664,0.000202456,1.110492561
disease,65,58,2.86E-05,8.74E-06,1.112196375
involve,263,248,0.000115762,3.74E-05,1.113173986
prize,311,294,0.00013689,4.43E-05,1.113426476
115,111,102,4.89E-05,1.54E-05,1.114029002
inconvenience,132,122,5.81E-05,1.84E-05,1.115124387
premier,108,99,4.75E-05,1.49E-05,1.115189991
partner,383,362,0.000168581,5.45E-05,1.116396326
wealthy,58,51,2.55E-05,7.68E-06,1.116939281
kingdom,240,225,0.000105638,3.39E-05,1.117146238
store,304,286,0.000133809,4.31E-05,1.117798733
blanc,144,133,6.34E-05,2.00E-05,1.118673938
estate,164,152,7.22E-05,2.29E-05,1.11926
compete,75,67,3.30E-05,1.01E-05,1.120426281
affiliated,117,107,5.15E-05,1.61E-05,1.120647124
compensation,153,141,6.73E-05,2.12E-05,1.122674701
burning,69,61,3.04E-05,9.19E-06,1.124588734
girls,166,153,7.31E-05,2.30E-05,1.124932867
micro,68,60,2.99E-05,9.04E-06,1.125353464
growth,518,486,0.000228003,7.32E-05,1.126839391
fill,413,386,0.000181786,5.81E-05,1.128307635
ventures,64,56,2.82E-05,8.44E-06,1.128649856
advised,188,173,8.28E-05,2.61E-05,1.129771205
free,4843,4562,0.002131694,0.000687207,1.131051528
70,567,530,0.000249571,7.98E-05,1.131296957
gold,234,216,0.000102997,3.25E-05,1.131697442
confidential,346,321,0.000152295,4.84E-05,1.133336139
dramatically,109,98,4.80E-05,1.48E-05,1.133728951
nv,172,157,7.57E-05,2.37E-05,1.135220618
hair,171,156,7.53E-05,2.35E-05,1.135595713
mrs,168,153,7.39E-05,2.30E-05,1.136748314
heaven,308,284,0.000135569,4.28E-05,1.137632306
enhancement,68,59,2.99E-05,8.89E-06,1.140473547
son,322,296,0.000141731,4.46E-05,1.141306855
online,2069,1925,0.000910691,0.000289977,1.142057672
leads,228,208,0.000100356,3.13E-05,1.142569135
jabber,65,56,2.86E-05,8.44E-06,1.143626495
manufacturer,94,83,4.14E-05,1.25E-05,1.143655372
healthcare,63,54,2.77E-05,8.13E-06,1.145895621
rom,131,117,5.77E-05,1.76E-05,1.147293111
congratulations,363,332,0.000159778,5.00E-05,1.147972346
wagering,61,52,2.68E-05,7.83E-06,1.14831386
earn,416,381,0.000183106,5.74E-05,1.148321986
empty,408,373,0.000179585,5.62E-05,1.149864119
secret,326,297,0.000143492,4.47E-05,1.150267897
resell,86,75,3.79E-05,1.13E-05,1.150384707
consequently,70,60,3.08E-05,9.04E-06,1.153416855
reliable,193,173,8.50E-05,2.61E-05,1.155710049
reply,1074,983,0.000472732,0.000148076,1.156182112
valign,91,79,4.01E-05,1.19E-05,1.157647761
301,102,89,4.49E-05,1.34E-05,1.158690233
offers,896,817,0.000394383,0.000123071,1.159004527
genuine,89,77,3.92E-05,1.16E-05,1.15960286
oil,483,437,0.000212597,6.58E-05,1.16196279
indicating,166,147,7.31E-05,2.21E-05,1.163242319
240,94,81,4.14E-05,1.22E-05,1.166219897
paste,455,409,0.000200273,6.16E-05,1.167725774
export,135,118,5.94E-05,1.78E-05,1.168809774
products,1292,1166,0.000568687,0.000175643,1.170955387
0,322,287,0.000141731,4.32E-05,1.171496464
insurance,373,332,0.00016418,5.00E-05,1.174981168
sites,659,590,0.000290065,8.89E-05,1.175117157
ee,124,107,5.46E-05,1.61E-05,1.177678881
contained,247,217,0.000108719,3.27E-05,1.18077692
fl,207,181,9.11E-05,2.73E-05,1.181380716
homes,129,111,5.68E-05,1.67E-05,1.181918091
cards,347,305,0.000152735,4.59E-05,1.186270354
blank,149,128,6.56E-05,1.93E-05,1.18874914
lifetime,126,107,5.55E-05,1.61E-05,1.193393592
incredible,152,130,6.69E-05,1.96E-05,1.193641543
hundreds,587,515,0.000258374,7.76E-05,1.194176354
ship,200,172,8.80E-05,2.59E-05,1.196512223
qualified,155,132,6.82E-05,1.99E-05,1.19836999
health,848,742,0.000373256,0.000111773,1.199563402
proprietary,145,123,6.38E-05,1.85E-05,1.19979441
120,258,222,0.000113561,3.34E-05,1.201848257
custom,182,155,8.01E-05,2.33E-05,1.203313647
competitors,124,104,5.46E-05,1.57E-05,1.204433117
thousands,626,543,0.00027554,8.18E-05,1.205975708
harbor,66,53,2.91E-05,7.98E-06,1.207460935
paypal,189,160,8.32E-05,2.41E-05,1.210132797
face,489,421,0.000215238,6.34E-05,1.210983012
850,180,152,7.92E-05,2.29E-05,1.211135127
newsletter,751,647,0.00033056,9.75E-05,1.214135257
safe,449,384,0.000197632,5.78E-05,1.21655095
opt,352,300,0.000154936,4.52E-05,1.216658684
yours,433,370,0.000190589,5.57E-05,1.216948545
certified,83,67,3.65E-05,1.01E-05,1.218940883
website,1219,1048,0.000536555,0.000157868,1.218958233
worldwide,411,349,0.000180906,5.26E-05,1.222454464
swiss,66,52,2.91E-05,7.83E-06,1.224370806
remove,2130,1821,0.00093754,0.00027431,1.226426751
140,135,111,5.94E-05,1.67E-05,1.226610976
hot,397,335,0.000174743,5.05E-05,1.228152981
inexpensive,99,80,4.36E-05,1.21E-05,1.228328509
ez,126,103,5.55E-05,1.55E-05,1.22922737
verdana,111,90,4.89E-05,1.36E-05,1.231077686
extreme,131,107,5.77E-05,1.61E-05,1.231632764
beliefs,103,83,4.53E-05,1.25E-05,1.233025417
earning,189,156,8.32E-05,2.35E-05,1.234429651
clearance,101,81,4.45E-05,1.22E-05,1.236408731
husband,357,298,0.000157137,4.49E-05,1.237217172
lucky,258,214,0.000113561,3.22E-05,1.2374648
announces,120,97,5.28E-05,1.46E-05,1.237602121
promo,113,91,4.97E-05,1.37E-05,1.238285574
shop,295,245,0.000129847,3.69E-05,1.238917216
approved,418,348,0.000183987,5.24E-05,1.242066421
fastest,155,126,6.82E-05,1.90E-05,1.242612445
targeted,240,197,0.000105638,2.97E-05,1.245977862
205,83,65,3.65E-05,9.79E-06,1.246476244
logo,511,424,0.000224922,6.39E-05,1.247800214
reas,196,159,8.63E-05,2.40E-05,1.252095235
promotions,201,163,8.85E-05,2.46E-05,1.253138401
ali,172,138,7.57E-05,2.08E-05,1.258642847
engines,271,220,0.000119283,3.31E-05,1.259374591
instructed,129,102,5.68E-05,1.54E-05,1.261508621
pleasure,127,100,5.59E-05,1.51E-05,1.264737068
gt,87,67,3.83E-05,1.01E-05,1.264782676
medicine,109,85,4.80E-05,1.28E-05,1.266389062
expects,176,140,7.75E-05,2.11E-05,1.267603184
forever,197,157,8.67E-05,2.37E-05,1.269274117
recieve,68,51,2.99E-05,7.68E-06,1.270445288
permanently,68,51,2.99E-05,7.68E-06,1.270445288
loan,379,306,0.000166821,4.61E-05,1.270728711
entertainment,229,182,0.000100797,2.74E-05,1.27602518
serial,120,93,5.28E-05,1.40E-05,1.276962381
huge,452,363,0.000198952,5.47E-05,1.278433911
deposit,492,395,0.000216559,5.95E-05,1.279796827
mobile,747,602,0.000328799,9.07E-05,1.280140896
disclaimer,117,90,5.15E-05,1.36E-05,1.282692323
constitutes,106,81,4.67E-05,1.22E-05,1.283689071
br,1134,913,0.000499141,0.000137532,1.283790697
aggressive,121,93,5.33E-05,1.40E-05,1.285107612
yellow,74,55,3.26E-05,8.29E-06,1.285281902
intent,125,96,5.50E-05,1.45E-05,1.287376389
believes,202,158,8.89E-05,2.38E-05,1.287963407
guarantee,552,440,0.000242968,6.63E-05,1.288169296
profitable,212,166,9.33E-05,2.50E-05,1.288309564
med,76,56,3.35E-05,8.44E-06,1.295072538
generic,247,192,0.000108719,2.89E-05,1.299321259
retail,350,272,0.000154056,4.10E-05,1.306751605
sir,533,416,0.000234605,6.27E-05,1.308521121
draws,72,52,3.17E-05,7.83E-06,1.308605226
abuse,147,111,6.47E-05,1.67E-05,1.310416819
breaking,127,95,5.59E-05,1.43E-05,1.312759294
secrets,250,191,0.00011004,2.88E-05,1.316331451
attorney,164,123,7.22E-05,1.85E-05,1.32113827
cds,159,119,7.00E-05,1.79E-05,1.321946712
bb,153,114,6.73E-05,1.72E-05,1.324643002
licensed,143,106,6.29E-05,1.60E-05,1.326687304
overnight,147,109,6.47E-05,1.64E-05,1.327564241
incurred,71,50,3.13E-05,7.53E-06,1.329752255
bf,92,66,4.05E-05,9.94E-06,1.332951975
mlm,151,111,6.65E-05,1.67E-05,1.336860812
550,141,103,6.21E-05,1.55E-05,1.339819362
attn,77,54,3.39E-05,8.13E-06,1.340217709
annually,77,54,3.39E-05,8.13E-06,1.340217709
beneficiary,159,116,7.00E-05,1.75E-05,1.346114451
mix,138,100,6.07E-05,1.51E-05,1.346401811
align,235,173,0.000103438,2.61E-05,1.350523842
petroleum,95,67,4.18E-05,1.01E-05,1.350606055
mb,136,98,5.99E-05,1.48E-05,1.350974229
800,78,54,3.43E-05,8.13E-06,1.352753615
ng,94,66,4.14E-05,9.94E-06,1.353945294
shipping,661,493,0.000290946,7.43E-05,1.355563644
zone,142,102,6.25E-05,1.54E-05,1.355937589
money,4009,3012,0.001764601,0.000453719,1.356565879
watch,630,469,0.000277301,7.06E-05,1.356924884
desire,185,134,8.14E-05,2.02E-05,1.358632459
skin,131,93,5.77E-05,1.40E-05,1.363106528
blood,117,82,5.15E-05,1.24E-05,1.369103268
affiliate,163,116,7.17E-05,1.75E-05,1.370614686
usb,178,127,7.83E-05,1.91E-05,1.371591542
click,5244,3880,0.002308198,0.000584472,1.37223647
manufacturers,85,58,3.74E-05,8.74E-06,1.372482284
objectives,169,120,7.44E-05,1.81E-05,1.374179465
pro,619,451,0.000272459,6.79E-05,1.377952733
absolutely,359,258,0.000158017,3.89E-05,1.38352965
obligation,205,145,9.02E-05,2.18E-05,1.384795696
bra,186,131,8.19E-05,1.97E-05,1.385520173
reform,115,79,5.06E-05,1.19E-05,1.386624044
creative,229,162,0.000100797,2.44E-05,1.388100316
299,91,61,4.01E-05,9.19E-06,1.393605471
sweet,145,100,6.38E-05,1.51E-05,1.395099666
alert,210,147,9.24E-05,2.21E-05,1.395529193
hardcore,76,50,3.35E-05,7.53E-06,1.395763736
seek,281,198,0.000123685,2.98E-05,1.39742578
instant,272,191,0.000119723,2.88E-05,1.399943926
logos,160,110,7.04E-05,1.66E-05,1.402457624
medical,327,230,0.000143932,3.46E-05,1.402613743
movies,169,116,7.44E-05,1.75E-05,1.406275042
size,823,584,0.000362252,8.80E-05,1.40677221
arm,116,78,5.11E-05,1.17E-05,1.406860792
mega,91,60,4.01E-05,9.04E-06,1.408500337
registered,547,385,0.000240767,5.80E-05,1.410517852
wing,87,57,3.83E-05,8.59E-06,1.410732104
draw,239,165,0.000105198,2.49E-05,1.412797601
reserves,113,75,4.97E-05,1.13E-05,1.417256563
inherent,195,133,8.58E-05,2.00E-05,1.417789697
laser,106,70,4.67E-05,1.05E-05,1.417809966
unlimited,262,180,0.000115322,2.71E-05,1.420068498
advertisement,458,316,0.000201593,4.76E-05,1.427548409
dollars,1030,714,0.000453365,0.000107555,1.431643202
dial,164,109,7.22E-05,1.64E-05,1.435419165
proved,95,61,4.18E-05,9.19E-06,1.435596736
professional,920,634,0.000404947,9.55E-05,1.4366382
satisfied,129,84,5.68E-05,1.27E-05,1.442655474
tm,396,268,0.000174303,4.04E-05,1.443942779
ur,237,158,0.000104318,2.38E-05,1.446112018
boost,184,121,8.10E-05,1.82E-05,1.450269066
ministry,104,66,4.58E-05,9.94E-06,1.452769717
rm,167,109,7.35E-05,1.64E-05,1.453301062
investment,1544,1049,0.000679607,0.000158018,1.453964441
coupon,185,121,8.14E-05,1.82E-05,1.455623203
gra,109,69,4.80E-05,1.04E-05,1.458275219
diet,84,52,3.70E-05,7.83E-06,1.458376475
yo,137,88,6.03E-05,1.33E-05,1.458627548
anytime,151,97,6.65E-05,1.46E-05,1.463568333
owners,172,111,7.57E-05,1.67E-05,1.465264065
predictions,159,102,7.00E-05,1.54E-05,1.467329634
105,116,73,5.11E-05,1.10E-05,1.467752419
farm,87,53,3.83E-05,7.98E-06,1.475649435
brother,99,61,4.36E-05,9.19E-06,1.475895564
trademarks,120,75,5.28E-05,1.13E-05,1.47621013
low,923,611,0.000406268,9.20E-05,1.47644776
doctor,171,109,7.53E-05,1.64E-05,1.476656801
savings,240,155,0.000105638,2.33E-05,1.47696191
ad,531,346,0.000233725,5.21E-05,1.485851471
proven,325,209,0.000143052,3.15E-05,1.489451494
drops,93,56,4.09E-05,8.44E-06,1.491618779
dvd,227,144,9.99E-05,2.17E-05,1.492289346
loans,232,147,0.000102117,2.21E-05,1.494143599
nationwide,86,51,3.79E-05,7.68E-06,1.498495102
wel,134,82,5.90E-05,1.24E-05,1.50234966
act,1013,649,0.000445882,9.78E-05,1.509565619
omit,94,55,4.14E-05,8.29E-06,1.518153789
antivirus,98,57,4.31E-05,8.59E-06,1.526930829
indicative,91,52,4.01E-05,7.83E-06,1.53639142
broker,201,121,8.85E-05,1.82E-05,1.537606122
hundred,329,201,0.000144813,3.03E-05,1.539404472
sexual,314,191,0.00013821,2.88E-05,1.542426262
1618,154,91,6.78E-05,1.37E-05,1.542589323
ref,155,91,6.82E-05,1.37E-05,1.548968039
super,334,202,0.000147013,3.04E-05,1.549580539
qualify,185,109,8.14E-05,1.64E-05,1.554356335
formula,135,78,5.94E-05,1.17E-05,1.555838209
revolutionary,98,55,4.31E-05,8.29E-06,1.558862805
gathered,98,55,4.31E-05,8.29E-06,1.558862805
relief,152,87,6.69E-05,1.31E-05,1.571538789
sleep,140,79,6.16E-05,1.19E-05,1.579868886
reg,102,56,4.49E-05,8.44E-06,1.581885779
visitors,111,61,4.89E-05,9.19E-06,1.587877707
subscribers,328,190,0.000144372,2.86E-05,1.590812817
mails,157,88,6.91E-05,1.33E-05,1.592812213
lose,595,346,0.000261895,5.21E-05,1.599192499
voip,609,354,0.000268057,5.33E-05,1.599929293
unsolicited,155,86,6.82E-05,1.30E-05,1.601535119
inches,110,59,4.84E-05,8.89E-06,1.609025141
lowest,307,174,0.000135129,2.62E-05,1.609986625
batch,174,96,7.66E-05,1.45E-05,1.613078332
brand,377,214,0.00016594,3.22E-05,1.613991306
consultation,132,71,5.81E-05,1.07E-05,1.620067272
risks,408,230,0.000179585,3.46E-05,1.622549999
securities,1096,625,0.000482415,9.41E-05,1.62543944
149,110,57,4.84E-05,8.59E-06,1.639968938
compliance,266,144,0.000117083,2.17E-05,1.649381727
xp,429,235,0.000188829,3.54E-05,1.651559487
seventh,189,100,8.32E-05,1.51E-05,1.656515101
fat,225,120,9.90E-05,1.81E-05,1.657074208
pain,270,145,0.000118843,2.18E-05,1.657565435
father,256,137,0.000112681,2.06E-05,1.658976827
winners,189,99,8.32E-05,1.49E-05,1.665936826
cheap,259,137,0.000114001,2.06E-05,1.670525548
couid,314,167,0.00013821,2.52E-05,1.671890339
porn,131,66,5.77E-05,9.94E-06,1.679160211
winning,343,181,0.000150975,2.73E-05,1.682078571
invest,334,170,0.000147013,2.56E-05,1.716078388
save,1502,776,0.00066112,0.000116894,1.725656811
wil,201,99,8.85E-05,1.49E-05,1.726785341
pill,242,120,0.000106519,1.81E-05,1.729209059
guaranteed,533,269,0.000234605,4.05E-05,1.735948144
gains,159,76,7.00E-05,1.14E-05,1.740879919
pharmacy,215,104,9.46E-05,1.57E-05,1.747145156
anticipated,202,97,8.89E-05,1.46E-05,1.750806811
af,145,68,6.38E-05,1.02E-05,1.751887957
affordable,189,90,8.32E-05,1.36E-05,1.754982532
estimates,335,163,0.000147454,2.46E-05,1.759483336
factual,113,51,4.97E-05,7.68E-06,1.765366959
subscriber,123,56,5.41E-05,8.44E-06,1.765370441
doctors,125,57,5.50E-05,8.59E-06,1.765371071
islands,202,95,8.89E-05,1.43E-05,1.770293299
removed,940,462,0.00041375,6.96E-05,1.770725665
satisfaction,150,69,6.60E-05,1.04E-05,1.771966198
soft,362,174,0.000159338,2.62E-05,1.773666365
weight,464,224,0.000204234,3.37E-05,1.776180943
php,352,168,0.000154936,2.53E-05,1.779610176
filings,166,76,7.31E-05,1.14E-05,1.783369281
penny,134,60,5.90E-05,9.04E-06,1.787633602
mailings,507,242,0.000223161,3.65E-05,1.789245565
bottle,133,59,5.85E-05,8.89E-06,1.795388357
sports,225,103,9.90E-05,1.55E-05,1.801222232
confidentiality,161,72,7.09E-05,1.08E-05,1.802819361
mg,234,104,0.000102997,1.57E-05,1.830978851
revenues,234,104,0.000102997,1.57E-05,1.830978851
thousand,415,186,0.000182666,2.80E-05,1.845186255
presently,203,88,8.94E-05,1.33E-05,1.846534847
stocks,642,290,0.000282583,4.37E-05,1.847870133
norton,271,118,0.000119283,1.78E-05,1.857313407
shipped,173,73,7.61E-05,1.10E-05,1.861104685
2003,357,156,0.000157137,2.35E-05,1.864813154
improvement,267,115,0.000117523,1.73E-05,1.86693181
advice,727,312,0.000319996,4.70E-05,1.900252916
differ,342,143,0.000150535,2.15E-05,1.905473002
drug,184,74,8.10E-05,1.11E-05,1.909495072
font,777,330,0.000342004,4.97E-05,1.91161387
expectations,387,159,0.000170342,2.40E-05,1.926733981
websites,241,93,0.000106079,1.40E-05,1.964894867
deciding,150,53,6.60E-05,7.98E-06,2.009630396
promotional,214,76,9.42E-05,1.14E-05,2.034324567
lottery,461,167,0.000202914,2.52E-05,2.053602189
oz,236,82,0.000103878,1.24E-05,2.061109957
charset,178,60,7.83E-05,9.04E-06,2.06744771
broadcast,205,69,9.02E-05,1.04E-05,2.080329913
advisor,196,64,8.63E-05,9.64E-06,2.104327901
featured,318,99,0.000139971,1.49E-05,2.181411168
deposited,187,53,8.23E-05,7.98E-06,2.22714726
ec,239,69,0.000105198,1.04E-05,2.232222967
studio,221,63,9.73E-05,9.49E-06,2.237336643
aging,208,58,9.16E-05,8.74E-06,2.251855194
medication,228,63,0.000100356,9.49E-06,2.268207117
mx,317,82,0.000139531,1.24E-05,2.353740587
drugs,300,76,0.000132048,1.14E-05,2.369115096
projections,294,73,0.000129407,1.10E-05,2.386043812
grants,565,138,0.00024869,2.08E-05,2.438864846
removal,331,75,0.000145693,1.13E-05,2.47892154
oi,254,56,0.000111801,8.44E-06,2.481122848
ebay,243,53,0.000106959,7.98E-06,2.486330043
mortgage,445,101,0.000195871,1.52E-05,2.496652022
biz,284,59,0.000125005,8.89E-06,2.545043581
wi,287,57,0.000126326,8.59E-06,2.586412396
temple,297,57,0.000130727,8.59E-06,2.620397844
investing,461,90,0.000202914,1.36E-05,2.639600689
uncertainties,319,53,0.000140411,7.98E-06,2.756250455
cialis,396,59,0.000174303,8.89E-06,2.875236458
viagra,707,110,0.000311193,1.66E-05,2.877423242
statements,2008,262,0.000883841,3.95E-05,3.084922183
,,,,,
,,,,,
,,,,,
,,,,,
,,,,,
,,,,,
,,,,,
,,,,,
,,,,,
,,,,,
,,,,,
,,,,,
,,,,,
,,,,,
,,,,,
,,,,,
,,,,,
,,,,,
,,,,,
,,,,,
,,,,,
,,,,,
,,,,,
,,,,,
,,,,,
,,,,,
,,,,,
,,,,,
,,,,,
,,,,,
,,,,,
,,,,,
,,,,,
,,,,,
,,,,,
,,,,,
,,,,,
,,,,,
,,,,,
,,,,,
,,,,,
,,,,,
,,,,,
,,,,,
,,,,,
,,,,,
,,,,,
,,,,,
,,,,,
,,,,,
,,,,,
,,,,,
,,,,,
,,,,,
,,,,,
,,,,,
,,,,,
,,,,,
,,,,,
,,,,,
,,,,,
,,,,,
,,,,,
,,,,,
,,,,,
,,,,,
,,,,,
,,,,,
,,,,,
,,,,,
,,,,,
,,,,,
,,,,,
,,,,,
,,,,,
,,,,,
,,,,,
,,,,,
,,,,,
,,,,,
,,,,,
,,,,,
,,,,,
,,,,,
,,,,,
,,,,,
,,,,,
,,,,,
,,,,,
,,,,,
,,,,,
,,,,,
,,,,,
,,,,,
,,,,,
,,,,,
,,,,,
,,,,,
,,,,,
,,,,,
,,,,,
,,,,,
,,,,,
,,,,,
,,,,,
,,,,,
,,,,,
,,,,,
,,,,,
,,,,,
,,,,,
,,,,,
,,,,,
,,,,,
,,,,,
,,,,,
,,,,,
,,,,,
,,,,,
,,,,,
,,,,,
,,,,,
,,,,,
,,,,,
,,,,,
,,,,,
,,,,,
,,,,,
,,,,,
,,,,,
,,,,,
,,,,,
,,,,,
,,,,,
,,,,,
,,,,,
,,,,,
,,,,,
,,,,,
,,,,,
,,,,,
,,,,,
,,,,,
,,,,,
,,,,,
,,,,,
,,,,,
,,,,,
,,,,,
,,,,,
,,,,,
,,,,,
,,,,,
,,,,,
,,,,,
,,,,,
,,,,,
,,,,,
,,,,,
,,,,,
,,,,,
,,,,,
,,,,,
,,,,,
,,,,,
,,,,,
,,,,,
,,,,,
,,,,,
,,,,,
,,,,,
,,,,,
,,,,,
,,,,,
,,,,,
,,,,,
,,,,,
,,,,,
,,,,,
,,,,,
,,,,,
,,,,,
,,,,,
,,,,,
,,,,,
,,,,,
,,,,,
,,,,,
,,,,,
,,,,,
,,,,,
,,,,,
,,,,,
,,,,,
,,,,,
,,,,,
,,,,,
,,,,,
,,,,,
,,,,,
,,,,,
,,,,,
,,,,,
,,,,,
,,,,,
,,,,,
,,,,,
,,,,,
,,,,,
,,,,,
,,,,,
,,,,,
,,,,,
,,,,,
,,,,,
,,,,,
,,,,,
,,,,,
,,,,,
,,,,,
,,,,,
,,,,,
,,,,,
,,,,,
,,,,,
,,,,,
,,,,,
,,,,,
,,,,,
,,,,,
,,,,,
,,,,,
,,,,,
,,,,,
,,,,,
,,,,,
,,,,,
,,,,,
,,,,,
,,,,,
,,,,,
,,,,,
,,,,,
,,,,,
,,,,,
,,,,,
,,,,,
,,,,,
,,,,,
,,,,,
,,,,,
,,,,,
,,,,,
,,,,,
,,,,,
,,,,,
,,,,,
,,,,,
,,,,,
,,,,,
,,,,,
,,,,,
,,,,,
,,,,,
,,,,,
,,,,,
,,,,,
,,,,,
,,,,,
,,,,,
,,,,,
,,,,,
,,,,,
,,,,,
,,,,,
,,,,,
,,,,,
,,,,,
,,,,,
,,,,,
,,,,,
,,,,,
,,,,,
,,,,,
,,,,,
,,,,,
,,,,,
,,,,,
,,,,,
,,,,,
,,,,,
,,,,,
,,,,,
,,,,,
,,,,,
,,,,,
,,,,,
,,,,,
,,,,,
,,,,,
,,,,,
,,,,,
,,,,,
,,,,,
,,,,,
,,,,,
,,,,,
,,,,,
,,,,,
,,,,,
,,,,,
,,,,,
,,,,,
,,,,,
,,,,,
,,,,,
,,,,,
,,,,,
,,,,,
,,,,,
,,,,,
,,,,,
,,,,,
,,,,,
,,,,,
,,,,,
,,,,,
,,,,,
,,,,,
,,,,,
,,,,,
,,,,,
,,,,,
,,,,,
,,,,,
,,,,,
,,,,,
,,,,,
,,,,,
,,,,,
,,,,,
,,,,,
,,,,,
,,,,,
,,,,,
,,,,,
,,,,,
,,,,,
,,,,,
,,,,,
,,,,,
,,,,,
,,,,,
,,,,,
,,,,,
,,,,,
,,,,,
,,,,,
,,,,,
,,,,,
,,,,,
,,,,,
,,,,,
,,,,,
,,,,,
,,,,,
,,,,,
,,,,,
,,,,,
,,,,,
,,,,,
,,,,,
,,,,,
,,,,,
,,,,,
,,,,,
,,,,,
,,,,,
,,,,,
,,,,,
,,,,,
,,,,,
,,,,,
,,,,,
,,,,,
,,,,,
,,,,,
,,,,,
,,,,,
,,,,,
,,,,,
,,,,,
,,,,,
,,,,,
,,,,,
,,,,,
,,,,,
,,,,,
,,,,,
,,,,,
,,,,,
,,,,,
,,,,,
,,,,,
,,,,,
,,,,,
,,,,,
,,,,,
,,,,,
,,,,,
,,,,,
,,,,,
,,,,,
,,,,,
,,,,,
,,,,,
,,,,,
,,,,,
,,,,,
,,,,,
,,,,,
,,,,,
,,,,,
,,,,,
,,,,,
,,,,,
,,,,,
,,,,,
,,,,,
,,,,,
,,,,,
,,,,,
,,,,,
,,,,,
,,,,,
,,,,,
,,,,,
,,,,,
,,,,,
,,,,,
,,,,,
,,,,,
,,,,,
,,,,,
,,,,,
,,,,,
