ngram,phish_count,clean_count,phish_freq,clean_freq,phish_score
message from,50,1567,5.12692734016035e-05,0.000557097,-2.36812431
department of,70,2064,7.17769827622449e-05,0.00073379,-2.312184602
original message,54,1472,5.537081527373178e-05,0.000523323,-2.230156126
e g,64,1530,6.562466995405247e-05,0.000543943,-2.101606175
i think,79,1549,8.100545197453353e-05,0.000550698,-1.906214688
be sent,69,1203,7.075159729421283e-05,0.000427688,-1.78752037
also be,61,843,6.254851354995626e-05,0.000299702,-1.554315795
to discuss,52,670,5.3320044337667636e-05,0.000238197,-1.482395176
the netherlands,61,685,6.254851354995626e-05,0.00024353,-1.347534443
the two,60,668,6.15231280819242e-05,0.000237486,-1.338774915
the other,113,1220,0.000115869,0.000433732,-1.313680536
would be,277,2942,0.000284032,0.001045935,-1.301021212
for example,83,885,8.510699384666181e-05,0.000314634,-1.298991616
the state,57,610,5.8446971677827984e-05,0.000216866,-1.298796164
might be,82,871,8.408160837862974e-05,0.000309656,-1.295076614
it would,98,1032,0.000100488,0.000366895,-1.287858808
should be,343,3575,0.000351707,0.001270978,-1.282689996
if there,59,621,6.0497742613892126e-05,0.000220777,-1.282671196
group ilug,57,595,5.8446971677827984e-05,0.000211533,-1.274014319
ilug for,57,594,5.8446971677827984e-05,0.000211178,-1.272340154
the second,88,911,9.023392118682215e-05,0.000323877,-1.270020309
please let,87,878,8.920853571879009e-05,0.000312145,-1.244542407
is also,70,701,7.17769827622449e-05,0.000249218,-1.234934019
i dont,78,773,7.998006650650145e-05,0.000274816,-1.225529565
as in,54,529,5.537081527373178e-05,0.000188069,-1.210161323
in which,105,970,0.000107665,0.000344853,-1.157738894
version of,77,712,7.895468103846938e-05,0.000253129,-1.156382045
work in,50,462,5.12692734016035e-05,0.000164249,-1.15104739
new york,209,1890,0.000214306,0.00067193,-1.139582361
working on,54,484,5.537081527373178e-05,0.000172071,-1.121749429
and their,67,594,6.870082635814869e-05,0.000211178,-1.113212663
it may,52,462,5.3320044337667636e-05,0.000164249,-1.112562783
contact the,56,491,5.742158620979592e-05,0.000174559,-1.100292389
and information,60,515,6.15231280819242e-05,0.000183092,-1.079898589
case of,65,556,6.665005542208455e-05,0.000197668,-1.0772877
be made,69,581,7.075159729421283e-05,0.000206556,-1.062191608
in that,54,450,5.537081527373178e-05,0.000159983,-1.049348568
north america,72,589,7.382775369830904e-05,0.0002094,-1.033822854
such a,81,636,8.305622291059767e-05,0.00022611,-0.9939469
so far,56,437,5.742158620979592e-05,0.000155361,-0.984485071
development of,97,753,9.946239039911079e-05,0.000267705,-0.983831636
research and,66,512,6.767544089011662e-05,0.000182025,-0.980233027
i e,125,956,0.000128173,0.000339875,-0.970363185
natural gas,94,719,9.638623399501458e-05,0.000255618,-0.968902302
couple of,64,481,6.562466995405247e-05,0.000171004,-0.948444465
he is,62,466,6.357389901798833e-05,0.000165672,-0.948214591
site http,50,376,5.12692734016035e-05,0.000133675,-0.946454796
are also,80,592,8.20308374425656e-05,0.000210467,-0.934856001
by email,99,731,0.000101513,0.000259884,-0.934084104
if we,76,561,7.792929557043731e-05,0.000199446,-0.931991163
in its,68,502,6.972621182618076e-05,0.00017847,-0.931192755
but the,115,845,0.000117919,0.000300413,-0.930035846
where the,69,508,7.075159729421283e-05,0.000180603,-0.928614406
types of,64,470,6.562466995405247e-05,0.000167094,-0.925445948
linux users,88,643,9.023392118682215e-05,0.000228598,-0.922904249
information list,87,632,8.920853571879009e-05,0.000224688,-0.91702744
irish linux,87,631,8.920853571879009e-05,0.000224332,-0.91545093
list maintainer,87,629,8.920853571879009e-05,0.000223621,-0.912290435
un subscription,87,629,8.920853571879009e-05,0.000223621,-0.912290435
maintainer listmaster,87,629,8.920853571879009e-05,0.000223621,-0.912290435
provide a,67,484,6.870082635814869e-05,0.000172071,-0.90948882
users group,88,634,9.023392118682215e-05,0.000225399,-0.908870305
of natural,54,390,5.537081527373178e-05,0.000138652,-0.907202934
to it,52,375,5.3320044337667636e-05,0.000133319,-0.905326871
that they,140,1002,0.000143554,0.000356229,-0.904724977
form of,62,445,6.357389901798833e-05,0.000158206,-0.902386337
for un,88,629,9.023392118682215e-05,0.000223621,-0.900987718
a list,75,536,7.690391010240524e-05,0.000190558,-0.899713395
10 00,82,583,8.408160837862974e-05,0.000207267,-0.895210731
1 00,50,357,5.12692734016035e-05,0.00012692,-0.89499654
for those,71,501,7.280236823027697e-05,0.000178115,-0.886635289
terms of,100,698,0.000102539,0.000248152,-0.87811817
will take,88,614,9.023392118682215e-05,0.000218288,-0.876960145
has to,53,371,5.434542980569971e-05,0.000131897,-0.875982386
a more,65,452,6.665005542208455e-05,0.000160694,-0.87135907
which is,219,1511,0.000224559,0.000537188,-0.86962451
subscription information,93,643,9.53608485269825e-05,0.000228598,-0.868231036
as follows,50,347,5.12692734016035e-05,0.000123365,-0.866810797
i believe,77,527,7.895468103846938e-05,0.000187358,-0.856885089
the general,59,403,6.0497742613892126e-05,0.000143274,-0.852712838
used in,58,396,5.9472357145860055e-05,0.000140785,-0.852127116
information about,137,922,0.000140478,0.000327788,-0.843269804
me that,66,446,6.767544089011662e-05,0.000158561,-0.84303556
of new,87,581,8.920853571879009e-05,0.000206556,-0.83327767
that would,80,534,8.20308374425656e-05,0.000189847,-0.832258696
1px solid,53,355,5.434542980569971e-05,0.000126209,-0.832237193
have some,53,355,5.434542980569971e-05,0.000126209,-0.832237193
found in,50,335,5.12692734016035e-05,0.000119099,-0.831904538
which has,56,369,5.742158620979592e-05,0.000131186,-0.816526389
if the,164,1070,0.000168163,0.000380405,-0.812996579
of course,133,863,0.000136376,0.000306812,-0.806766425
rest of,78,506,7.998006650650145e-05,0.000179892,-0.803698476
a variety,50,325,5.12692734016035e-05,0.000115543,-0.801855356
1 the,50,324,5.12692734016035e-05,0.000115188,-0.798800172
the current,102,656,0.000104589,0.00023322,-0.79670356
are available,72,460,7.382775369830904e-05,0.000163538,-0.787955136
be of,68,432,6.972621182618076e-05,0.000153584,-0.78192068
be in,123,775,0.000126122,0.000275527,-0.77715672
or the,122,768,0.000125097,0.000273038,-0.776215218
which the,69,435,7.075159729421283e-05,0.00015465,-0.774402643
a second,58,364,5.9472357145860055e-05,0.000129409,-0.768486618
acquisition of,73,457,7.485313916634111e-05,0.000162472,-0.767841697
trying to,131,817,0.000134325,0.000290458,-0.767214404
the development,90,560,9.228469212288629e-05,0.00019909,-0.763112386
well as,271,1678,0.000277879,0.00059656,-0.762074459
at the,1036,6383,0.001062299,0.002269273,-0.758523464
in these,53,329,5.434542980569971e-05,0.000116966,-0.756798202
i would,348,2140,0.000356834,0.000760809,-0.755626393
for further,138,842,0.000141503,0.000299346,-0.74557199
did nt,56,343,5.742158620979592e-05,0.000121943,-0.744033474
as well,369,2242,0.000378367,0.000797072,-0.743694057
since the,84,512,8.613237931469388e-05,0.000182025,-0.742196115
later than,52,316,5.3320044337667636e-05,0.000112344,-0.735532131
view of,52,314,5.3320044337667636e-05,0.000111633,-0.729239097
which was,51,308,5.2294658869635565e-05,0.0001095,-0.729176017
but i,231,1382,0.000236864,0.000491326,-0.727442329
or other,57,343,5.8446971677827984e-05,0.000121943,-0.72663424
most of,138,826,0.000141503,0.000293658,-0.726451241
does nt,72,432,7.382775369830904e-05,0.000153584,-0.725548076
that a,134,801,0.000137402,0.00028477,-0.725027764
aol com,62,372,6.357389901798833e-05,0.000132253,-0.724437748
during the,143,854,0.00014663,0.000303613,-0.724330832
system and,55,330,5.639620074176385e-05,0.000117321,-0.723423392
level of,59,353,6.0497742613892126e-05,0.000125498,-0.721225616
as they,73,436,7.485313916634111e-05,0.000155006,-0.721095145
is this,58,347,5.9472357145860055e-05,0.000123365,-0.721033135
than the,100,595,0.000102539,0.000211533,-0.719155026
i do,153,907,0.000156884,0.000322455,-0.71719977
has not,64,381,6.562466995405247e-05,0.000135452,-0.716901341
but it,130,763,0.0001333,0.00027126,-0.706682167
what is,153,896,0.000156884,0.000318544,-0.705035687
name of,86,504,8.818315025075802e-05,0.000179181,-0.703270921
both the,50,294,5.12692734016035e-05,0.000104522,-0.702514278
a quick,61,358,6.254851354995626e-05,0.000127276,-0.702376992
which will,80,468,8.20308374425656e-05,0.000166383,-0.701069827
any questions,180,1045,0.000184569,0.000371517,-0.696852716
to run,50,292,5.12692734016035e-05,0.000103811,-0.695753219
that if,59,344,6.0497742613892126e-05,0.000122298,-0.695606019
there were,53,309,5.434542980569971e-05,0.000109855,-0.694630254
would not,68,394,6.972621182618076e-05,0.000140074,-0.690469718
am not,50,289,5.12692734016035e-05,0.000102745,-0.685525141
out that,55,317,5.639620074176385e-05,0.000112699,-0.683579046
last year,67,383,6.870082635814869e-05,0.000136163,-0.67696144
try to,91,517,9.331007759091836e-05,0.000183803,-0.672702035
of which,74,420,7.587852463437317e-05,0.000149318,-0.670524291
he has,60,341,6.15231280819242e-05,0.000121232,-0.67038212
that he,94,531,9.638623399501458e-05,0.00018878,-0.66718169
that the,835,4685,0.000856197,0.001665603,-0.664875139
in his,82,461,8.408160837862974e-05,0.000163894,-0.661691466
which i,89,497,9.125930665485422e-05,0.000176693,-0.655451804
by a,195,1085,0.00019995,0.000385737,-0.65468875
los angeles,65,363,6.665005542208455e-05,0.000129053,-0.653594889
a single,92,512,9.433546305895043e-05,0.000182025,-0.652222817
web page,63,351,6.45992844860204e-05,0.000124787,-0.651024506
respond to,61,339,6.254851354995626e-05,0.000120521,-0.648280946
and an,87,481,8.920853571879009e-05,0.000171004,-0.64539534
responsible for,62,342,6.357389901798833e-05,0.000121587,-0.641012706
this week,94,513,9.638623399501458e-05,0.000182381,-0.632880382
who is,86,468,8.818315025075802e-05,0.000166383,-0.629589778
their own,108,586,0.000110742,0.000208334,-0.627740311
of a,824,4435,0.000844918,0.001576724,-0.623316284
the same,475,2553,0.000487058,0.000907638,-0.62151247
account of,56,300,5.742158620979592e-05,0.000106655,-0.611250677
attention to,67,358,6.870082635814869e-05,0.000127276,-0.609968426
thanks to,84,445,8.613237931469388e-05,0.000158206,-0.602768062
not yet,60,318,6.15231280819242e-05,0.000113055,-0.601142571
up a,58,307,5.9472357145860055e-05,0.000109144,-0.599603223
the city,58,307,5.9472357145860055e-05,0.000109144,-0.599603223
attempt to,56,296,5.742158620979592e-05,0.000105233,-0.597953174
please call,65,343,6.665005542208455e-05,0.000121943,-0.597370749
knowledge of,70,369,7.17769827622449e-05,0.000131186,-0.596812103
if i,163,854,0.000167138,0.000303613,-0.594256734
used to,149,779,0.000152782,0.000276949,-0.591897826
with other,66,346,6.767544089011662e-05,0.000123009,-0.590965071
to ask,57,299,5.8446971677827984e-05,0.0001063,-0.590543607
the international,67,351,6.870082635814869e-05,0.000124787,-0.590377121
of such,55,288,5.639620074176385e-05,0.000102389,-0.588522981
on a,536,2782,0.000549607,0.000989052,-0.586736681
would have,127,660,0.000130224,0.000234642,-0.585408499
there was,100,520,0.000102539,0.000184869,-0.585100828
details of,61,318,6.254851354995626e-05,0.000113055,-0.584875502
should have,62,323,6.357389901798833e-05,0.000114832,-0.584334028
how many,53,276,5.434542980569971e-05,9.812304131655525e-05,-0.582767833
each other,51,265,5.2294658869635565e-05,9.421234039451861e-05,-0.580273442
was a,166,857,0.000170214,0.000304679,-0.57962187
how do,54,280,5.537081527373178e-05,9.954511437911402e-05,-0.578654961
a time,57,295,5.8446971677827984e-05,0.000104878,-0.577201751
with some,51,264,5.2294658869635565e-05,9.385682212887892e-05,-0.576532502
for their,76,392,7.792929557043731e-05,0.000139363,-0.575680606
of each,62,320,6.357389901798833e-05,0.000113766,-0.575083633
include a,80,410,8.20308374425656e-05,0.000145762,-0.569603484
is it,121,619,0.000124072,0.000220066,-0.569573718
the first,506,2581,0.000518845,0.000917593,-0.569311983
this year,138,705,0.000141503,0.00025064,-0.568636576
the one,93,474,9.53608485269825e-05,0.000168516,-0.564845316
will continue,66,337,6.767544089011662e-05,0.00011981,-0.56482456
about the,454,2294,0.000465525,0.000815559,-0.559787434
number of,396,1994,0.000406053,0.000708903,-0.556186408
as an,178,897,0.000182519,0.0003189,-0.555691988
so we,53,268,5.434542980569971e-05,9.527889519143769e-05,-0.553655051
it was,343,1722,0.000351707,0.000612202,-0.553056853
the day,88,442,9.023392118682215e-05,0.000157139,-0.550048087
that it,315,1573,0.000322996,0.00055923,-0.547615354
in a,967,4824,0.000991548,0.00171502,-0.547487881
be very,53,266,5.434542980569971e-05,9.456785866015831e-05,-0.54624247
in many,52,261,5.3320044337667636e-05,9.279026733195984e-05,-0.546167791
and its,149,744,0.000152782,0.000264506,-0.546097052
behalf of,75,375,7.690391010240524e-05,0.000133319,-0.544744025
of information,90,447,9.228469212288629e-05,0.000158917,-0.538996811
if they,116,574,0.000118945,0.000204067,-0.536308195
because it,70,347,7.17769827622449e-05,0.000123365,-0.535819755
systems and,50,247,5.12692734016035e-05,8.781301161300415e-05,-0.530124475
to bring,98,482,0.000100488,0.00017136,-0.529645819
be the,186,913,0.000190722,0.000324588,-0.529588495
i hope,110,540,0.000112792,0.00019198,-0.5282101
on an,54,266,5.537081527373178e-05,9.456785866015831e-05,-0.527884992
range of,114,559,0.000116894,0.000198735,-0.527204603
0 0,143,700,0.00014663,0.000248863,-0.526201942
2 the,55,270,5.639620074176385e-05,9.598993172271708e-05,-0.524629064
will also,144,703,0.000147656,0.000249929,-0.52353979
a call,65,318,6.665005542208455e-05,0.000113055,-0.522330935
wall street,98,478,0.000100488,0.000169938,-0.521360987
and to,208,1010,0.00021328,0.000359073,-0.519023635
i also,58,283,5.9472357145860055e-05,0.000100612,-0.518972029
is more,68,331,6.972621182618076e-05,0.000117677,-0.51758544
may have,137,664,0.000140478,0.000236064,-0.51618781
i ll,123,596,0.000126122,0.000211889,-0.515619868
but we,69,334,7.075159729421283e-05,0.000118743,-0.512138504
limited to,108,521,0.000110742,0.000185225,-0.510766372
when we,55,266,5.639620074176385e-05,9.456785866015831e-05,-0.509858445
to register,64,309,6.562466995405247e-05,0.000109855,-0.509149412
be given,59,285,6.0497742613892126e-05,0.000101323,-0.509131132
to review,52,251,5.3320044337667636e-05,8.923508467556292e-05,-0.507525017
of its,201,964,0.000206102,0.00034272,-0.506612493
how we,55,265,5.639620074176385e-05,9.421234039451861e-05,-0.506131447
was not,96,460,9.843700493107872e-05,0.000163538,-0.503619664
had a,113,541,0.000115869,0.000192335,-0.503376543
take the,82,393,8.408160837862974e-05,0.000139719,-0.503151814
1 2,197,941,0.000202001,0.000334543,-0.502538589
in and,54,259,5.537081527373178e-05,9.207923080068046e-05,-0.50149951
up in,57,273,5.8446971677827984e-05,9.705648651963616e-05,-0.500459023
and email,98,468,0.000100488,0.000166383,-0.500343545
say that,64,306,6.562466995405247e-05,0.000108789,-0.499481672
had been,80,382,8.20308374425656e-05,0.000135808,-0.499366244
used for,59,282,6.0497742613892126e-05,0.000100256,-0.498652985
the following,830,3943,0.00085107,0.001401809,-0.498562982
can be,665,3158,0.000681881,0.001122727,-0.498084731
will be,2374,11263,0.002434265,0.004004202,-0.497538451
members of,118,561,0.000120995,0.000199446,-0.496559584
to announce,75,357,7.690391010240524e-05,0.00012692,-0.495929086
be a,387,1832,0.000396824,0.000651309,-0.494508946
after the,164,775,0.000168163,0.000275527,-0.491443192
i could,92,435,9.433546305895043e-05,0.00015465,-0.490210898
at all,124,584,0.000127148,0.000207623,-0.48734293
have any,251,1180,0.000257372,0.000419512,-0.487072506
years ago,83,391,8.510699384666181e-05,0.000139008,-0.486106368
the three,50,236,5.12692734016035e-05,8.390231069096753e-05,-0.485092618
give me,52,245,5.3320044337667636e-05,8.710197508172476e-05,-0.483601652
they would,55,259,5.639620074176385e-05,9.207923080068046e-05,-0.483472963
they were,101,474,0.000103564,0.000168516,-0.483146623
the last,204,954,0.000209179,0.000339164,-0.481471291
way of,68,319,6.972621182618076e-05,0.00011341,-0.480975092
for these,56,263,5.742158620979592e-05,9.350130386323923e-05,-0.480928183
the end,198,924,0.000203026,0.000328499,-0.479323929
p m,151,705,0.000154833,0.00025064,-0.479214753
to me,253,1180,0.000259423,0.000419512,-0.479166553
are in,121,565,0.000124072,0.000200868,-0.478726421
use a,53,248,5.434542980569971e-05,8.816852987864384e-05,-0.476934087
a special,117,545,0.00011997,0.000193757,-0.476211557
as it,125,582,0.000128173,0.000206912,-0.475959125
that are,189,878,0.000193798,0.000312145,-0.474704089
a short,85,395,8.715776478272595e-05,0.00014043,-0.472674888
not the,135,625,0.000138427,0.000222199,-0.470521933
with it,54,251,5.537081527373178e-05,8.923508467556292e-05,-0.470466752
3 1,53,246,5.434542980569971e-05,8.745749334736445e-05,-0.468928049
we would,151,695,0.000154833,0.000247085,-0.464985973
and that,214,984,0.000219432,0.00034983,-0.464710219
not have,110,506,0.000112792,0.000179892,-0.46352576
is in,185,848,0.000189696,0.000301479,-0.4613313
hong kong,64,294,6.562466995405247e-05,0.000104522,-0.459848041
questions or,63,289,6.45992844860204e-05,0.000102745,-0.458369044
some of,312,1423,0.00031992,0.000505902,-0.457125962
when it,64,293,6.562466995405247e-05,0.000104167,-0.456473225
10 minutes,50,229,5.12692734016035e-05,8.141368283148968e-05,-0.455342785
do nt,329,1495,0.000337352,0.0005315,-0.453496297
in their,148,673,0.000151757,0.000239264,-0.45288871
to talk,54,246,5.537081527373178e-05,8.745749334736445e-05,-0.450570571
on their,75,341,7.690391010240524e-05,0.000121232,-0.450442512
continue to,127,576,0.000130224,0.000204779,-0.44989501
about how,55,250,5.639620074176385e-05,8.887956640992322e-05,-0.448492511
i thought,67,304,6.870082635814869e-05,0.000108078,-0.447846949
and he,71,322,7.280236823027697e-05,0.000114477,-0.447679529
collection of,56,254,5.742158620979592e-05,9.0301639472482e-05,-0.446483296
payable to,64,290,6.562466995405247e-05,0.0001031,-0.4462799
the european,75,339,7.690391010240524e-05,0.000120521,-0.444608408
an additional,69,312,7.075159729421283e-05,0.000110922,-0.444589393
up with,122,550,0.000125097,0.000195535,-0.4437891
know the,60,271,6.15231280819242e-05,9.634544998835677e-05,-0.442729454
mailing address,54,244,5.537081527373178e-05,8.674645681608507e-05,-0.442499918
list of,250,1123,0.000256346,0.000399247,-0.441658978
is that,367,1647,0.000376316,0.000585539,-0.441154182
next week,94,423,9.638623399501458e-05,0.000150384,-0.441136285
po box,89,400,9.125930665485422e-05,0.000142207,-0.439690112
how the,85,382,8.715776478272595e-05,0.000135808,-0.439450327
believe that,109,489,0.000111767,0.000173848,-0.43859561
and what,80,359,8.20308374425656e-05,0.000127631,-0.437736212
now available,76,341,7.792929557043731e-05,0.000121232,-0.437366199
this and,85,381,8.715776478272595e-05,0.000135452,-0.436848279
here are,71,318,7.280236823027697e-05,0.000113055,-0.435288288
this time,58,260,5.9472357145860055e-05,9.243474906632015e-05,-0.435076968
using a,85,380,8.715776478272595e-05,0.000135097,-0.434239442
available on,84,375,8.613237931469388e-05,0.000133319,-0.432791607
of the,7152,31742,0.007333557,0.011284860787935133,-0.430953688
1 1,72,321,7.382775369830904e-05,0.000114121,-0.43079805
it can,93,414,9.53608485269825e-05,0.000147185,-0.430358554
if a,54,241,5.537081527373178e-05,8.567990201916599e-05,-0.430270481
which can,50,223,5.12692734016035e-05,7.928057323765152e-05,-0.429118973
to understand,64,285,6.562466995405247e-05,0.000101323,-0.429056672
this issue,72,320,7.382775369830904e-05,0.000113766,-0.427705067
of other,65,289,6.665005542208455e-05,0.000102745,-0.427585659
a way,90,399,9.228469212288629e-05,0.000141852,-0.426151622
and some,63,279,6.45992844860204e-05,9.918959611347433e-05,-0.423499563
the major,68,301,6.972621182618076e-05,0.000107011,-0.423416803
nt have,51,226,5.2294658869635565e-05,8.03471280345706e-05,-0.422889412
s not,61,270,6.254851354995626e-05,9.598993172271708e-05,-0.422803569
is available,119,525,0.000122021,0.000186647,-0.422208994
according to,209,920,0.000214306,0.000327077,-0.421189499
tr td,103,452,0.000105615,0.000160694,-0.416485813
and the,1814,7923,0.001860049,0.002816771,-0.414805789
is going,73,320,7.485313916634111e-05,0.000113766,-0.414094831
the way,200,870,0.000205077,0.000309301,-0.409292104
my own,66,287,6.767544089011662e-05,0.000102034,-0.405664877
for one,63,274,6.45992844860204e-05,9.741200478527585e-05,-0.405598008
include the,88,382,9.023392118682215e-05,0.000135808,-0.405151548
they have,135,585,0.000138427,0.000207978,-0.40468843
such as,464,2006,0.000475779,0.00071317,-0.404067755
and there,87,377,8.920853571879009e-05,0.00013403,-0.403375782
out there,78,338,7.998006650650145e-05,0.000120165,-0.402951655
after a,59,256,6.0497742613892126e-05,9.101267600376138e-05,-0.402925882
wants to,63,273,6.45992844860204e-05,9.705648651963616e-05,-0.401978917
me know,349,1506,0.00035786,0.000535411,-0.401968715
for both,71,307,7.280236823027697e-05,0.000109144,-0.400398756
variety of,121,522,0.000124072,0.000185581,-0.399976261
the value,62,268,6.357389901798833e-05,9.527889519143769e-05,-0.399438849
lots of,59,255,6.0497742613892126e-05,9.065715773812169e-05,-0.399054601
but if,66,285,6.767544089011662e-05,0.000101323,-0.398739949
we could,53,229,5.434542980569971e-05,8.141368283148968e-05,-0.39815739
them to,140,602,0.000143554,0.000214022,-0.397087428
out in,55,237,5.639620074176385e-05,8.425782895660722e-05,-0.395701835
and so,89,382,9.125930665485422e-05,0.000135808,-0.393975155
i get,76,326,7.792929557043731e-05,0.000115899,-0.392757467
those who,176,752,0.000180468,0.00026735,-0.391212653
on its,56,240,5.742158620979592e-05,8.53243837535263e-05,-0.390426656
and in,185,788,0.000189696,0.000280148,-0.388200449
on behalf,74,316,7.587852463437317e-05,0.000112344,-0.388198856
they are,360,1531,0.000369139,0.000544298,-0.387455301
days of,51,218,5.2294658869635565e-05,7.750298190945306e-05,-0.387300493
its not,53,226,5.434542980569971e-05,8.03471280345706e-05,-0.385131442
the difference,50,213,5.12692734016035e-05,7.572539058125459e-05,-0.383823999
for an,150,634,0.000153808,0.000225399,-0.380112598
who has,64,271,6.562466995405247e-05,9.634544998835677e-05,-0.379191063
where we,69,292,7.075159729421283e-05,0.000103811,-0.378951794
a problem,65,275,6.665005542208455e-05,9.776752305091554e-05,-0.378420663
by an,58,245,5.9472357145860055e-05,8.710197508172476e-05,-0.376308597
gas and,64,270,6.562466995405247e-05,9.598993172271708e-05,-0.375532248
to meet,100,421,0.000102539,0.000149673,-0.375169209
copy of,202,849,0.000207128,0.000301835,-0.375035503
to a,592,2485,0.000607028,0.000883463,-0.374759299
enough to,61,257,6.254851354995626e-05,9.136819426940107e-05,-0.373979094
interested in,356,1492,0.000365037,0.000530433,-0.372842566
that have,104,436,0.00010664,0.000155006,-0.371101086
because of,166,695,0.000170214,0.000247085,-0.37085805
the system,116,486,0.000118945,0.000172782,-0.370770011
what i,150,628,0.000153808,0.000223265,-0.37064601
to provide,183,765,0.000187646,0.000271971,-0.369497488
are to,51,214,5.2294658869635565e-05,7.608090884689429e-05,-0.369019517
is based,51,214,5.2294658869635565e-05,7.608090884689429e-05,-0.369019517
p l,52,218,5.3320044337667636e-05,7.750298190945306e-05,-0.368243311
at least,422,1760,0.000432713,0.000625712,-0.368105082
may also,61,255,6.254851354995626e-05,9.065715773812169e-05,-0.366251463
in an,178,741,0.000182519,0.000263439,-0.365294635
reason for,52,217,5.3320044337667636e-05,7.714746364381336e-05,-0.363704302
the public,62,258,6.357389901798833e-05,9.172371253504077e-05,-0.361813949
i look,50,208,5.12692734016035e-05,7.394779925305613e-05,-0.360383169
the process,123,508,0.000126122,0.000180603,-0.356674021
for the,2124,8743,0.002177919,0.003108296,-0.355567637
hesitate to,68,281,6.972621182618076e-05,9.990063264475371e-05,-0.355319946
rights reserved,291,1198,0.000298387,0.000425911,-0.354837662
that we,355,1461,0.000364012,0.000519412,-0.354691369
i m,406,1669,0.000416307,0.00059336,-0.353664208
nbsp nbsp,482,1978,0.000494236,0.000703215,-0.352049887
across the,68,280,6.972621182618076e-05,9.954511437911402e-05,-0.351790275
and of,71,292,7.280236823027697e-05,0.000103811,-0.35077109
information on,262,1074,0.000268651,0.000381827,-0.350453687
are more,51,210,5.2294658869635565e-05,7.465883578433551e-05,-0.350398114
following information,51,210,5.2294658869635565e-05,7.465883578433551e-05,-0.350398114
following the,55,226,5.639620074176385e-05,8.03471280345706e-05,-0.348747417
group of,71,291,7.280236823027697e-05,0.000103456,-0.347373341
interest to,72,295,7.382775369830904e-05,0.000104878,-0.347097579
note that,156,637,0.00015996,0.000226465,-0.345840262
with an,137,559,0.000140478,0.000198735,-0.34484716
have no,77,314,7.895468103846938e-05,0.000111633,-0.342672409
wanted to,167,678,0.000171239,0.000241041,-0.340223507
so i,188,763,0.000192772,0.00027126,-0.340074471
email or,62,252,6.357389901798833e-05,8.959060294120261e-05,-0.338540198
to an,107,434,0.000109716,0.000154295,-0.338355488
or not,112,453,0.000114843,0.00016105,-0.335666223
and now,55,223,5.639620074176385e-05,7.928057323765152e-05,-0.335549552
a while,55,223,5.639620074176385e-05,7.928057323765152e-05,-0.335549552
be considered,118,477,0.000120995,0.000169582,-0.335233329
is currently,60,243,6.15231280819242e-05,8.639093855044537e-05,-0.334855062
in addition,246,991,0.000252245,0.000352319,-0.333013494
experience in,67,270,6.870082635814869e-05,9.598993172271708e-05,-0.330395003
only the,73,294,7.485313916634111e-05,0.000104522,-0.330123878
there are,606,2423,0.000621384,0.000861421,-0.326186657
of their,261,1040,0.000267626,0.000369739,-0.322179686
o html,51,204,5.2294658869635565e-05,7.252572619049736e-05,-0.321799244
html n,51,204,5.2294658869635565e-05,7.252572619049736e-05,-0.321799244
be interested,80,319,8.20308374425656e-05,0.00011341,-0.320579269
of some,99,394,0.000101513,0.000140074,-0.319294776
the actual,59,235,6.0497742613892126e-05,8.354679242532783e-05,-0.318304669
added to,55,219,5.639620074176385e-05,7.785850017509275e-05,-0.317676997
sie ihr,54,215,5.537081527373178e-05,7.643642711253398e-05,-0.31750574
of it,155,615,0.000158935,0.000218644,-0.317240936
i know,177,702,0.000181493,0.000249574,-0.317040513
there is,745,2951,0.000763912,0.001049134,-0.316912415
the largest,71,282,7.280236823027697e-05,0.000100256,-0.316262633
included in,85,337,8.715776478272595e-05,0.00011981,-0.315088221
could be,232,918,0.000237889,0.000326366,-0.315077299
of time,81,321,8.305622291059767e-05,0.000114121,-0.314501009
intended to,61,241,6.254851354995626e-05,8.567990201916599e-05,-0.310418439
while the,68,268,6.972621182618076e-05,9.527889519143769e-05,-0.308432887
de la,253,992,0.000259423,0.000352674,-0.306070521
all rights,308,1207,0.000315819,0.000429111,-0.305712499
got a,56,220,5.742158620979592e-05,7.821401844073244e-05,-0.304467835
at http,290,1135,0.000297362,0.000403513,-0.304377651
the number,141,552,0.000144579,0.000196246,-0.303730794
available in,75,294,7.690391010240524e-05,0.000104522,-0.303446824
5 00,143,559,0.00014663,0.000198735,-0.302280069
can you,116,453,0.000118945,0.00016105,-0.300872615
in fact,160,623,0.000164062,0.000221488,-0.298553435
short term,70,273,7.17769827622449e-05,9.705648651963616e-05,-0.298143971
in place,52,203,5.3320044337667636e-05,7.217020792485767e-05,-0.297895043
that was,138,537,0.000141503,0.000190913,-0.297679335
have not,118,459,0.000120995,0.000163183,-0.296996915
sure that,92,358,9.433546305895043e-05,0.000127276,-0.296778738
to show,64,249,6.562466995405247e-05,8.852404814428353e-05,-0.295432355
reference to,83,322,8.510699384666181e-05,0.000114477,-0.293479713
a whole,52,202,5.3320044337667636e-05,7.181468965921797e-05,-0.293024416
the wall,59,229,6.0497742613892126e-05,8.141368283148968e-05,-0.292751008
to have,439,1695,0.000450144,0.000602603,-0.291130392
only one,77,298,7.895468103846938e-05,0.000105944,-0.29084949
to develop,62,240,6.357389901798833e-05,8.53243837535263e-05,-0.290301815
before the,147,567,0.000150732,0.000201579,-0.289015635
one or,85,328,8.715776478272595e-05,0.00011661,-0.288245999
a message,77,297,7.895468103846938e-05,0.000105589,-0.287519625
so if,51,197,5.2294658869635565e-05,7.003709833101951e-05,-0.287366135
a copy,165,635,0.000169189,0.000225754,-0.286958918
director of,61,235,6.254851354995626e-05,8.354679242532783e-05,-0.28550153
know if,275,1056,0.000281981,0.000375427,-0.285345133
will need,97,373,9.946239039911079e-05,0.000132608,-0.28512905
to try,83,319,8.510699384666181e-05,0.00011341,-0.284200706
as a,1132,4339,0.001160736,0.001542594,-0.284197565
them and,61,234,6.254851354995626e-05,8.319127415968814e-05,-0.281287676
at this,155,593,0.000158935,0.000210822,-0.28098196
and a,587,2242,0.000601901,0.000797072,-0.280445307
to their,97,371,9.946239039911079e-05,0.000131897,-0.27979304
me a,86,329,8.818315025075802e-05,0.000116966,-0.279700165
s and,102,390,0.000104589,0.000138652,-0.27959729
and or,219,836,0.000224559,0.000297213,-0.279225285
must have,53,203,5.434542980569971e-05,7.217020792485767e-05,-0.279194256
they re,58,222,5.9472357145860055e-05,7.892505497201183e-05,-0.278903029
selection of,58,222,5.9472357145860055e-05,7.892505497201183e-05,-0.278903029
of that,141,538,0.000144579,0.000191269,-0.278173227
end of,264,1005,0.000270702,0.000357296,-0.276654054
use the,208,792,0.00021328,0.00028157,-0.276643559
a different,111,423,0.000113818,0.000150384,-0.27647474
a good,232,883,0.000237889,0.000313923,-0.276326182
than a,113,430,0.000115869,0.000152873,-0.275076773
as part,117,445,0.00011997,0.000158206,-0.27465322
who have,121,459,0.000124072,0.000163183,-0.272094246
mensagem opcional,51,193,5.2294658869635565e-05,6.861502526846072e-05,-0.267144307
opcional aqui,51,193,5.2294658869635565e-05,6.861502526846072e-05,-0.267144307
coloca uma,51,193,5.2294658869635565e-05,6.861502526846072e-05,-0.267144307
and then,179,675,0.000183544,0.000239975,-0.266804575
all i,54,204,5.537081527373178e-05,7.252572619049736e-05,-0.265683796
is as,58,219,5.9472357145860055e-05,7.785850017509275e-05,-0.265468755
to those,82,309,8.408160837862974e-05,0.000109855,-0.264613446
we re,152,572,0.000155859,0.000203356,-0.264521057
is very,140,525,0.000143554,0.000186647,-0.260910113
hope to,50,188,5.12692734016035e-05,6.683743394026226e-05,-0.260705474
world s,65,244,6.665005542208455e-05,8.674645681608507e-05,-0.26010331
on to,82,307,8.408160837862974e-05,0.000109144,-0.258178683
tr tr,63,236,6.45992844860204e-05,8.390231069096753e-05,-0.257936521
a number,221,823,0.00022661,0.000292592,-0.254554991
from the,1247,4638,0.001278656,0.001648894,-0.254119831
to put,92,342,9.433546305895043e-05,0.000121587,-0.251421134
2 2,54,201,5.537081527373178e-05,7.145917139357828e-05,-0.251071685
by the,1033,3830,0.001059223,0.001361635,-0.250940853
the new,418,1547,0.000428611,0.000549987,-0.248830334
if not,84,311,8.613237931469388e-05,0.000110566,-0.247189399
when they,67,248,6.870082635814869e-05,8.816852987864384e-05,-0.246316
date of,54,200,5.537081527373178e-05,7.110365312793859e-05,-0.246153146
is now,189,697,0.000193798,0.000247796,-0.244671841
ser carregado,53,196,5.434542980569971e-05,6.96815800653798e-05,-0.244590916
as possible,194,715,0.000198925,0.000254196,-0.244088953
must be,379,1396,0.000388621,0.000496303,-0.244025792
can find,55,203,5.639620074176385e-05,7.217020792485767e-05,-0.242810231
is one,113,416,0.000115869,0.000147896,-0.242195513
the great,54,199,5.537081527373178e-05,7.07481348622989e-05,-0.241210294
to the,3734,13697,0.003828789,0.004869534,-0.240393719
aqui caso,53,195,5.434542980569971e-05,6.932606179974011e-05,-0.239548366
work with,121,444,0.000124072,0.00015785,-0.239074347
are now,90,330,9.228469212288629e-05,0.000117321,-0.237745481
of them,157,575,0.000160986,0.000204423,-0.237564342
san francisco,69,253,7.075159729421283e-05,8.99461212068423e-05,-0.23705714
if it,226,826,0.000231737,0.000293658,-0.2359061
a small,114,417,0.000116894,0.000148251,-0.2358448
feel free,92,336,9.433546305895043e-05,0.000119454,-0.233867215
to hear,86,314,8.818315025075802e-05,0.000111633,-0.233440273
in the,6027,21937,0.006179998,0.007799004,-0.232644489
2 1,60,219,6.15231280819242e-05,7.785850017509275e-05,-0.232118572
even if,123,448,0.000126122,0.000159272,-0.231723013
it is,1475,5354,0.001512444,0.001903445,-0.229802958
that there,273,991,0.00027993,0.000352319,-0.229263846
think of,89,323,9.125930665485422e-05,0.000114832,-0.227541154
when the,181,656,0.000185595,0.00023322,-0.22732151
they can,139,503,0.000142529,0.000178826,-0.2254538
process of,87,315,8.920853571879009e-05,0.000111988,-0.22515981
like the,132,477,0.000135351,0.000169582,-0.22398579
o possa,55,199,5.639620074176385e-05,7.07481348622989e-05,-0.223183747
any of,170,613,0.000174316,0.000217933,-0.222176986
for each,142,512,0.000145605,0.000182025,-0.221884581
the full,113,407,0.000115869,0.000144696,-0.220471941
where i,51,184,5.2294658869635565e-05,6.541536087770349e-05,-0.220092251
the word,134,482,0.000137402,0.00017136,-0.219424191
head of,58,209,5.9472357145860055e-05,7.430331751869582e-05,-0.219337837
for information,119,428,0.000122021,0.000152162,-0.219140973
made by,57,205,5.8446971677827984e-05,7.288124445613705e-05,-0.217374317
these are,113,405,0.000115869,0.000143985,-0.215579716
have an,146,522,0.000149706,0.000185581,-0.213530201
i should,99,354,0.000101513,0.000125853,-0.213041416
what the,126,450,0.000129199,0.000159983,-0.212239394
fact that,176,628,0.000180468,0.000223265,-0.211752027
to look,88,314,9.023392118682215e-05,0.000111633,-0.210705626
pm to,691,2461,0.000708541,0.00087493,-0.210667908
have already,62,221,6.357389901798833e-05,7.856953670637213e-05,-0.208821026
i d,118,420,0.000120995,0.000149318,-0.208766827
told me,57,203,5.8446971677827984e-05,7.217020792485767e-05,-0.20770366
i can,398,1413,0.000408103,0.000502347,-0.207312432
phone fax,50,178,5.12692734016035e-05,6.328225128386533e-05,-0.206874872
instead of,123,436,0.000126122,0.000155006,-0.204743735
be happy,77,273,7.895468103846938e-05,9.705648651963616e-05,-0.204083719
the original,133,471,0.000136376,0.000167449,-0.203910008
a full,81,287,8.305622291059767e-05,0.000102034,-0.203570634
people in,59,209,6.0497742613892126e-05,7.430331751869582e-05,-0.202523723
first time,88,311,9.023392118682215e-05,0.000110566,-0.201191192
in order,297,1047,0.000304539,0.000372228,-0.200109472
to include,70,247,7.17769827622449e-05,8.781301161300415e-05,-0.199133432
please contact,319,1123,0.000327098,0.000399247,-0.198769652
using the,159,560,0.000163036,0.00019909,-0.198680728
what are,90,317,9.228469212288629e-05,0.000112699,-0.197901135
the fact,183,643,0.000187646,0.000228598,-0.196461212
the whole,142,499,0.000145605,0.000177404,-0.196308383
o box,113,397,0.000115869,0.000141141,-0.195767908
td tr,123,432,0.000126122,0.000153584,-0.195586431
join us,60,211,6.15231280819242e-05,7.501435404997521e-05,-0.195385654
not only,134,470,0.000137402,0.000167094,-0.194360892
not limited,97,340,9.946239039911079e-05,0.000120876,-0.193222428
among the,77,270,7.895468103846938e-05,9.598993172271708e-05,-0.193147189
what s,63,221,6.45992844860204e-05,7.856953670637213e-05,-0.193066526
list and,61,214,6.254851354995626e-05,7.608090884689429e-05,-0.193052027
needed to,57,200,5.8446971677827984e-05,7.110365312793859e-05,-0.193020028
d c,53,186,5.434542980569971e-05,6.612639740898288e-05,-0.192983284
and any,51,179,5.2294658869635565e-05,6.363776954950503e-05,-0.192962791
i need,118,412,0.000120995,0.000146474,-0.189664633
including the,106,370,0.000108691,0.000131542,-0.189231711
what they,88,307,9.023392118682215e-05,0.000109144,-0.188362806
am to,543,1889,0.000556784,0.000671574,-0.187139803
let me,485,1687,0.000497312,0.000599759,-0.186968088
going to,295,1026,0.000302489,0.000364762,-0.186637719
up the,120,417,0.000123046,0.000148251,-0.184975705
i did,140,486,0.000143554,0.000172782,-0.184148031
on the,3576,12386,0.003666778,0.004403449,-0.183029073
this new,55,191,5.639620074176385e-05,6.790398873718134e-05,-0.182735956
are still,91,315,9.331007759091836e-05,0.000111988,-0.180695812
was the,155,536,0.000158935,0.000190558,-0.180423636
involved in,120,415,0.000123046,0.00014754,-0.180200293
rio de,65,225,6.665005542208455e-05,7.99916097689309e-05,-0.179997392
agreed to,61,211,6.254851354995626e-05,7.501435404997521e-05,-0.179118584
in all,140,483,0.000143554,0.000171715,-0.177991802
an opportunity,64,221,6.562466995405247e-05,7.856953670637213e-05,-0.177556386
possa ser,60,207,6.15231280819242e-05,7.359228098741644e-05,-0.176500492
this has,56,193,5.742158620979592e-05,6.861502526846072e-05,-0.175294976
like this,79,272,8.100545197453353e-05,9.670096825399646e-05,-0.175125737
the power,86,296,8.818315025075802e-05,0.000105233,-0.174946499
the recent,54,186,5.537081527373178e-05,6.612639740898288e-05,-0.174625806
set up,149,511,0.000152782,0.00018167,-0.172141494
has been,919,3148,0.000942329,0.001119172,-0.17182171
it on,96,329,9.843700493107872e-05,0.000116966,-0.170867961
a long,97,332,9.946239039911079e-05,0.000118032,-0.169609471
and will,239,817,0.000245067,0.000290458,-0.169292992
for this,313,1069,0.000320946,0.000380049,-0.168545297
that all,81,277,8.305622291059767e-05,9.847855958219494e-05,-0.168456244
period of,52,178,5.3320044337667636e-05,6.328225128386533e-05,-0.168390264
and has,104,355,0.00010664,0.000126209,-0.16703813
will have,223,760,0.000228661,0.000270194,-0.166229865
talk to,72,245,7.382775369830904e-05,8.710197508172476e-05,-0.163306096
will find,57,194,5.8446971677827984e-05,6.897054353410042e-05,-0.162989664
please send,223,757,0.000228661,0.000269127,-0.162289298
account for,65,221,6.665005542208455e-05,7.856953670637213e-05,-0.162283141
the latest,198,672,0.000203026,0.000238908,-0.162007643
to my,209,709,0.000214306,0.000252062,-0.161578056
along with,161,546,0.000165087,0.000194113,-0.161066629
the big,58,197,5.9472357145860055e-05,7.003709833101951e-05,-0.161015898
and if,180,610,0.000184569,0.000216866,-0.160451996
has a,270,913,0.000276854,0.000324588,-0.15853725
is important,70,237,7.17769827622449e-05,8.425782895660722e-05,-0.158280213
to leave,65,220,6.665005542208455e-05,7.821401844073244e-05,-0.15780511
for his,50,169,5.12692734016035e-05,6.00825868931081e-05,-0.15581814
look at,215,725,0.000220458,0.000257751,-0.155632821
i have,1092,3677,0.001119721,0.001307241,-0.154711062
about it,119,401,0.000122021,0.000142563,-0.15441872
postal address,55,185,5.639620074176385e-05,6.577087914334318e-05,-0.151288933
via email,135,453,0.000138427,0.00016105,-0.150362096
us know,53,178,5.434542980569971e-05,6.328225128386533e-05,-0.149689477
would like,590,1976,0.000604977,0.000702504,-0.14923096
can also,140,469,0.000143554,0.000166738,-0.148750734
work and,87,291,8.920853571879009e-05,0.000103456,-0.146640108
and one,107,357,0.000109716,0.00012692,-0.144434654
time for,92,307,9.433546305895043e-05,0.000109144,-0.144387715
the year,83,277,8.510699384666181e-05,9.847855958219494e-05,-0.144351502
more information,339,1130,0.000347606,0.000401736,-0.144338958
provided by,51,170,5.2294658869635565e-05,6.043810515874779e-05,-0.142194131
be able,295,981,0.000302489,0.000348763,-0.141912558
for them,52,173,5.3320044337667636e-05,6.150465995566687e-05,-0.140347814
who are,210,697,0.000215331,0.000247796,-0.13982481
and they,141,468,0.000144579,0.000166383,-0.139560596
and other,417,1382,0.000427586,0.000491326,-0.138650781
off the,98,325,0.000100488,0.000115543,-0.138325691
4 5,50,166,5.12692734016035e-05,5.901603209618902e-05,-0.138203036
i shall,73,242,7.485313916634111e-05,8.603542028480568e-05,-0.137516074
out to,139,460,0.000142529,0.000163538,-0.136609811
as i,241,797,0.000247118,0.000283348,-0.136295016
we had,66,218,6.767544089011662e-05,7.750298190945306e-05,-0.133744958
each of,161,530,0.000165087,0.000188425,-0.131479372
long term,120,395,0.000123046,0.00014043,-0.13114835
get to,62,204,6.357389901798833e-05,7.252572619049736e-05,-0.129825072
or to,126,414,0.000129199,0.000147185,-0.129397799
send the,105,345,0.000107665,0.000122654,-0.12921162
because the,104,341,0.00010664,0.000121232,-0.127125508
be done,79,259,8.100545197453353e-05,9.207923080068046e-05,-0.126665342
be on,93,304,9.53608485269825e-05,0.000108078,-0.123959139
use of,437,1427,0.000448093,0.000507325,-0.123889157
rate of,52,170,5.3320044337667636e-05,6.043810515874779e-05,-0.123136948
a large,125,408,0.000128173,0.000145051,-0.122804961
around the,160,522,0.000164062,0.000185581,-0.122543776
have to,567,1847,0.000581394,0.000656642,-0.12151463
ask for,57,186,5.8446971677827984e-05,6.612639740898288e-05,-0.121492688
which are,179,583,0.000183544,0.000207267,-0.120933714
cannot be,105,342,0.000107665,0.000121587,-0.120548877
is to,537,1747,0.000550632,0.00062109,-0.120204285
a letter,62,202,6.357389901798833e-05,7.181468965921797e-05,-0.120107427
he was,124,403,0.000127148,0.000143274,-0.118529036
i ve,193,627,0.000197899,0.00022291,-0.118444828
the above,214,692,0.000219432,0.000246019,-0.113872318
are all,77,249,7.895468103846938e-05,8.852404814428353e-05,-0.113047296
this i,60,194,6.15231280819242e-05,6.897054353410042e-05,-0.112537809
like it,52,168,5.3320044337667636e-05,5.9727068627468406e-05,-0.11149624
telephone number,52,168,5.3320044337667636e-05,5.9727068627468406e-05,-0.11149624
find a,84,271,8.613237931469388e-05,9.634544998835677e-05,-0.110837429
it the,102,329,0.000104589,0.000116966,-0.11083508
the us,152,490,0.000155859,0.000174204,-0.110606019
and how,168,541,0.000172265,0.000192335,-0.109605589
mail and,54,174,5.537081527373178e-05,6.186017822130656e-05,-0.108961302
way that,50,161,5.12692734016035e-05,5.723844076799056e-05,-0.108136939
do this,140,450,0.000143554,0.000159983,-0.107647231
cost of,93,299,9.53608485269825e-05,0.0001063,-0.107528307
like a,145,466,0.000148681,0.000165672,-0.107519233
didn t,89,286,9.125930665485422e-05,0.000101678,-0.106996896
the entire,95,305,9.741161946304665e-05,0.000108433,-0.106154258
as the,689,2210,0.000706491,0.000785695,-0.106116767
more than,511,1639,0.000523972,0.000582694,-0.106032744
are going,57,183,5.8446971677827984e-05,6.50598426120638e-05,-0.105476355
the very,82,263,8.408160837862974e-05,9.350130386323923e-05,-0.105002737
talking about,74,237,7.587852463437317e-05,8.425782895660722e-05,-0.103453373
loss of,91,291,9.331007759091836e-05,0.000103456,-0.102176111
visit the,117,374,0.00011997,0.000132964,-0.102026443
or any,103,329,0.000105615,0.000116966,-0.101170857
to let,56,179,5.742158620979592e-05,6.363776954950503e-05,-0.101113459
majority of,67,214,6.870082635814869e-05,7.608090884689429e-05,-0.100643461
of 2,57,182,5.8446971677827984e-05,6.47043243464241e-05,-0.10008006
value of,108,344,0.000110742,0.000122298,-0.098417152
are being,69,219,7.075159729421283e-05,7.785850017509275e-05,-0.094444993
it and,134,425,0.000137402,0.000151095,-0.094347069
with the,1825,5782,0.001871328,0.002055607,-0.093874516
a m,244,773,0.000250194,0.000274816,-0.093506832
from my,82,259,8.408160837862974e-05,9.207923080068046e-05,-0.08984018
the art,50,158,5.12692734016035e-05,5.617188597107148e-05,-0.089653582
the order,78,246,7.998006650650145e-05,8.745749334736445e-05,-0.088319104
to identify,59,186,6.0497742613892126e-05,6.612639740898288e-05,-0.087576902
world wide,118,371,0.000120995,0.000131897,-0.085592435
and it,283,889,0.000290184,0.000316056,-0.085121918
sponsored by,212,665,0.000217382,0.00023642,-0.083584699
is there,192,602,0.000196874,0.000214022,-0.083109815
but not,255,799,0.000261473,0.000284059,-0.082547166
on that,60,188,6.15231280819242e-05,6.683743394026226e-05,-0.081577628
to call,119,372,0.000122021,0.000132253,-0.079894016
office of,71,222,7.280236823027697e-05,7.892505497201183e-05,-0.079698562
regardless of,55,172,5.639620074176385e-05,6.114914169002718e-05,-0.079558896
the rest,130,406,0.0001333,0.00014434,-0.079001758
addition to,189,590,0.000193798,0.000209756,-0.078737635
to give,191,596,0.000195849,0.000211889,-0.07833534
s in,57,178,5.8446971677827984e-05,6.328225128386533e-05,-0.07819888
up on,84,262,8.613237931469388e-05,9.314578559759954e-05,-0.077415928
be more,68,212,6.972621182618076e-05,7.53698723156149e-05,-0.076772026
are no,86,268,8.818315025075802e-05,9.527889519143769e-05,-0.076557015
i found,86,268,8.818315025075802e-05,9.527889519143769e-05,-0.076557015
is the,1323,4116,0.001356585,0.001463313,-0.075678947
a year,111,345,0.000113818,0.000122654,-0.074139328
the names,84,261,8.613237931469388e-05,9.279026733195984e-05,-0.073632527
a couple,196,608,0.000200976,0.000216155,-0.072465211
via the,80,248,8.20308374425656e-05,8.816852987864384e-05,-0.071316099
so that,281,869,0.000288133,0.000308945,-0.069508181
the four,85,263,8.715776478272595e-05,9.350130386323923e-05,-0.069485641
are very,53,164,5.434542980569971e-05,5.8304995564909635e-05,-0.069099458
even more,66,204,6.767544089011662e-05,7.252572619049736e-05,-0.068243709
in touch,57,176,5.8446971677827984e-05,6.257121475258595e-05,-0.067076087
the month,61,188,6.254851354995626e-05,6.683743394026226e-05,-0.065310558
understand the,62,191,6.357389901798833e-05,6.790398873718134e-05,-0.064903779
this may,51,157,5.2294658869635565e-05,5.5816367705431786e-05,-0.063988331
the use,227,698,0.000232763,0.000248152,-0.063756498
this as,53,163,5.434542980569971e-05,5.794947729926994e-05,-0.063086673
other than,100,307,0.000102539,0.000109144,-0.061845601
a little,191,586,0.000195849,0.000208334,-0.061494618
with them,75,230,7.690391010240524e-05,8.176920109712937e-05,-0.060579879
of interest,249,763,0.000255321,0.00027126,-0.060328603
can use,65,199,6.665005542208455e-05,7.07481348622989e-05,-0.058813685
that i,569,1740,0.000583444,0.000618602,-0.05841545
let you,67,205,6.870082635814869e-05,7.288124445613705e-05,-0.058246826
to them,89,272,9.125930665485422e-05,9.670096825399646e-05,-0.057308307
to go,218,666,0.000223534,0.000236775,-0.057298256
is on,111,339,0.000113818,0.000120521,-0.056738143
directly to,92,281,9.433546305895043e-05,9.990063264475371e-05,-0.056734336
any other,190,580,0.000194823,0.000206201,-0.056474967
a major,126,384,0.000129199,0.000136519,-0.054701453
kind of,239,728,0.000245067,0.000258817,-0.05437431
from their,63,192,6.45992844860204e-05,6.825950700282103e-05,-0.054295632
the present,64,195,6.562466995405247e-05,6.932606179974011e-05,-0.054067524
the software,68,207,6.972621182618076e-05,7.359228098741644e-05,-0.053220778
shares of,71,216,7.280236823027697e-05,7.679194537817367e-05,-0.052647075
15 000,54,164,5.537081527373178e-05,5.8304995564909635e-05,-0.05074198
a friend,57,173,5.8446971677827984e-05,6.150465995566687e-05,-0.05015643
to these,61,185,6.254851354995626e-05,6.577087914334318e-05,-0.049463437
within a,95,288,9.741161946304665e-05,0.000102389,-0.049342212
plans to,63,191,6.45992844860204e-05,6.790398873718134e-05,-0.049149279
held on,64,194,6.562466995405247e-05,6.897054353410042e-05,-0.048999418
so many,69,209,7.075159729421283e-05,7.430331751869582e-05,-0.048314075
be used,220,666,0.000225585,0.000236775,-0.048206261
you might,113,342,0.000115869,0.000121587,-0.047773129
uma mensagem,75,227,7.690391010240524e-05,8.070264630021029e-05,-0.047610246
it i,83,251,8.510699384666181e-05,8.923508467556292e-05,-0.046827679
the words,55,166,5.639620074176385e-05,5.901603209618902e-05,-0.044633616
day to,60,181,6.15231280819242e-05,6.434880608078441e-05,-0.044202633
me the,65,196,6.665005542208455e-05,6.96815800653798e-05,-0.043836829
are interested,142,428,0.000145605,0.000152162,-0.043754897
over a,67,202,6.870082635814869e-05,7.181468965921797e-05,-0.043705542
and our,73,220,7.485313916634111e-05,7.821401844073244e-05,-0.043354192
caso o,77,232,7.895468103846938e-05,8.248023762840875e-05,-0.043149942
a wide,105,316,0.000107665,0.000112344,-0.042151312
p p,231,695,0.000236864,0.000247085,-0.042072951
i just,147,442,0.000150732,0.000157139,-0.041361266
names of,60,180,6.15231280819242e-05,6.399328781514472e-05,-0.038747463
an hour,56,168,5.742158620979592e-05,5.9727068627468406e-05,-0.038704091
expected to,144,431,0.000147656,0.000153228,-0.036802844
i don,89,266,9.125930665485422e-05,9.456785866015831e-05,-0.035233394
on this,389,1162,0.000398875,0.000413112,-0.034985145
have seen,61,182,6.254851354995626e-05,6.47043243464241e-05,-0.033361136
it a,105,313,0.000107665,0.000111277,-0.032696848
out with,54,161,5.537081527373178e-05,5.723844076799056e-05,-0.032594066
gl ckwunsch,53,158,5.434542980569971e-05,5.617188597107148e-05,-0.032468187
things that,52,155,5.3320044337667636e-05,5.51053311741524e-05,-0.032337538
it has,326,970,0.000334276,0.000344853,-0.031059946
the message,117,348,0.00011997,0.00012372,-0.030530677
to write,109,324,0.000111767,0.000115188,-0.029884979
the world,623,1851,0.000638815,0.000658064,-0.029641815
information from,70,208,7.17769827622449e-05,7.394779925305613e-05,-0.029392127
but a,67,199,6.870082635814869e-05,7.07481348622989e-05,-0.028949686
and new,60,178,6.15231280819242e-05,6.328225128386533e-05,-0.027747026
right to,112,332,0.000114843,0.000118032,-0.027155589
able to,524,1552,0.000537302,0.000551764,-0.026512064
with a,1072,3174,0.001099213,0.001128415,-0.026195779
of paper,103,305,0.000105615,0.000108433,-0.026091708
in north,52,154,5.3320044337667636e-05,5.474981290851271e-05,-0.025980755
might have,77,228,7.895468103846938e-05,8.105816456584998e-05,-0.025968333
to ensure,144,426,0.000147656,0.000151451,-0.025210199
all that,71,210,7.280236823027697e-05,7.465883578433551e-05,-0.024843411
away from,91,269,9.331007759091836e-05,9.563441345707739e-05,-0.024346873
resources and,62,183,6.357389901798833e-05,6.50598426120638e-05,-0.022750748
know what,141,416,0.000144579,0.000147896,-0.022524074
it does,180,531,0.000184569,0.00018878,-0.022437704
to deliver,75,221,7.690391010240524e-05,7.856953670637213e-05,-0.021155169
at a,329,969,0.000337352,0.000344497,-0.020898299
of those,159,468,0.000163036,0.000166383,-0.020194221
of what,154,453,0.000157909,0.00016105,-0.019569547
type of,135,397,0.000138427,0.000141141,-0.019276333
to update,51,150,5.2294658869635565e-05,5.332773984595394e-05,-0.019198842
talking to,50,147,5.12692734016035e-05,5.226118504903486e-05,-0.018799139
to say,190,558,0.000194823,0.000198379,-0.01799609
the past,264,775,0.000270702,0.000275527,-0.017602214
to tell,72,211,7.382775369830904e-05,7.501435404997521e-05,-0.015733337
is sponsored,182,533,0.00018662,0.000189491,-0.015186718
a few,562,1645,0.000576267,0.000584828,-0.014721196
and i,826,2417,0.000846968,0.000859288,-0.014423441
order to,335,980,0.000343504,0.000348408,-0.014133925
form and,118,345,0.000120995,0.000122654,-0.013501701
a lot,384,1122,0.000393748,0.000398891,-0.012945609
piece of,77,225,7.895468103846938e-05,7.99916097689309e-05,-0.012885579
under the,241,704,0.000247118,0.000250285,-0.012683165
one day,51,149,5.2294658869635565e-05,5.2972221580314244e-05,-0.012633382
the list,346,1010,0.000354783,0.000359073,-0.011985994
into the,450,1313,0.000461423,0.000466795,-0.011550145
had to,170,496,0.000174316,0.000176337,-0.011464838
your subscription,72,210,7.382775369830904e-05,7.465883578433551e-05,-0.011045377
am writing,71,207,7.280236823027697e-05,7.359228098741644e-05,-0.010646209
two weeks,92,268,9.433546305895043e-05,9.527889519143769e-05,-0.009847276
assume that,78,227,7.998006650650145e-05,8.070264630021029e-05,-0.00888336
the initial,85,247,8.715776478272595e-05,8.781301161300415e-05,-0.007405175
sent to,485,1408,0.000497312,0.00050057,-0.006516326
be at,62,180,6.357389901798833e-05,6.399328781514472e-05,-0.006473711
two years,61,177,6.254851354995626e-05,6.292673301822564e-05,-0.005934024
is just,87,252,8.920853571879009e-05,8.959060294120261e-05,-0.004226434
we may,95,275,9.741161946304665e-05,9.776752305091554e-05,-0.003609956
the right,210,607,0.000215331,0.0002158,-0.002163963
to all,218,630,0.000223534,0.000223977,-0.001968699
klik hier,62,179,6.357389901798833e-05,6.363776954950503e-05,-0.000988619
figure out,52,150,5.3320044337667636e-05,5.332773984595394e-05,-0.00014166
could not,77,222,7.895468103846938e-05,7.892505497201183e-05,0.000370604
has the,125,360,0.000128173,0.000127987,0.001445678
of an,304,875,0.000311717,0.000311078,0.002044509
its a,81,233,8.305622291059767e-05,8.283575589404845e-05,0.002626298
sie keine,77,221,7.895468103846938e-05,7.856953670637213e-05,0.004828672
like to,827,2373,0.000847994,0.000843645,0.005135626
to access,75,215,7.690391010240524e-05,7.643642711253398e-05,0.006018841
when i,239,685,0.000245067,0.00024353,0.006266322
also available,51,146,5.2294658869635565e-05,5.1905666783395166e-05,0.007325662
out a,75,214,7.690391010240524e-05,7.608090884689429e-05,0.010620511
is a,2024,5773,0.00207538,0.002052407,0.011125744
much as,90,256,9.228469212288629e-05,9.101267600376138e-05,0.013729672618559853
o pagamento,93,264,9.53608485269825e-05,9.385682212887892e-05,0.015731364264933264
so much,103,292,0.000105615,0.000103811,0.01705952
this process,54,153,5.537081527373178e-05,5.4394294642873015e-05,0.017474961225684305
too much,84,238,8.613237931469388e-05,8.461334722224691e-05,0.017587367024467115
of his,137,388,0.000140478,0.000137941,0.01809287
refer to,88,249,9.023392118682215e-05,8.852404814428353e-05,0.018919487226172885
only to,70,198,7.17769827622449e-05,7.03926165966592e-05,0.019205279373732495
the amount,93,263,9.53608485269825e-05,9.350130386323923e-05,0.019486352
with more,56,158,5.742158620979592e-05,5.617188597107148e-05,0.021623175
is so,83,234,8.510699384666181e-05,8.319127415968814e-05,0.022499353910085416
use it,77,217,7.895468103846938e-05,7.714746364381336e-05,0.022862386
matter of,60,169,6.15231280819242e-05,6.00825868931081e-05,0.023309705608769726
and with,86,242,8.818315025075802e-05,8.603542028480568e-05,0.024376958
have a,886,2489,0.000908492,0.000884885,0.026298575
to be,2743,7705,0.002812632,0.002739268,0.026420483626601553
write to,93,261,9.53608485269825e-05,9.279026733195984e-05,0.027038893
back to,269,755,0.000275829,0.000268416,0.027141138544442098
willing to,122,342,0.000125097,0.000121587,0.028228671307982494
are the,422,1181,0.000432713,0.000419867,0.030065219
email for,64,179,6.562466995405247e-05,6.363776954950503e-05,0.030276020802573612
the need,72,201,7.382775369830904e-05,7.145917139357828e-05,0.032165605
that may,67,187,6.870082635814869e-05,6.648191567462257e-05,0.032352527572643036
as much,137,382,0.000140478,0.000135808,0.03356456
situa o,94,262,9.638623399501458e-05,9.314578559759954e-05,0.033840374
regarding the,116,323,0.000118945,0.000114832,0.034886605
we need,263,732,0.000269676,0.000260239,0.035486815
e mail,945,2630,0.000968989,0.000935013,0.0356556
please note,147,409,0.000150732,0.000145407,0.035723377
intend to,59,164,6.0497742613892126e-05,5.8304995564909635e-05,0.036306924
may be,774,2150,0.000793648,0.000764364,0.037547801
a b,53,147,5.434542980569971e-05,5.226118504903486e-05,0.038386256
how this,53,147,5.434542980569971e-05,5.226118504903486e-05,0.038386256
portion of,70,194,7.17769827622449e-05,6.897054353410042e-05,0.039325388
of credit,52,144,5.3320044337667636e-05,5.119463025211578e-05,0.039913679
email the,52,144,5.3320044337667636e-05,5.119463025211578e-05,0.039913679
available for,231,640,0.000236864,0.000227532,0.040024375184298425
the course,91,252,9.331007759091836e-05,8.959060294120261e-05,0.040237563903689585
pick up,51,141,5.2294658869635565e-05,5.01280754551967e-05,0.041502349169150785
time i,98,271,0.000100488,9.634544998835677e-05,0.041672364
as to,207,572,0.000212255,0.000203356,0.042621894
for its,101,279,0.000103564,9.918959611347433e-05,0.042734324
interest in,202,558,0.000207128,0.000198379,0.042944124
address is,95,262,9.741161946304665e-05,9.314578559759954e-05,0.04431439
to create,110,303,0.000112792,0.000107722,0.045581266
over the,437,1203,0.000448093,0.000427688,0.046500508
a much,52,143,5.3320044337667636e-05,5.083911198647609e-05,0.046748377
seu pedido,64,176,6.562466995405247e-05,6.257121475258595e-05,0.046914159
that s,252,693,0.000258397,0.000246374,0.047458238
to apply,83,228,8.510699384666181e-05,8.105816456584998e-05,0.048162317693742504
he had,62,170,6.357389901798833e-05,6.043810515874779e-05,0.049780041324528394
fax number,69,189,7.075159729421283e-05,6.719295220590195e-05,0.050868896912138285
been sent,61,167,6.254851354995626e-05,5.937155036182871e-05,0.051285634
throughout the,95,260,9.741161946304665e-05,9.243474906632015e-05,0.051895559
use and,60,164,6.15231280819242e-05,5.8304995564909635e-05,0.052842992904972574
the opportunity,97,265,9.946239039911079e-05,9.421234039451861e-05,0.053673873
part of,592,1616,0.000607028,0.000574518,0.054951592
result of,129,352,0.000132275,0.000125142,0.055000941
me to,235,641,0.000240966,0.000227887,0.055566163
it if,54,147,5.537081527373178e-05,5.226118504903486e-05,0.056743734488170855
i sent,68,185,6.972621182618076e-05,6.577087914334318e-05,0.057549206855822495
to keep,248,675,0.000254296,0.000239975,0.057729589
a person,53,144,5.434542980569971e-05,5.119463025211578e-05,0.058614466
it to,349,947,0.00035786,0.000336676,0.06084477
understand that,86,233,8.818315025075802e-05,8.283575589404845e-05,0.061832525409607264
in europe,99,268,0.000101513,9.527889519143769e-05,0.062742056
the more,183,495,0.000187646,0.000175982,0.063824366
names and,86,232,8.818315025075802e-05,8.248023762840875e-05,0.066082194
of 1,92,248,9.433546305895043e-05,8.816852987864384e-05,0.066873688
more of,75,202,7.690391010240524e-05,7.181468965921797e-05,0.06755843
i had,334,899,0.000342479,0.000319611,0.068896933
what we,142,382,0.000145605,0.000135808,0.069161779
we ve,108,290,0.000110742,0.0001031,0.070834507
think you,50,134,5.12692734016035e-05,4.7639447595718846e-05,0.071973811
us to,236,633,0.000241991,0.000225043,0.072298762
to think,75,201,7.690391010240524e-05,7.145917139357828e-05,0.072452895
be no,93,249,9.53608485269825e-05,8.852404814428353e-05,0.0735927
to introduce,77,206,7.895468103846938e-05,7.323676272177674e-05,0.074200505
and all,168,449,0.000172265,0.000159628,0.075731549
have been,982,2625,0.001006929,0.000933235,0.075924052
i was,589,1574,0.000603952,0.000559586,0.076166964
a new,793,2119,0.000813131,0.000753343,0.076273446
the cost,127,339,0.000130224,0.000120521,0.076820886
me with,60,160,6.15231280819242e-05,5.6882922502350864e-05,0.077114145
to anyone,60,160,6.15231280819242e-05,5.6882922502350864e-05,0.077114145
a high,63,168,6.45992844860204e-05,5.9727068627468406e-05,0.077175249
about to,71,189,7.280236823027697e-05,6.719295220590195e-05,0.079049602
first and,50,133,5.12692734016035e-05,4.7283929330079154e-05,0.079309913
million in,79,210,8.100545197453353e-05,7.465883578433551e-05,0.080551501
one that,73,194,7.485313916634111e-05,6.897054353410042e-05,0.080724745
the u,299,794,0.00030659,0.000282282,0.082327443
to move,80,212,8.20308374425656e-05,7.53698723156149e-05,0.083623797
because i,97,257,9.946239039911079e-05,9.136819426940107e-05,0.084000731
people have,68,180,6.972621182618076e-05,6.399328781514472e-05,0.084532251
review of,96,254,9.843700493107872e-05,9.0301639472482e-05,0.085355583
m chten,158,418,0.000162011,0.000148607,0.085807678
2 5,81,214,8.305622291059767e-05,7.608090884689429e-05,0.086630261
the form,159,420,0.000163036,0.000149318,0.087336815
http www,1441,3808,0.00147758,0.001353814,0.087418631
you cannot,58,153,5.9472357145860055e-05,5.4394294642873015e-05,0.08770975
the result,99,261,0.000101513,9.279026733195984e-05,0.088930103
then i,65,171,6.665005542208455e-05,6.0793623424387484e-05,0.090547996
is expected,84,221,8.613237931469388e-05,7.856953670637213e-05,0.090797249
will provide,135,355,0.000138427,0.000126209,0.091710161
mailing list,605,1591,0.000620358,0.00056563,0.092201982
state of,148,389,0.000151757,0.000138297,0.092243235
and was,72,189,7.382775369830904e-05,6.719295220590195e-05,0.092847635
of you,214,562,0.000219432,0.000199801,0.093275792
who was,61,160,6.254851354995626e-05,5.6882922502350864e-05,0.093381214
three years,50,131,5.12692734016035e-05,4.657289279879977e-05,0.094145572
create a,95,249,9.741161946304665e-05,8.852404814428353e-05,0.094651598
the key,71,186,7.280236823027697e-05,6.612639740898288e-05,0.09481345
before it,52,136,5.3320044337667636e-05,4.835048412699823e-05,0.095945724
letter to,73,191,7.485313916634111e-05,6.790398873718134e-05,0.096085023
once again,65,170,6.665005542208455e-05,6.043810515874779e-05,0.096317926
to come,141,369,0.000144579,0.000131186,0.096509468
is what,150,392,0.000153808,0.000139363,0.097951413
let s,116,303,0.000118945,0.000107722,0.09823644
and this,118,308,0.000120995,0.0001095,0.098971903
you see,94,245,9.638623399501458e-05,8.710197508172476e-05,0.10018991458072085
in my,347,903,0.000355809,0.000321033,0.10254593896896431
choose to,90,234,9.228469212288629e-05,8.319127415968814e-05,0.10256473925568246
this was,194,504,0.000198925,0.000179181,0.10397815594236308
as of,124,322,0.000127148,0.000114477,0.1041139198889549
with their,84,218,8.613237931469388e-05,7.750298190945306e-05,0.10429195333599497
being a,54,140,5.537081527373178e-05,4.977255718955701e-05,0.10459556907700752
as one,71,184,7.280236823027697e-05,6.541536087770349e-05,0.1054624526853203
information that,83,215,8.510699384666181e-05,7.643642711253398e-05,0.10613333306957605
to each,85,220,8.715776478272595e-05,7.821401844073244e-05,0.10697470731331177
so they,58,150,5.9472357145860055e-05,5.332773984595394e-05,0.10715139472443055
in one,170,440,0.000174316,0.000156428,0.10761893134946146
ability to,228,590,0.000233788,0.000209756,0.10798248996953372
front of,55,142,5.639620074176385e-05,5.0483593720836395e-05,0.1087149235785347
in der,79,204,8.100545197453353e-05,7.252572619049736e-05,0.10915037137371415
of america,88,227,9.023392118682215e-05,8.070264630021029e-05,0.11034037896780935
s the,162,418,0.000166112,0.000148607,0.11065749769252559
designed to,120,309,0.000123046,0.000109855,0.11243018884151698
making a,51,131,5.2294658869635565e-05,4.657289279879977e-05,0.11357299731991118
your attention,65,167,6.665005542208455e-05,5.937155036182871e-05,0.11383020038758765
the top,186,478,0.000190722,0.000169938,0.11474548213899008
out of,544,1397,0.00055781,0.000496659,0.115893838
with and,52,133,5.3320044337667636e-05,4.7283929330079154e-05,0.11779452027349831
like i,52,133,5.3320044337667636e-05,4.7283929330079154e-05,0.11779452027349831
i am,1478,3786,0.00151552,0.001345992,0.11854398044208599
the contract,54,138,5.537081527373178e-05,4.9061520658277624e-05,0.11869890263417826
the late,63,161,6.45992844860204e-05,5.723844076799056e-05,0.11901915766285498
a simple,90,230,9.228469212288629e-05,8.176920109712937e-05,0.11959999805782578
hear from,78,199,7.998006650650145e-05,7.07481348622989e-05,0.12104117252306212
into a,217,554,0.000222509,0.000196957,0.1213996630248149
the only,324,827,0.000332225,0.000294014,0.121796136
source of,82,209,8.408160837862974e-05,7.430331751869582e-05,0.12208670327403823
see the,247,630,0.00025327,0.000223977,0.12240153784824201
contact with,57,145,5.8446971677827984e-05,5.155014851775547e-05,0.12331675932557776
the south,50,127,5.12692734016035e-05,4.5150819736241e-05,0.12449396853651053
i will,749,1903,0.000768014,0.000676551,0.12662359523148736
to produce,58,147,5.9472357145860055e-05,5.226118504903486e-05,0.12697852354136488
see a,58,147,5.9472357145860055e-05,5.226118504903486e-05,0.12697852354136488
email message,64,162,6.562466995405247e-05,5.759395903363025e-05,0.12844332558269925
of any,257,650,0.000263524,0.000231087,0.13082047849829473
as soon,257,650,0.000263524,0.000231087,0.13082047849829473
a complete,95,240,9.741161946304665e-05,8.53243837535263e-05,0.13104677648942448
do the,116,293,0.000118945,0.000104167,0.1314827683846441
get this,67,169,6.870082635814869e-05,6.00825868931081e-05,0.1319853416307114
only a,122,308,0.000125097,0.0001095,0.1320395322779125
your mail,50,126,5.12692734016035e-05,4.4795301470601304e-05,0.13222719388021706
including a,73,184,7.485313916634111e-05,6.541536087770349e-05,0.13287072319492133
subscribe to,56,141,5.742158620979592e-05,5.01280754551967e-05,0.13335168026250227
may not,182,459,0.00018662,0.000163183,0.1334385153875004
this way,58,146,5.9472357145860055e-05,5.1905666783395166e-05,0.13367589825663656
could have,70,176,7.17769827622449e-05,6.257121475258595e-05,0.1352389646990133
of service,51,128,5.2294658869635565e-05,4.550633800188069e-05,0.13624751290483908
this project,53,133,5.434542980569971e-05,4.7283929330079154e-05,0.13649530753531885
day and,55,138,5.639620074176385e-05,4.9061520658277624e-05,0.1367254497112824
to follow,90,226,9.228469212288629e-05,8.03471280345706e-05,0.1369304936001436
a program,57,143,5.8446971677827984e-05,5.083911198647609e-05,0.1369397608557426
do so,96,241,9.843700493107872e-05,8.567990201916599e-05,0.1373022810979049
erhalten sie,65,163,6.665005542208455e-05,5.794947729926994e-05,0.13766741376844807
check the,70,175,7.17769827622449e-05,6.221569648694626e-05,0.14084710191054775
which we,74,185,7.587852463437317e-05,6.577087914334318e-05,0.14095952945327367
you cant,78,195,7.998006650650145e-05,6.932606179974011e-05,0.14106057914475276
the details,100,250,0.000102539,8.887956640992322e-05,0.14147335304490025
a a,149,372,0.000152782,0.000132253,0.14329080500613395
a 3,81,202,8.305622291059767e-05,7.181468965921797e-05,0.14356817943179626
and use,77,192,7.895468103846938e-05,6.825950700282103e-05,0.1435995662563703
find the,130,324,0.0001333,0.000115188,0.14486806518912868
here s,104,259,0.00010664,9.207923080068046e-05,0.14534207512412187
soon as,262,653,0.000268651,0.000232153,0.14543177911226016
at 12,94,234,9.638623399501458e-05,8.319127415968814e-05,0.14559358233600764
no way,80,199,8.20308374425656e-05,7.07481348622989e-05,0.14605021489567208
only for,56,139,5.742158620979592e-05,4.941703892391732e-05,0.14735625658859058
como uma,52,129,5.3320044337667636e-05,4.586185626752038e-05,0.14768925413608475
information is,129,320,0.000132275,0.000113766,0.1495186798884827
send me,67,166,6.870082635814869e-05,5.901603209618902e-05,0.14960044549046456
address and,150,372,0.000153808,0.000132253,0.14993644092891736
or have,57,141,5.8446971677827984e-05,5.01280754551967e-05,0.1507509147059764
below is,55,136,5.639620074176385e-05,4.835048412699823e-05,0.15103053606478553
copyright c,151,374,0.000154833,0.000132964,0.15121639263551215
had no,51,126,5.2294658869635565e-05,4.4795301470601304e-05,0.1516546194462152
do a,102,252,0.000104589,8.959060294120261e-05,0.15320672100948013
top of,98,242,0.000100488,8.603542028480568e-05,0.15362319091233312
program to,54,133,5.537081527373178e-05,4.7283929330079154e-05,0.15485278568233576
on all,180,444,0.000184569,0.00015785,0.155467798
to take,381,940,0.000390672,0.000334187,0.1557353145457901
have access,50,123,5.12692734016035e-05,4.3728746673682226e-05,0.15579229452235765
send an,132,325,0.000135351,0.000115543,0.15696752872985686
ensure that,94,231,9.638623399501458e-05,8.212471936276906e-05,0.15834274302301776
it s,766,1885,0.000785445,0.000670152,0.15852759572926764
this will,175,430,0.000179442,0.000152873,0.15928528915409432
better than,88,216,9.023392118682215e-05,7.679194537817367e-05,0.15938887478342184
the search,71,174,7.280236823027697e-05,6.186017822130656e-05,0.16047795435721313
to do,752,1846,0.00077109,0.000656287,0.16098062898267612
2 3,146,358,0.000149706,0.000127276,0.1611521663962309
or a,268,657,0.000274803,0.000233576,0.1619104502495853
for my,85,208,8.715776478272595e-05,7.394779925305613e-05,0.16233612973556852
ou a,70,171,7.17769827622449e-05,6.0793623424387484e-05,0.16359955605683296
a matter,59,144,6.0497742613892126e-05,5.119463025211578e-05,0.16402084780981363
and when,68,166,6.972621182618076e-05,5.901603209618902e-05,0.16420452324735674
need to,1014,2480,0.001039741,0.000881685,0.16471937125028002
we cannot,57,139,5.8446971677827984e-05,4.941703892391732e-05,0.1647554910320646
to use,460,1123,0.000471677,0.000399247,0.16633105970478515
further details,78,190,7.998006650650145e-05,6.754847047154165e-05,0.1666619387110235
look forward,167,407,0.000171239,0.000144696,0.16736340677090347
is not,1159,2825,0.001188422,0.001004339,0.16814237295177611
us and,119,289,0.000122021,0.000102745,0.17042018869732667
diese email,96,233,9.843700493107872e-05,8.283575589404845e-05,0.17066473
e i,59,143,6.0497742613892126e-05,5.083911198647609e-05,0.17085554666684807
information and,217,527,0.000222509,0.000187358,0.17110502413763737
about a,227,551,0.000232763,0.000195891,0.17165758443373544
is really,57,138,5.8446971677827984e-05,4.9061520658277624e-05,0.17183202060677447
us in,88,213,9.023392118682215e-05,7.572539058125459e-05,0.17319407960704358
it but,81,196,8.305622291059767e-05,6.96815800653798e-05,0.1733008929131839
any further,67,162,6.870082635814869e-05,5.759395903363025e-05,0.17358057051801437
contact me,100,242,0.000102539,8.603542028480568e-05,0.17362881074055916
did not,314,760,0.000321971,0.000270194,0.17472865395910125
or email,179,433,0.000183544,0.000153939,0.17485377985123987
dont have,77,186,7.895468103846938e-05,6.612639740898288e-05,0.17488261651710008
the exact,63,152,6.45992844860204e-05,5.403877637723332e-05,0.17552682680558593
more and,63,152,6.45992844860204e-05,5.403877637723332e-05,0.17552682680558593
you use,86,207,8.818315025075802e-05,7.359228098741644e-05,0.17865509337071545
all the,741,1785,0.000759811,0.0006346,0.1798148870995465
in front,55,132,5.639620074176385e-05,4.692841106443946e-05,0.18026965051464974
about this,163,392,0.000167138,0.000139363,0.18055100245002115
to email,65,156,6.665005542208455e-05,5.546084943979209e-05,0.18080070616774288
all in,73,175,7.485313916634111e-05,6.221569648694626e-05,0.18224645899104333
more to,61,146,6.254851354995626e-05,5.1905666783395166e-05,0.18329315143081937
a very,296,710,0.000303514,0.000252418,0.1836772112806289
for people,64,153,6.562466995405247e-05,5.4394294642873015e-05,0.18459832502415457
to participate,220,527,0.000225585,0.000187358,0.18477420463595182
lot of,311,745,0.000318895,0.000264861,0.1850184219025154
in her,62,148,6.357389901798833e-05,5.261670331467455e-05,0.18594964063754862
of 100,52,124,5.3320044337667636e-05,4.408426493932192e-05,0.18636000654764914
have the,403,964,0.00041323,0.00034272,0.18659597244414353
web site,483,1155,0.000495261,0.000410624,0.18699303105350037
week to,55,131,5.639620074176385e-05,4.657289279879977e-05,0.18771499196124472
to obtain,74,176,7.587852463437317e-05,6.257121475258595e-05,0.19006580431526612
them the,100,238,0.000102539,8.461334722224691e-05,0.19010277976462123
for new,56,133,5.742158620979592e-05,4.7283929330079154e-05,0.19058666921145803
associated with,210,500,0.000215331,0.000177759,0.19077013013911995
the program,349,831,0.00035786,0.000295436,0.1911007661472887
take a,229,545,0.000234813,0.000193757,0.1912853095652861
all this,102,242,0.000104589,8.603542028480568e-05,0.19324204287313393
with one,81,192,8.305622291059767e-05,6.825950700282103e-05,0.1936254744286113
to pay,239,567,0.000245067,0.000201579,0.19447514598228022
with me,95,225,9.741161946304665e-05,7.99916097689309e-05,0.19481331485317488
you know,355,842,0.000364012,0.000299346,0.1949933870519983
can have,66,156,6.767544089011662e-05,5.546084943979209e-05,0.195844184
wenn sie,196,464,0.000200976,0.00016496,0.19639699991448512
need a,107,253,0.000109716,8.99461212068423e-05,0.1967033211117195
0 5,61,144,6.254851354995626e-05,5.119463025211578e-05,0.1968239862534885
l a,80,189,8.20308374425656e-05,6.719295220590195e-05,0.1968708548269426
available to,148,350,0.000151757,0.000124431,0.19708980648293115
the 2,65,153,6.665005542208455e-05,5.4394294642873015e-05,0.19987157019957566
easier to,54,127,5.537081527373178e-05,4.5150819736241e-05,0.20003684166673766
request for,126,297,0.000129199,0.000105589,0.20008112642478984
email to,357,842,0.000366063,0.000299346,0.20059603113115848
they will,202,476,0.000207128,0.000169227,0.20102157874201848
if your,124,292,0.000127148,0.000103811,0.20102235919350447
and is,347,818,0.000355809,0.000290814,0.201083533
sie ihre,83,195,8.510699384666181e-05,6.932606179974011e-05,0.20244818475079898
people are,132,310,0.000135351,0.000110211,0.2038053146587013
to share,118,277,0.000120995,9.847855958219494e-05,0.20404189835979414
to learn,144,338,0.000147656,0.000120165,0.20447691083453415
subject fw,168,394,0.000172265,0.000140074,0.2055348519002471
you think,137,321,0.000140478,0.000114121,0.20615597410386516
the address,239,560,0.000245067,0.00019909,0.20683596351804198
o ser,57,133,5.8446971677827984e-05,4.7283929330079154e-05,0.20798590365493194
required to,209,489,0.000214306,0.000173848,0.20813874636140123
with you,302,706,0.000309666,0.000250996,0.20930690432295207
co uk,87,203,8.920853571879009e-05,7.217020792485767e-05,0.20933571106002052
is intended,108,252,0.000110742,8.959060294120261e-05,0.2098388488852591
efetuar o,52,121,5.3320044337667636e-05,4.301771014240284e-05,0.21030124330911076
an extra,52,121,5.3320044337667636e-05,4.301771014240284e-05,0.21030124330911076
each time,55,128,5.639620074176385e-05,4.550633800188069e-05,0.2103895075461726
de n,70,163,7.17769827622449e-05,5.794947729926994e-05,0.21071897426643263
one of,1085,2532,0.001112543,0.000900172,0.21160589774783242
subject re,1342,3128,0.001376067,0.001112061,0.21284209270022905
increase in,56,130,5.742158620979592e-05,4.6217374533160075e-05,0.21292351904529483
make it,159,370,0.000163036,0.000131542,0.21318992762416916
over to,57,132,5.8446971677827984e-05,4.692841106443946e-05,0.21537622141014187
m de,54,125,5.537081527373178e-05,4.443978320496161e-05,0.21556356150599518
an der,73,169,7.485313916634111e-05,6.00825868931081e-05,0.2165722594492976
system is,101,234,0.000103564,8.319127415968814e-05,0.21670739283532445
see if,114,264,0.000116894,9.385682212887892e-05,0.21741681595063012
is all,61,141,6.254851354995626e-05,5.01280754551967e-05,0.21746983896075672
em uma,55,127,5.639620074176385e-05,4.5150819736241e-05,0.21806338874384185
direitos reservados,74,171,7.587852463437317e-05,6.0793623424387484e-05,0.21842639567308578
site is,68,157,6.972621182618076e-05,5.5816367705431786e-05,0.21899180333670856
to find,388,897,0.00039785,0.0003189,0.2205762219739047
amount of,235,543,0.000240966,0.000193046,0.2206981055149912
mail to,156,360,0.00015996,0.000127987,0.2214483792189935
como se,63,145,6.45992844860204e-05,5.155014851775547e-05,0.22179686512830224
and time,60,138,6.15231280819242e-05,4.9061520658277624e-05,0.2222838753460218
the biggest,86,198,8.818315025075802e-05,7.03926165966592e-05,0.22249766822020262
us for,78,179,7.998006650650145e-05,6.363776954950503e-05,0.22540412398854376
people who,310,713,0.000317869,0.000253485,0.22554189041893463
member of,129,296,0.000132275,0.000105233,0.2267739794182001
hard to,99,227,0.000101513,8.070264630021029e-05,0.22690480180861985
to complete,99,227,0.000101513,8.070264630021029e-05,0.22690480180861985
do you,522,1198,0.000535251,0.000425911,0.22802744995241206
1 and,63,144,6.45992844860204e-05,5.119463025211578e-05,0.2285851678014326
to one,128,293,0.000131249,0.000104167,0.22914092548256498
r pido,57,130,5.8446971677827984e-05,4.6217374533160075e-05,0.23032275348876877
real time,85,194,8.715776478272595e-05,6.897054353410042e-05,0.23105364415556423
sending you,58,132,5.9472357145860055e-05,4.692841106443946e-05,0.2324778924907393
tired of,86,196,8.818315025075802e-05,6.96815800653798e-05,0.2325071208088736
we want,97,221,9.946239039911079e-05,7.856953670637213e-05,0.2331521176686651
that is,683,1555,0.000700338,0.000552831,0.23613091975158731
who can,60,136,6.15231280819242e-05,4.835048412699823e-05,0.23658896169952498
appreciate your,71,161,7.280236823027697e-05,5.723844076799056e-05,0.23684518993030484
to know,314,714,0.000321971,0.00025384,0.2369265896042379
me i,111,252,0.000113818,8.959060294120261e-05,0.23699592311232257
of business,82,186,8.408160837862974e-05,6.612639740898288e-05,0.23703352383933252
as many,104,236,0.00010664,8.390231069096753e-05,0.23729184010622542
for it,138,313,0.000141503,0.000111277,0.23839345139053872
based on,654,1485,0.000670602,0.000527945,0.23878229949473362
know how,128,290,0.000131249,0.0001031,0.23933425049897727
mail is,58,131,5.9472357145860055e-05,4.657289279879977e-05,0.2399232339373342
a for,58,131,5.9472357145860055e-05,4.657289279879977e-05,0.2399232339373342
and also,126,285,0.000129199,0.000101323,0.24092913821293313
to his,78,176,7.998006650650145e-05,6.257121475258595e-05,0.24204226221157765
os direitos,78,176,7.998006650650145e-05,6.257121475258595e-05,0.24204226221157765
here is,264,597,0.000270702,0.000212244,0.24226605996932044
before i,101,228,0.000103564,8.105816456584998e-05,0.24237035661898162
3d 3d,689,1558,0.000706491,0.000553897,0.24294098942990955
and win,52,117,5.3320044337667636e-05,4.159563707984407e-05,0.2431414674167524
we don,53,119,5.434542980569971e-05,4.2306673611123455e-05,0.24528733864230218
market and,61,137,6.254851354995626e-05,4.8706002392637924e-05,0.24567790881945845
that for,73,164,7.485313916634111e-05,5.8304995564909635e-05,0.24610554674550056
mailing lists,73,164,7.485313916634111e-05,5.8304995564909635e-05,0.24610554674550056
help me,77,173,7.895468103846938e-05,6.150465995566687e-05,0.24621887388673513
o foi,58,130,5.9472357145860055e-05,4.6217374533160075e-05,0.24742442456936642
it will,491,1104,0.000503464,0.000392492,0.24843584710730393
to build,135,303,0.000138427,0.000107722,0.24874695789525852
span style,75,168,7.690391010240524e-05,5.9727068627468406e-05,0.24908660567845692
the business,100,224,0.000102539,7.963609150329121e-05,0.24999764156348597
ll be,113,253,0.000115869,8.99461212068423e-05,0.25078261
bei der,64,143,6.562466995405247e-05,5.083911198647609e-05,0.25093000668161636
permission to,60,134,6.15231280819242e-05,4.7639447595718846e-05,0.2511016570042747
is no,402,900,0.000412205,0.000319966,0.2526071700675846
now the,87,194,8.920853571879009e-05,6.897054353410042e-05,0.2540497067903762
nt work,66,147,6.767544089011662e-05,5.226118504903486e-05,0.2541838215096945
the people,198,442,0.000203026,0.000157139,0.254774161
and handling,75,167,7.690391010240524e-05,5.937155036182871e-05,0.2549581720099194
is already,58,129,5.9472357145860055e-05,4.586185626752038e-05,0.25498230859811594
i received,178,397,0.000182519,0.000141141,0.2554983231437645
we can,547,1220,0.000560886,0.000433732,0.2565683144552375
a part,72,160,7.382775369830904e-05,5.6882922502350864e-05,0.25676646198276076
of up,55,122,5.639620074176385e-05,4.3373228408042534e-05,0.25734178816745773
e as,90,200,9.228469212288629e-05,7.110365312793859e-05,0.25755131230218964
much for,73,162,7.485313916634111e-05,5.759395903363025e-05,0.2581674883366005
method of,69,153,7.075159729421283e-05,5.4394294642873015e-05,0.25873351266793027
that has,172,382,0.000176366,0.000135808,0.25963877011978675
them for,52,115,5.3320044337667636e-05,4.0884600548564684e-05,0.259975069
s a,539,1198,0.000552683,0.000425911,0.26001661573902424
up and,137,304,0.000140478,0.000108078,0.2600837563823995
td td,108,239,0.000110742,8.49688654878866e-05,0.2622041347646027
i o,81,179,8.305622291059767e-05,6.363776954950503e-05,0.26268698742675983
what would,77,170,7.895468103846938e-05,6.043810515874779e-05,0.26342973929168956
a result,188,416,0.000192772,0.000147896,0.2634392461430271
because they,110,243,0.000112792,8.639093855044537e-05,0.2639841492939111
happy to,231,511,0.000236864,0.00018167,0.2640189269006414
o tempo,50,110,5.12692734016035e-05,3.910700922036622e-05,0.26485757919645514
or even,116,256,0.000118945,9.101267600376138e-05,0.2651045721775057
on how,196,433,0.000200976,0.000153939,0.2651125280993434
make the,226,499,0.000231737,0.000177404,0.26586107723289254
sie jetzt,98,216,0.000100488,7.679194537817367e-05,0.26590046044127846
crian as,61,134,6.254851354995626e-05,4.7639447595718846e-05,0.26736872651980786
padding 0,66,145,6.767544089011662e-05,5.155014851775547e-05,0.26762372837450493
the market,246,542,0.000252245,0.000192691,0.2680931197798301
the most,659,1453,0.000675729,0.000516568,0.2681299372701928
you on,81,178,8.305622291059767e-05,6.328225128386533e-05,0.26820233197217647
sichern sie,57,125,5.8446971677827984e-05,4.443978320496161e-05,0.26869667947859155
l s,57,125,5.8446971677827984e-05,4.443978320496161e-05,0.26869667947859155
00 for,97,213,9.946239039911079e-05,7.572539058125459e-05,0.26955074141744034
how i,53,116,5.434542980569971e-05,4.124011881420438e-05,0.27022363451259496
o h,73,160,7.485313916634111e-05,5.6882922502350864e-05,0.27037669851504725
for me,270,593,0.000276854,0.000210822,0.2713482062740844
because we,64,140,6.562466995405247e-05,4.977255718955701e-05,0.27171893287547766
we work,54,118,5.537081527373178e-05,4.195115534548376e-05,0.27188801704303334
phone numbers,65,142,6.665005542208455e-05,5.0483593720836395e-05,0.2730849854753218
in at,60,131,6.15231280819242e-05,4.657289279879977e-05,0.27327341759598406
20 and,50,109,5.12692734016035e-05,3.875149095472653e-05,0.2737613430677831
a great,267,584,0.000273778,0.000207623,0.275436008
impact on,51,111,5.2294658869635565e-05,3.9462527486005913e-05,0.2754598187777882
to 20,88,192,9.023392118682215e-05,6.825950700282103e-05,0.2755663498806727
can see,83,181,8.510699384666181e-05,6.434880608078441e-05,0.27585146719017895
como a,94,205,9.638623399501458e-05,7.288124445613705e-05,0.27622586642728275
zu erhalten,89,194,9.125930665485422e-05,6.897054353410042e-05,0.2765288161498601
t know,69,150,7.075159729421283e-05,5.332773984595394e-05,0.27817515711348273
the purpose,70,152,7.17769827622449e-05,5.403877637723332e-05,0.2793617725021412
people and,70,152,7.17769827622449e-05,5.403877637723332e-05,0.2793617725021412
e f,54,117,5.537081527373178e-05,4.159563707984407e-05,0.28019973282558974
pay off,54,117,5.537081527373178e-05,4.159563707984407e-05,0.28019973282558974
important to,127,276,0.000130224,9.812304131655525e-05,0.2805435193904104
from a,760,1654,0.000779293,0.000588027,0.2811970515548341
to sign,73,158,7.485313916634111e-05,5.617188597107148e-05,0.282736818
thanks for,350,760,0.000358885,0.000270194,0.28295030008768535
the person,114,247,0.000116894,8.781301161300415e-05,0.28325226875704046
4 000,62,134,6.357389901798833e-05,4.7639447595718846e-05,0.28337540857568544
30 000,74,160,7.587852463437317e-05,5.6882922502350864e-05,0.28380418105080446
indiv duos,51,110,5.2294658869635565e-05,3.910700922036622e-05,0.28428500476245305
most recent,51,110,5.2294658869635565e-05,3.910700922036622e-05,0.28428500476245305
with each,57,123,5.8446971677827984e-05,4.3728746673682226e-05,0.28446828562518117
percent of,75,162,7.690391010240524e-05,5.759395903363025e-05,0.284844542
not be,587,1272,0.000601901,0.000452219,0.2853774830962625
participate in,189,409,0.000193798,0.000145407,0.2855721578383576
the cd,52,112,5.3320044337667636e-05,3.9818045751645606e-05,0.28576901802139015
and most,70,151,7.17769827622449e-05,5.368325811159363e-05,0.28584213921180784
you an,88,190,9.023392118682215e-05,6.754847047154165e-05,0.285885678
course of,77,166,7.895468103846938e-05,5.901603209618902e-05,0.28684825900709454
sie diese,77,166,7.895468103846938e-05,5.901603209618902e-05,0.28684825900709454
trusted sender,53,114,5.434542980569971e-05,4.052908228292499e-05,0.28720012703464237
the site,108,233,0.000110742,8.283575589404845e-05,0.2873297384604157
time and,232,501,0.000237889,0.000178115,0.28797469330946207
of all,381,823,0.000390672,0.000292592,0.2882349493944064
with all,166,358,0.000170214,0.000127276,0.2887335646851953
not know,55,118,5.639620074176385e-05,4.195115534548376e-05,0.2899145641201375
pleased to,145,312,0.000148681,0.000110922,0.2907061374525399
as coisas,56,120,5.742158620979592e-05,4.266219187676315e-05,0.2912028952417156
on line,114,245,0.000116894,8.710197508172476e-05,0.29129048386894996
in any,304,654,0.000311717,0.000232509,0.2920788232434183
gl ck,70,150,7.17769827622449e-05,5.332773984595394e-05,0.29236477514311265
o mesmo,77,165,7.895468103846938e-05,5.866051383054933e-05,0.292789595
of 3,51,109,5.2294658869635565e-05,3.875149095472653e-05,0.2931887686337811
pot wir,58,124,5.9472357145860055e-05,4.408426493932192e-05,0.2936530610096802
quest o,72,154,7.382775369830904e-05,5.474981290851271e-05,0.2943148004765451
is only,140,300,0.000143554,0.000106655,0.29471677630368104
free to,208,446,0.00021328,0.000158561,0.2948571864295317
raz o,66,141,6.767544089011662e-05,5.01280754551967e-05,0.29505788375490355
each day,53,113,5.434542980569971e-05,4.01735640172853e-05,0.29579768639883774
are not,769,1648,0.000788521,0.000585894,0.29658257293376633
to secure,68,145,6.972621182618076e-05,5.155014851775547e-05,0.297048328
will not,454,972,0.000465525,0.000345564,0.29724481823417076
the old,216,462,0.000221483,0.000164249,0.2973957855334029
for more,491,1051,0.000503464,0.00037365,0.2975055558333216
i got,126,269,0.000129199,9.563441345707739e-05,0.29812581397065424
and see,105,224,0.000107665,7.963609150329121e-05,0.29832778381033614
sent out,98,209,0.000100488,7.430331751869582e-05,0.29841416523396475
como um,91,194,9.331007759091836e-05,6.897054353410042e-05,0.2985137044478409
this deal,70,149,7.17769827622449e-05,5.2972221580314244e-05,0.2989302353337883
a check,63,134,6.45992844860204e-05,4.7639447595718846e-05,0.2991299080677519
been selected,56,119,5.742158620979592e-05,4.2306673611123455e-05,0.2993787003184412
mas n,79,168,8.100545197453353e-05,5.9727068627468406e-05,0.3003961927406631
p class,94,200,9.638623399501458e-05,7.110365312793859e-05,0.3005801553825148
your request,65,138,6.665005542208455e-05,4.9061520658277624e-05,0.3010955116080695
number and,148,315,0.000151757,0.000111988,0.3015648825020341
email list,88,187,9.023392118682215e-05,6.648191567462257e-05,0.3015671247135756
already have,51,108,5.2294658869635565e-05,3.8395972689086835e-05,0.30217252225925956
t be,59,125,6.0497742613892126e-05,4.443978320496161e-05,0.30261246528969715
no entanto,60,127,6.15231280819242e-05,4.5150819736241e-05,0.3036218143785813
that our,99,210,0.000101513,7.465883578433551e-05,0.3037569619848001
c a,53,112,5.434542980569971e-05,3.9818045751645606e-05,0.30446980528321055
notifica o,70,148,7.17769827622449e-05,5.261670331467455e-05,0.30553908582617006
release of,54,114,5.537081527373178e-05,4.052908228292499e-05,0.30555760518165914
on one,103,218,0.000105615,7.750298190945306e-05,0.3060848208198056
the web,346,734,0.000354783,0.00026095,0.3061668403416644
make this,63,133,6.45992844860204e-05,4.7283929330079154e-05,0.30646600945765645
the leading,63,133,6.45992844860204e-05,4.7283929330079154e-05,0.30646600945765645
the united,317,672,0.000325047,0.000238908,0.3067854750694061
your payment,97,205,9.946239039911079e-05,7.288124445613705e-05,0.30732443309598884
to sell,140,296,0.000143554,0.000105233,0.3080142789615005
a better,115,243,0.000117919,8.639093855044537e-05,0.30805375480861585
contr rio,58,122,5.9472357145860055e-05,4.3373228408042534e-05,0.3095500301435473
and for,188,397,0.000192772,0.000141141,0.3098668511927007
it in,285,602,0.000292235,0.000214022,0.3102335229273511
o das,59,124,6.0497742613892126e-05,4.408426493932192e-05,0.31046717574018834
to 2,78,164,7.998006650650145e-05,5.8304995564909635e-05,0.3115094871775693
da sua,116,244,0.000118945,8.674645681608507e-05,0.3125794390184864
sent thursday,189,398,0.000193798,0.000141496,0.3126465499437633
to purchase,80,168,8.20308374425656e-05,5.9727068627468406e-05,0.31282253443928404
que n,227,478,0.000232763,0.000169938,0.3130063041486247
purpose of,91,191,9.331007759091836e-05,6.790398873718134e-05,0.31387398324733917
to market,93,195,9.53608485269825e-05,6.932606179974011e-05,0.3149575307792533
que ela,74,155,7.587852463437317e-05,5.51053311741524e-05,0.3149957361221784
c u,74,155,7.587852463437317e-05,5.51053311741524e-05,0.3149957361221784
should you,65,136,6.665005542208455e-05,4.835048412699823e-05,0.31540059796157255
this to,124,260,0.000127148,9.243474906632015e-05,0.3159209482335984
opportunity to,282,592,0.000289159,0.000210467,0.31635994665103256
people that,57,119,5.8446971677827984e-05,4.2306673611123455e-05,0.3167779347619153
i told,68,142,6.972621182618076e-05,5.0483593720836395e-05,0.317553063
to geek,120,251,0.000123046,8.923508467556292e-05,0.31823621282256187
to some,202,423,0.000207128,0.000150384,0.31833147379958965
to work,391,819,0.000400926,0.000291169,0.31893331556094634
the house,60,125,6.15231280819242e-05,4.443978320496161e-05,0.31914853421783884
out and,81,169,8.305622291059767e-05,6.00825868931081e-05,0.31925906331958237
and others,102,213,0.000104589,7.572539058125459e-05,0.31932451722570093
them from,50,104,5.12692734016035e-05,3.6973899626528064e-05,0.3195096199576546
rela es,50,104,5.12692734016035e-05,3.6973899626528064e-05,0.3195096199576546
you d,51,106,5.2294658869635565e-05,3.768493615780745e-05,0.32038584
mas a,52,108,5.3320044337667636e-05,3.8395972689086835e-05,0.3212297044146514
9 9,163,340,0.000167138,0.000120876,0.3217782073008892
by fax,98,204,0.000100488,7.252572619049736e-05,0.3223029952478595
sobre a,121,252,0.000124072,8.959060294120261e-05,0.32253621880548816
os outros,54,112,5.537081527373178e-05,3.9818045751645606e-05,0.32282728343022743
to get,1060,2212,0.001086909,0.000786406,0.32326790190365073
de janeiro,55,114,5.639620074176385e-05,4.052908228292499e-05,0.3235841522587635
few days,137,285,0.000140478,0.000101323,0.3240112782775392
tried to,137,285,0.000140478,0.000101323,0.3240112782775392
looking for,382,796,0.000391697,0.000282993,0.32409098740154557
that could,114,237,0.000116894,8.425782895660722e-05,0.32410548797943134
not to,344,716,0.000352733,0.000254551,0.32511895897128834
al m,130,270,0.0001333,9.598993172271708e-05,0.3254697524332345
long time,58,120,5.9472357145860055e-05,4.266219187676315e-05,0.32570380076578714
the proper,58,120,5.9472357145860055e-05,4.266219187676315e-05,0.32570380076578714
thinkgeek welcome,120,249,0.000123046,8.852404814428353e-05,0.32614724608624746
geek heaven,120,249,0.000123046,8.852404814428353e-05,0.32614724608624746
by thinkgeek,120,249,0.000123046,8.852404814428353e-05,0.32614724608624746
i want,259,538,0.000265575,0.000191269,0.3267604825956139
or by,291,604,0.000298387,0.000214733,0.32769594033705995
o era,62,128,6.357389901798833e-05,4.550633800188069e-05,0.3282216847523228
se o,88,182,9.023392118682215e-05,6.47043243464241e-05,0.32826202785983055
please find,180,373,0.000184569,0.000132608,0.3285163683266734
and have,234,485,0.00023994,0.000172426,0.32879570339514086
are already,63,130,6.45992844860204e-05,4.6217374533160075e-05,0.32880285929149317
per odo,63,130,6.45992844860204e-05,4.6217374533160075e-05,0.32880285929149317
want to,1134,2352,0.001162787,0.000836179,0.3293968658078547
amounts of,51,105,5.2294658869635565e-05,3.732941789216776e-05,0.32961842479086345
quando o,52,107,5.3320044337667636e-05,3.804045442344714e-05,0.33029489805909923
o na,66,136,6.767544089011662e-05,4.835048412699823e-05,0.33044407600920483
the home,53,109,5.434542980569971e-05,3.875149095472653e-05,0.33094673805099345
it out,166,343,0.000170214,0.000121943,0.33119524138377965
no doubt,82,169,8.408160837862974e-05,6.00825868931081e-05,0.33138406246957397
is an,679,1405,0.000696237,0.000499503,0.3315110795596223
outro lado,54,111,5.537081527373178e-05,3.9462527486005913e-05,0.3315752663420173
received the,55,113,5.639620074176385e-05,4.01735640172853e-05,0.33218171162295884
what it,99,204,0.000101513,7.252572619049736e-05,0.3323558324308132
forward to,292,603,0.000299413,0.000214378,0.3327643505514353
u s,873,1804,0.000895162,0.000641355,0.332979623
someone else,57,117,5.8446971677827984e-05,4.159563707984407e-05,0.33333285079818614
e se,88,181,9.023392118682215e-05,6.434880608078441e-05,0.3336876004744103
of these,635,1311,0.00065112,0.000466084,0.3337181763325088
se a,58,119,5.9472357145860055e-05,4.2306673611123455e-05,0.33387960584251286
nnen sie,105,216,0.000107665,7.679194537817367e-05,0.33423622251635465
vel que,59,121,6.0497742613892126e-05,4.301771014240284e-05,0.334408413
vis o,59,121,6.0497742613892126e-05,4.301771014240284e-05,0.334408413
to 1,108,222,0.000110742,7.892505497201183e-05,0.3350999535184699
or change,156,321,0.00015996,0.000114121,0.3351698086074049
a partir,77,158,7.895468103846938e-05,5.617188597107148e-05,0.335397714
a se,62,127,6.357389901798833e-05,4.5150819736241e-05,0.3358955659499921
de 2023,79,162,8.100545197453353e-05,5.759395903363025e-05,0.3361541294426582
president of,96,197,9.843700493107872e-05,7.003709833101951e-05,0.3363220751071353
most people,100,205,0.000102539,7.288124445613705e-05,0.3374849767716747
f r,897,1845,0.000919771,0.000655931,0.3376318124033417
share in,66,135,6.767544089011662e-05,4.799496586135854e-05,0.33767409660199255
a chance,101,207,0.000103564,7.359228098741644e-05,0.33776164656809493
para que,103,211,0.000105615,7.501435404997521e-05,0.33829923946296336
que eles,50,102,5.12692734016035e-05,3.626286309524868e-05,0.33841148854942693
get a,417,856,0.000427586,0.000304324,0.33911849809538896
to join,145,297,0.000148681,0.000105589,0.3395260348135842
is being,186,381,0.000190722,0.000135452,0.340068556
our new,54,110,5.537081527373178e-05,3.910700922036622e-05,0.34040045232668226
for a,1986,4071,0.002036416,0.001447315,0.34128139759708664
sorry for,76,155,7.792929557043731e-05,5.51053311741524e-05,0.34132162108669234
be paid,77,157,7.895468103846938e-05,5.5816367705431786e-05,0.34163553909644645
way to,483,989,0.000495261,0.000351608,0.3417466390105295
de modo,78,159,7.998006650650145e-05,5.652740423671117e-05,0.3419416021855367
know that,201,411,0.000206102,0.000146118,0.3419787041030458
program and,99,202,0.000101513,7.181468965921797e-05,0.34207347772466834
per day,99,202,0.000101513,7.181468965921797e-05,0.34207347772466834
forward this,82,167,8.408160837862974e-05,5.937155036182871e-05,0.34309292098634425
s n,61,124,6.254851354995626e-05,4.408426493932192e-05,0.3432703141838631
que os,221,451,0.00022661,0.000160339,0.3441283496340684
to open,66,134,6.767544089011662e-05,4.7639447595718846e-05,0.34495677131395475
bot o,96,195,9.843700493107872e-05,6.932606179974011e-05,0.3463818746616162
we know,99,201,0.000101513,7.145917139357828e-05,0.34696794356717964
em vez,74,150,7.587852463437317e-05,5.332773984595394e-05,0.3471916147593654
de seu,104,211,0.00010664,7.501435404997521e-05,0.3478709581408983
by this,52,105,5.3320044337667636e-05,3.732941789216776e-05,0.34867560694625527
keep in,54,109,5.537081527373178e-05,3.875149095472653e-05,0.34930421619801033
m os,55,111,5.639620074176385e-05,3.9462527486005913e-05,0.3496018134191216
yes i,86,174,8.818315025075802e-05,6.186017822130656e-05,0.34977925663278847
c t,56,113,5.742158620979592e-05,4.01735640172853e-05,0.34988904807497684
make sure,306,621,0.000313768,0.000220777,0.35016404648332966
we expect,60,121,6.15231280819242e-05,4.301771014240284e-05,0.35094448142979184
contents of,94,190,9.638623399501458e-05,6.754847047154165e-05,0.3511437727429918
p o,307,622,0.000314793,0.000221132,0.3518145821907397
you just,65,131,6.665005542208455e-05,4.657289279879977e-05,0.35208505385803174
keep the,69,139,7.075159729421283e-05,4.941703892391732e-05,0.3528809245017144
full of,70,141,7.17769827622449e-05,5.01280754551967e-05,0.353065966
o mundo,78,157,7.998006650650145e-05,5.5816367705431786e-05,0.35437858383047116
a s,165,333,0.000169189,0.000118388,0.3545320509118663
a day,210,424,0.000215331,0.00015074,0.3546425561343841
to begin,81,163,8.305622291059767e-05,5.794947729926994e-05,0.35480513521721313
your assets,82,165,8.408160837862974e-05,5.866051383054933e-05,0.3549405027655824
the price,173,349,0.000177392,0.000124076,0.35506106493047807
does not,691,1396,0.000708541,0.000496303,0.35541828587949825
request a,143,288,0.00014663,0.000102389,0.35620887636752674
in response,148,298,0.000151757,0.000105944,0.35653926922455853
o entre,50,100,5.12692734016035e-05,3.5551826563969293e-05,0.3576775324221984
using this,52,104,5.3320044337667636e-05,3.6973899626528064e-05,0.35799422767904454
multilevel sales,53,106,5.434542980569971e-05,3.768493615780745e-05,0.3581438090515795
will receive,180,362,0.000184569,0.000128698,0.35822317049380453
software and,117,235,0.00011997,8.354679242532783e-05,0.35823826802731623
phone number,188,378,0.000192772,0.000134386,0.358555374
de pagamento,56,112,5.742158620979592e-05,3.9818045751645606e-05,0.3585611669593497
import ncia,58,116,5.9472357145860055e-05,4.124011881420438e-05,0.3588159017128056
the president,59,118,6.0497742613892126e-05,4.195115534548376e-05,0.3589369208267353
o da,285,573,0.000292235,0.000203712,0.3593699041342947
american express,63,126,6.45992844860204e-05,4.4795301470601304e-05,0.3593832907857652
expiration date,64,128,6.562466995405247e-05,4.550633800188069e-05,0.35948632426753857
a es,66,132,6.767544089011662e-05,4.692841106443946e-05,0.35968319045906905
todo o,70,140,7.17769827622449e-05,4.977255718955701e-05,0.36004373854888333
report on,70,140,7.17769827622449e-05,4.977255718955701e-05,0.36004373854888333
nicht mehr,73,146,7.485313916634111e-05,5.1905666783395166e-05,0.36028863575581416
unable to,246,494,0.000252245,0.000175626,0.3603220749036306
four reports,76,152,7.792929557043731e-05,5.403877637723332e-05,0.3605144970829079
do que,256,514,0.000262499,0.000182736,0.3605462984138273
sie wurden,92,184,9.433546305895043e-05,6.541536087770349e-05,0.36147349343402424
which you,94,188,9.638623399501458e-05,6.683743394026226e-05,0.36157070031111144
to make,1093,2195,0.001120746,0.000780363,0.3616026513871268
hist ria,101,202,0.000103564,7.181468965921797e-05,0.3618809605248654
can do,222,445,0.000227636,0.000158206,0.36193272976668744
access to,401,804,0.00041118,0.000285837,0.362546096
http capitalfm,127,254,0.000130224,9.0301639472482e-05,0.3627366949961167
o em,147,294,0.000150732,0.000104522,0.3631906217292882
capitalfm com,149,298,0.000152782,0.000105944,0.36322936525456995
same time,187,374,0.000191747,0.000132964,0.3638090280431605
please do,201,402,0.000206102,0.000142918,0.3639676639957987
and not,234,467,0.00023994,0.000166027,0.36639311199769914
to http,96,191,9.843700493107872e-05,6.790398873718134e-05,0.366810259
em um,77,153,7.895468103846938e-05,5.4394294642873015e-05,0.3669833834760998
it it,74,147,7.587852463437317e-05,5.226118504903486e-05,0.36701874357629977
to 10,72,143,7.382775369830904e-05,5.083911198647609e-05,0.3670439329032314
fam lia,69,137,7.075159729421283e-05,4.8706002392637924e-05,0.3670844180343278
espa o,65,129,6.665005542208455e-05,4.586185626752038e-05,0.3671441285188133
20 you,63,125,6.45992844860204e-05,4.443978320496161e-05,0.3671767852813161
toda a,61,121,6.254851354995626e-05,4.301771014240284e-05,0.36721155094532476
made in,59,117,6.0497742613892126e-05,4.159563707984407e-05,0.3672486366092917
vez de,57,113,5.8446971677827984e-05,4.01735640172853e-05,0.367288283
an excellent,53,105,5.434542980569971e-05,3.732941789216776e-05,0.36737639420807583
o sistema,52,103,5.3320044337667636e-05,3.661838136088837e-05,0.36740050256022316
esp rito,51,101,5.2294658869635565e-05,3.5907344829608986e-05,0.36742553921355714
o a,294,585,0.000301463,0.000207978,0.36973016861519514
ffa links,141,280,0.000144579,9.954511437911402e-05,0.37011477953020616
n s,260,517,0.0002666,0.000183803,0.3702040704633905
used as,105,208,0.000107665,7.394779925305613e-05,0.37148225724791123
de seus,89,176,9.125930665485422e-05,6.257121475258595e-05,0.3724423933167412
com um,86,170,8.818315025075802e-05,6.043810515874779e-05,0.37266187535962003
necess rio,81,160,8.305622291059767e-05,5.6882922502350864e-05,0.37306350238533204
o os,77,152,7.895468103846938e-05,5.403877637723332e-05,0.37342202528068075
that this,543,1077,0.000556784,0.000382893,0.3736080286855104
t have,70,138,7.17769827622449e-05,4.9061520658277624e-05,0.37414707210605413
s of,130,257,0.0001333,9.136819426940107e-05,0.3742942273489037
confidential and,65,128,6.665005542208455e-05,4.550633800188069e-05,0.3747595694429597
you believe,64,126,6.562466995405247e-05,4.4795301470601304e-05,0.3748934308089147
todos os,281,556,0.000288133,0.000197668,0.37525201109044254
not for,61,120,6.254851354995626e-05,4.266219187676315e-05,0.375321054
o homem,59,116,6.0497742613892126e-05,4.124011881420438e-05,0.37563001644331373
dont want,110,217,0.000112792,7.714746364381336e-05,0.3757781473007362
back and,58,114,5.9472357145860055e-05,4.052908228292499e-05,0.375792394
jetzt mitmachen,57,112,5.8446971677827984e-05,3.9818045751645606e-05,0.3759604014028238
make up,57,112,5.8446971677827984e-05,3.9818045751645606e-05,0.3759604014028238
we do,255,504,0.000261473,0.000179181,0.37618629718483426
por favor,150,296,0.000153808,0.000105233,0.37654585529053514
only way,53,104,5.434542980569971e-05,3.6973899626528064e-05,0.376695015
will only,51,100,5.2294658869635565e-05,3.5551826563969293e-05,0.3771049579881965
people to,140,276,0.000143554,9.812304131655525e-05,0.37729098164184316
o o,224,442,0.000229686,0.000157139,0.37758411596624586
intelig ncia,90,177,9.228469212288629e-05,6.292673301822564e-05,0.3779183918367297
die chance,89,175,9.125930665485422e-05,6.221569648694626e-05,0.3780505305282757
made a,89,175,9.125930665485422e-05,6.221569648694626e-05,0.3780505305282757
then it,76,149,7.792929557043731e-05,5.2972221580314244e-05,0.38008296
arial helvetica,73,143,7.485313916634111e-05,5.083911198647609e-05,0.38065416943551766
a que,73,143,7.485313916634111e-05,5.083911198647609e-05,0.38065416943551766
of 10,72,141,7.382775369830904e-05,5.01280754551967e-05,0.38085508675346513
the date,71,139,7.280236823027697e-05,4.941703892391732e-05,0.381061629
many of,298,586,0.000305565,0.000208334,0.38149973200124265
o se,230,452,0.000235839,0.000160694,0.38167189607899593
support team,100,196,0.000102539,6.96815800653798e-05,0.3817589738513281
as you,354,696,0.000362986,0.000247441,0.3819124201500902
depois de,67,131,6.870082635814869e-05,4.657289279879977e-05,0.38194905361792586
request to,67,131,6.870082635814869e-05,4.657289279879977e-05,0.38194905361792586
privacy policy,97,190,9.946239039911079e-05,6.754847047154165e-05,0.3822423394116979
que a,462,908,0.000473728,0.000322811,0.3825834588206426
s it,64,125,6.562466995405247e-05,4.443978320496161e-05,0.3826869253044655
been in,64,125,6.562466995405247e-05,4.443978320496161e-05,0.3826869253044655
o com,93,182,9.53608485269825e-05,6.47043243464241e-05,0.3829352406040537
not being,62,121,6.357389901798833e-05,4.301771014240284e-05,0.38321823300120256
made it,61,119,6.254851354995626e-05,4.2306673611123455e-05,0.3834968590166957
ningu m,60,117,6.15231280819242e-05,4.159563707984407e-05,0.3837847055374334
es do,60,117,6.15231280819242e-05,4.159563707984407e-05,0.3837847055374334
with his,60,117,6.15231280819242e-05,4.159563707984407e-05,0.3837847055374334
size of,59,115,6.0497742613892126e-05,4.0884600548564684e-05,0.3840822379746393
not in,198,388,0.000203026,0.000137941,0.38419900897207027
was just,57,111,5.8446971677827984e-05,3.9462527486005913e-05,0.38470838431461374
i feel,57,111,5.8446971677827984e-05,3.9462527486005913e-05,0.38470838431461374
you should,242,474,0.000248143,0.000168516,0.3850828661366953
sure to,108,211,0.000110742,7.501435404997521e-05,0.3852671447276608
esp cies,81,158,8.305622291059767e-05,5.617188597107148e-05,0.38542362175677586
o fato,54,105,5.537081527373178e-05,3.732941789216776e-05,0.3857338723550927
v o,54,105,5.537081527373178e-05,3.732941789216776e-05,0.3857338723550927
who will,130,254,0.0001333,9.0301639472482e-05,0.38590818445437386
voc pode,53,103,5.434542980569971e-05,3.661838136088837e-05,0.3861012898220436
we hope,102,199,0.000104589,7.07481348622989e-05,0.38639534903199707
uma das,52,101,5.3320044337667636e-05,3.5907344829608986e-05,0.38648272136894907
name on,51,99,5.2294658869635565e-05,3.51963082983296e-05,0.3868789844034982
management and,75,146,7.690391010240524e-05,5.1905666783395166e-05,0.38696568979966567
latest version,50,97,5.12692734016035e-05,3.448527176705021e-05,0.3872909611661809
t s,70,136,7.17769827622449e-05,4.835048412699823e-05,0.3884521584595573
through the,430,840,0.000440916,0.000298635,0.38855304345302627
ci ncia,89,173,9.125930665485422e-05,6.150465995566687e-05,0.38936204972592353
o as,67,130,6.870082635814869e-05,4.6217374533160075e-05,0.3894502442499579
the instructions,106,206,0.000108691,7.323676272177674e-05,0.3904065601792854
you about,64,124,6.562466995405247e-05,4.408426493932192e-05,0.3905416357549566
the name,332,647,0.000340428,0.00023002,0.39063108734301216
the time,474,924,0.000486033,0.000328499,0.3907583438327378
that my,63,122,6.45992844860204e-05,4.3373228408042534e-05,0.39092846486567423
many other,83,161,8.510699384666181e-05,5.723844076799056e-05,0.39104500647802076
a real,103,200,0.000105615,7.110365312793859e-05,0.39111672047056334
p a,82,159,8.408160837862974e-05,5.652740423671117e-05,0.3913494647737444
the sender,100,194,0.000102539,6.897054353410042e-05,0.3918696294210566
go to,420,817,0.000430662,0.000290458,0.39274527050081603
over and,77,149,7.895468103846938e-05,5.2972221580314244e-05,0.39299048811232773
da vida,77,149,7.895468103846938e-05,5.2972221580314244e-05,0.39299048811232773
can send,75,145,7.690391010240524e-05,5.155014851775547e-05,0.3937082219492044
capaz de,56,108,5.742158620979592e-05,3.8395972689086835e-05,0.3940218533526109
just for,74,143,7.587852463437317e-05,5.083911198647609e-05,0.394081652
que ele,128,248,0.000131249,8.816852987864384e-05,0.394160906
n o,2845,5530,0.002917222,0.001966016,0.394456731
sansserif fontsize,55,106,5.639620074176385e-05,3.768493615780745e-05,0.3945278342757006
ausgew hlt,143,277,0.00014663,9.847855958219494e-05,0.39476783009314537
wilt ontvangen,54,104,5.537081527373178e-05,3.6973899626528064e-05,0.3950524930878818
a maioria,54,104,5.537081527373178e-05,3.6973899626528064e-05,0.3950524930878818
exist ncia,69,133,7.075159729421283e-05,4.7283929330079154e-05,0.3961113371245817
at o,52,100,5.3320044337667636e-05,3.5551826563969293e-05,0.3961621401435883
s c,52,100,5.3320044337667636e-05,3.5551826563969293e-05,0.3961621401435883
more in,52,100,5.3320044337667636e-05,3.5551826563969293e-05,0.3961621401435883
no one,153,296,0.000156884,0.000105233,0.39622181530999984
no more,202,391,0.000207128,0.000139008,0.3964556183369861
ent o,202,391,0.000207128,0.000139008,0.3964556183369861
of text,51,98,5.2294658869635565e-05,3.48407900326899e-05,0.39674948613911026
never been,50,96,5.12692734016035e-05,3.4129753501410516e-05,0.3973602422612053
de todo,50,96,5.12692734016035e-05,3.4129753501410516e-05,0.3973602422612053
will do,81,156,8.305622291059767e-05,5.546084943979209e-05,0.39793842761650783
e do,65,125,6.665005542208455e-05,4.443978320496161e-05,0.3979601704798866
start the,65,125,6.665005542208455e-05,4.443978320496161e-05,0.3979601704798866
you could,318,615,0.000326073,0.000218644,0.3981752599535962
que o,485,938,0.000497312,0.000333476,0.3986607642812009
sie sich,360,696,0.000369139,0.000247441,0.3986737481685218
all of,812,1571,0.000832613,0.000558519,0.39869143078485586
more about,125,241,0.000128173,8.567990201916599e-05,0.39893196549350823
to generate,93,179,9.53608485269825e-05,6.363776954950503e-05,0.3993010756230443
no longer,479,925,0.00049116,0.000328854,0.40015180176511933
id ia,74,142,7.587852463437317e-05,5.0483593720836395e-05,0.4009633855895592
the real,117,225,0.00011997,7.99916097689309e-05,0.40119783942892057
there s,229,441,0.000234813,0.000156784,0.40181608254890916
1 5,186,358,0.000190722,0.000127276,0.40186422648274966
program for,72,138,7.382775369830904e-05,4.9061520658277624e-05,0.40193619265426345
que um,85,163,8.715776478272595e-05,5.794947729926994e-05,0.4024472308898647
pol tica,85,163,8.715776478272595e-05,5.794947729926994e-05,0.4024472308898647
your wallet,183,352,0.000187646,0.000125142,0.4024581464746378
here in,125,240,0.000128173,8.53243837535263e-05,0.40304190721537575
religi o,56,107,5.742158620979592e-05,3.804045442344714e-05,0.4030870469970588
tamb m,414,797,0.00042451,0.000283348,0.4030884281822237
fontweight bold,69,132,7.075159729421283e-05,4.692841106443946e-05,0.40350165487979156
from any,96,184,9.843700493107872e-05,6.541536087770349e-05,0.40359595914385343
into an,55,105,5.639620074176385e-05,3.732941789216776e-05,0.4037604194321969
aten o,107,205,0.000109716,7.288124445613705e-05,0.4045115781540087
para a,277,532,0.000284032,0.000189136,0.4048625451818172
you please,254,487,0.000260448,0.000173137,0.4063904462734201
you really,51,97,5.2294658869635565e-05,3.448527176705021e-05,0.40671838673217897
and as,223,427,0.000228661,0.000151806,0.4074330291868202
poss vel,161,308,0.000165087,0.0001095,0.40749997615348976
em seu,87,166,8.920853571879009e-05,5.901603209618902e-05,0.40751232548679917
the mail,134,256,0.000137402,9.101267600376138e-05,0.408233634
29 95,61,116,6.254851354995626e-05,4.124011881420438e-05,0.40843315488698845
esp cie,73,139,7.485313916634111e-05,4.941703892391732e-05,0.40846989961183977
a member,108,206,0.000110742,7.323676272177674e-05,0.4089298543114157
de se,72,137,7.382775369830904e-05,4.8706002392637924e-05,0.4090631566121669
my first,107,204,0.000109716,7.252572619049736e-05,0.4093352164584195
in mind,142,271,0.000145605,9.634544998835677e-05,0.4094741056314973
to download,59,112,6.0497742613892126e-05,3.9818045751645606e-05,0.4098761872139294
and mail,59,112,6.0497742613892126e-05,3.9818045751645606e-05,0.4098761872139294
no bot,70,133,7.17769827622449e-05,4.7283929330079154e-05,0.41030095515421167
chten klicken,69,131,7.075159729421283e-05,4.657289279879977e-05,0.41094699632638654
all my,57,108,5.8446971677827984e-05,3.8395972689086835e-05,0.411421088
to check,145,276,0.000148681,9.812304131655525e-05,0.41214372707702873
from these,56,106,5.742158620979592e-05,3.768493615780745e-05,0.4122351707277186
ve got,67,127,6.870082635814869e-05,4.5150819736241e-05,0.41229745040052307
what to,89,169,9.125930665485422e-05,6.00825868931081e-05,0.4123763309865301
do i,100,190,0.000102539,6.754847047154165e-05,0.4124028830873836
how it,144,274,0.000147656,9.741200478527585e-05,0.4124688017128524
need for,132,251,0.000135351,8.923508467556292e-05,0.41281325950359676
algu m,99,188,0.000101513,6.683743394026226e-05,0.4128770280102312
but you,142,270,0.000145605,9.598993172271708e-05,0.41313292122253964
tigen sie,97,184,9.946239039911079e-05,6.541536087770349e-05,0.41385506432766445
a ser,54,102,5.537081527373178e-05,3.626286309524868e-05,0.413954362
now to,118,224,0.000120995,7.963609150329121e-05,0.41403770303161397
send you,170,323,0.000174316,0.000114832,0.4144430594737777
is designed,64,121,6.562466995405247e-05,4.301771014240284e-05,0.41448287251641835
members from,53,100,5.434542980569971e-05,3.5551826563969293e-05,0.41486292740540887
simple and,53,100,5.434542980569971e-05,3.5551826563969293e-05,0.41486292740540887
o abaixo,74,140,7.587852463437317e-05,4.977255718955701e-05,0.4148705781651362
up your,74,140,7.587852463437317e-05,4.977255718955701e-05,0.4148705781651362
us a,74,140,7.587852463437317e-05,4.977255718955701e-05,0.4148705781651362
on it,125,237,0.000128173,8.425782895660722e-05,0.4154740645717008
indiv duo,52,98,5.3320044337667636e-05,3.48407900326899e-05,0.41580666829450225
to manage,62,117,6.357389901798833e-05,4.159563707984407e-05,0.4160584571088441
sie hier,143,271,0.00014663,9.634544998835677e-05,0.4164439774180613
19 95,71,134,7.280236823027697e-05,4.7639447595718846e-05,0.41695594033520167
will become,50,94,5.12692734016035e-05,3.341871697013113e-05,0.4178081773790614
de produ,50,94,5.12692734016035e-05,3.341871697013113e-05,0.4178081773790614
invite you,69,130,7.075159729421283e-05,4.6217374533160075e-05,0.41844818695841846
the perfect,59,111,6.0497742613892126e-05,3.9462527486005913e-05,0.4186241701257193
next few,68,128,6.972621182618076e-05,4.550633800188069e-05,0.4192276469597459
00 to,58,109,5.9472357145860055e-05,3.875149095472653e-05,0.4195390052512041
an lise,57,107,5.8446971677827984e-05,3.804045442344714e-05,0.42048628144053285
be one,56,105,5.742158620979592e-05,3.732941789216776e-05,0.421467756
remove the,56,105,5.742158620979592e-05,3.732941789216776e-05,0.421467756
with respect,157,296,0.000160986,0.000105233,0.42186831643627093
to mail,55,103,5.639620074176385e-05,3.661838136088837e-05,0.4224853150461647
o no,73,137,7.485313916634111e-05,4.8706002392637924e-05,0.4226733931444533
cap tulo,82,154,8.408160837862974e-05,5.474981290851271e-05,0.42273684002910783
o que,763,1441,0.000782369,0.000512302,0.4227399756815382
to 5,89,167,9.125930665485422e-05,5.937155036182871e-05,0.42408518950330026
to this,751,1416,0.000770064,0.000503414,0.42437492000903687
decis o,53,99,5.434542980569971e-05,3.51963082983296e-05,0.42463695382071065
para os,87,163,8.920853571879009e-05,5.794947729926994e-05,0.4254432935246768
francisco ca,52,97,5.3320044337667636e-05,3.448527176705021e-05,0.4257755688875708
park ca,52,97,5.3320044337667636e-05,3.448527176705021e-05,0.4257755688875708
am i,69,129,7.075159729421283e-05,4.586185626752038e-05,0.4260060709871681
hope you,86,161,8.818315025075802e-05,5.723844076799056e-05,0.42614649220588025
this could,60,112,6.15231280819242e-05,3.9818045751645606e-05,0.426412256
address if,60,112,6.15231280819242e-05,3.9818045751645606e-05,0.426412256
to see,571,1074,0.000585495,0.000381827,0.4265821269121686
believe it,51,95,5.2294658869635565e-05,3.377423523577082e-05,0.4269593715403178
are a,380,714,0.000389646,0.00025384,0.4271669415308907
o como,59,110,6.0497742613892126e-05,3.910700922036622e-05,0.4274493561103842
what if,59,110,6.0497742613892126e-05,3.910700922036622e-05,0.4274493561103842
por que,100,187,0.000102539,6.648191567462257e-05,0.4280843301996582
e em,75,140,7.690391010240524e-05,4.977255718955701e-05,0.4281201496732306
dif cil,75,140,7.690391010240524e-05,4.977255718955701e-05,0.4281201496732306
sele o,50,93,5.12692734016035e-05,3.306319870449144e-05,0.42819110712118985
i r,50,93,5.12692734016035e-05,3.306319870449144e-05,0.42819110712118985
here this,50,93,5.12692734016035e-05,3.306319870449144e-05,0.42819110712118985
the release,50,93,5.12692734016035e-05,3.306319870449144e-05,0.42819110712118985
zu den,50,93,5.12692734016035e-05,3.306319870449144e-05,0.42819110712118985
join the,108,202,0.000110742,7.181468965921797e-05,0.42827162037829447
is my,108,202,0.000110742,7.181468965921797e-05,0.42827162037829447
are at,66,123,6.767544089011662e-05,4.3728746673682226e-05,0.42877525467410826
rela o,115,215,0.000117919,7.643642711253398e-05,0.42898804977180494
or money,90,168,9.228469212288629e-05,5.9727068627468406e-05,0.42926648301831716
pa s,90,168,9.228469212288629e-05,5.9727068627468406e-05,0.42926648301831716
who do,65,121,6.665005542208455e-05,4.301771014240284e-05,0.4297561176918394
s i,146,273,0.000149706,9.705648651963616e-05,0.42978906021983576
clique no,73,136,7.485313916634111e-05,4.835048412699823e-05,0.42985151554005285
live in,81,151,8.305622291059767e-05,5.368325811159363e-05,0.42992830016258815
e os,137,256,0.000140478,9.101267600376138e-05,0.43021652857306003
por exemplo,127,237,0.000130224,8.425782895660722e-05,0.4312254922029471
a week,198,370,0.000203026,0.000131542,0.43135126556257664
a recent,190,355,0.000194823,0.000126209,0.4313811303948623
will allow,63,117,6.45992844860204e-05,4.159563707984407e-05,0.43181295660091046
todas as,220,411,0.000225585,0.000146118,0.4318842462371149
fa a,94,175,9.638623399501458e-05,6.221569648694626e-05,0.43213223345508034
entre os,78,145,7.998006650650145e-05,5.155014851775547e-05,0.4324351083374216
without a,77,143,7.895468103846938e-05,5.083911198647609e-05,0.43331506513356166
legal and,61,113,6.254851354995626e-05,4.01735640172853e-05,0.43400720677323135
que uma,61,113,6.254851354995626e-05,4.01735640172853e-05,0.43400720677323135
as pessoas,105,195,0.000107665,6.932606179974011e-05,0.43513166576796325
now in,60,111,6.15231280819242e-05,3.9462527486005913e-05,0.43516023905386103
success of,60,111,6.15231280819242e-05,3.9462527486005913e-05,0.43516023905386103
por m,127,236,0.000130224,8.390231069096753e-05,0.4354041298519869
3 0,74,137,7.587852463437317e-05,4.8706002392637924e-05,0.4361008756802105
why not,59,109,6.0497742613892126e-05,3.875149095472653e-05,0.4363531199817122
experi ncia,73,135,7.485313916634111e-05,4.799496586135854e-05,0.43708153613284045
and be,101,187,0.000103564,6.648191567462257e-05,0.43793903035458315
file for,50,92,5.12692734016035e-05,3.2707680438851745e-05,0.43868297417068747
we shall,50,92,5.12692734016035e-05,3.2707680438851745e-05,0.43868297417068747
s s,107,198,0.000109716,7.03926165966592e-05,0.4387761226449911
pr prio,113,209,0.000115869,7.430331751869582e-05,0.4395256752230722
it took,56,103,5.742158620979592e-05,3.661838136088837e-05,0.4401926514981827
files and,56,103,5.742158620979592e-05,3.661838136088837e-05,0.4401926514981827
one year,70,129,7.17769827622449e-05,4.586185626752038e-05,0.440195689
in this,1368,2538,0.001402727,0.000902305,0.4408256934532417
change your,187,346,0.000191747,0.000123009,0.44102215290034485
me in,83,153,8.510699384666181e-05,5.4394294642873015e-05,0.44111403381617076
world trade,62,114,6.357389901798833e-05,4.052908228292499e-05,0.4414163294649135
we will,1060,1965,0.001086909,0.000698593,0.44151311528539994
if that,89,164,9.125930665485422e-05,5.8304995564909635e-05,0.4419096182827329
internet and,75,138,7.690391010240524e-05,4.9061520658277624e-05,0.4422234832304013
mas o,61,112,6.254851354995626e-05,3.9818045751645606e-05,0.44267932565760404
not make,54,99,5.537081527373178e-05,3.51963082983296e-05,0.4429944319677274
o trabalho,54,99,5.537081527373178e-05,3.51963082983296e-05,0.4429944319677274
pay for,94,173,9.638623399501458e-05,6.150465995566687e-05,0.4434437526527283
de sua,153,282,0.000156884,0.000100256,0.4442069841442863
them all,66,121,6.767544089011662e-05,4.301771014240284e-05,0.44479959573947175
cabe a,92,169,9.433546305895043e-05,6.00825868931081e-05,0.4451750296884006
it all,138,254,0.000141503,9.0301639472482e-05,0.4451956731998363
p e,59,108,6.0497742613892126e-05,3.8395972689086835e-05,0.4453368736071906
os seus,59,108,6.0497742613892126e-05,3.8395972689086835e-05,0.4453368736071906
fontfamily arial,72,132,7.382775369830904e-05,4.692841106443946e-05,0.4454803934576307
in accordance,52,95,5.3320044337667636e-05,3.377423523577082e-05,0.4460165536957098
pelo menos,52,95,5.3320044337667636e-05,3.377423523577082e-05,0.4460165536957098
mailed to,84,154,8.613237931469388e-05,5.474981290851271e-05,0.4465545090771062
be taken,71,130,7.280236823027697e-05,4.6217374533160075e-05,0.4466288915589431
mais de,58,106,5.9472357145860055e-05,3.768493615780745e-05,0.4467360762517901
acordo com,58,106,5.9472357145860055e-05,3.768493615780745e-05,0.4467360762517901
c h,58,106,5.9472357145860055e-05,3.768493615780745e-05,0.4467360762517901
mero de,83,152,8.510699384666181e-05,5.403877637723332e-05,0.4475526756207517
feel that,70,128,7.17769827622449e-05,4.550633800188069e-05,0.44781112994094424
a d,89,163,9.125930665485422e-05,5.794947729926994e-05,0.44792240288416063
fill in,57,104,5.8446971677827984e-05,3.6973899626528064e-05,0.4481856110604782
ao longo,57,104,5.8446971677827984e-05,3.6973899626528064e-05,0.4481856110604782
and only,63,115,6.45992844860204e-05,4.0884600548564684e-05,0.4486465579662582
response to,251,461,0.000257372,0.000163894,0.44909708804569437
we appreciate,50,91,5.12692734016035e-05,3.235216217321205e-05,0.4492860887196621
the product,100,183,0.000102539,6.50598426120638e-05,0.4493829387907258
para phishing,56,102,5.742158620979592e-05,3.626286309524868e-05,0.4496882452087763
the user,371,681,0.000380418,0.000242108,0.45039037152839395
you well,173,317,0.000177392,0.000112699,0.4504244576888427
para o,295,541,0.000302489,0.000192335,0.45091801070703263
a de,165,302,0.000169189,0.000107367,0.45138809658904494
f sica,73,133,7.485313916634111e-05,4.7283929330079154e-05,0.45170031223470714
diferen a,54,98,5.537081527373178e-05,3.48407900326899e-05,0.4528649337033394
e a,552,1010,0.000566013,0.000359073,0.454073807
of her,65,118,6.665005542208455e-05,4.195115534548376e-05,0.45428462601692465
de acordo,59,107,6.0497742613892126e-05,3.804045442344714e-05,0.4544020672516384
ve been,118,215,0.000120995,7.643642711253398e-05,0.454526733
the bottom,118,215,0.000120995,7.643642711253398e-05,0.454526733
o est,70,127,7.17769827622449e-05,4.5150819736241e-05,0.4554850111386136
a trusted,70,127,7.17769827622449e-05,4.5150819736241e-05,0.4554850111386136
por isso,140,255,0.000143554,9.065715773812169e-05,0.45559783181772856
are currently,93,169,9.53608485269825e-05,6.00825868931081e-05,0.45587315151586705
gives you,52,94,5.3320044337667636e-05,3.341871697013113e-05,0.45629278510045124
you at,75,136,7.690391010240524e-05,4.835048412699823e-05,0.4565285695839044
es e,115,209,0.000117919,7.430331751869582e-05,0.45692116299410573
the results,195,355,0.00019995,0.000126209,0.4572256685784855
o mais,189,344,0.000193798,0.000122298,0.4573558841680935
posi o,166,302,0.000170214,0.000107367,0.457395014
please take,74,134,7.587852463437317e-05,4.7639447595718846e-05,0.45779169338055986
20 000,130,236,0.0001333,8.390231069096753e-05,0.4585756193102441
out more,79,143,8.100545197453353e-05,5.083911198647609e-05,0.4586408105415755
free of,62,112,6.357389901798833e-05,3.9818045751645606e-05,0.4586860077134818
que voc,248,451,0.000254296,0.000160339,0.45891595781723693
register for,146,265,0.000149706,9.421234039451861e-05,0.4592232065078058
the future,449,817,0.000460398,0.000290458,0.4593638094685817
k nnen,398,724,0.000408103,0.000257395,0.4594776855976165
prior to,196,356,0.000200976,0.000126565,0.4595245198930087
to that,240,436,0.000246093,0.000155006,0.4598685742135961
multi level,50,90,5.12692734016035e-05,3.199664390757236e-05,0.4600028352355391
quando a,61,110,6.254851354995626e-05,3.910700922036622e-05,0.4602524945540591
m quina,55,99,5.639620074176385e-05,3.51963082983296e-05,0.46102097904483164
with little,55,99,5.639620074176385e-05,3.51963082983296e-05,0.46102097904483164
o por,88,159,9.023392118682215e-05,5.652740423671117e-05,0.46116534107581425
from an,115,208,0.000117919,7.394779925305613e-05,0.461653493
o um,60,108,6.15231280819242e-05,3.8395972689086835e-05,0.46187294253533234
you were,235,426,0.000240966,0.000151451,0.46195370777020456
to help,479,869,0.00049116,0.000308945,0.4624070684474126
please email,76,137,7.792929557043731e-05,4.8706002392637924e-05,0.4624267606447244
ponto de,65,117,6.665005542208455e-05,4.159563707984407e-05,0.4625963417994811
um novo,54,97,5.537081527373178e-05,3.448527176705021e-05,0.46283383429640806
you again,54,97,5.537081527373178e-05,3.448527176705021e-05,0.46283383429640806
out the,496,899,0.000508591,0.000319611,0.46338051698910543
this is,2666,4836,0.002733678,0.001719286,0.46352282127829153
life and,58,104,5.9472357145860055e-05,3.6973899626528064e-05,0.4652872821410758
em contato,79,142,8.100545197453353e-05,5.0483593720836395e-05,0.46552254415985983
from all,216,390,0.000221483,0.000138652,0.4656973688825201
can unsubscribe,63,113,6.45992844860204e-05,4.01735640172853e-05,0.46576838832117545
you only,63,113,6.45992844860204e-05,4.01735640172853e-05,0.46576838832117545
e no,52,93,5.3320044337667636e-05,3.306319870449144e-05,0.4666757148425797
consci ncia,57,102,5.8446971677827984e-05,3.626286309524868e-05,0.46708747965225034
designed for,57,102,5.8446971677827984e-05,3.626286309524868e-05,0.46708747965225034
c rebro,83,149,8.510699384666181e-05,5.2972221580314244e-05,0.46712113845239883
es que,72,129,7.382775369830904e-05,4.586185626752038e-05,0.46798480956500726
fato de,77,138,7.895468103846938e-05,4.9061520658277624e-05,0.4682073248845936
e de,195,351,0.00019995,0.000124787,0.4684676536434709
com o,354,638,0.000362986,0.000226821,0.4685579454190264
express pharmacy,51,91,5.2294658869635565e-05,3.235216217321205e-05,0.468713514
quando se,51,91,5.2294658869635565e-05,3.235216217321205e-05,0.468713514
klicken sie,266,479,0.000272753,0.000170293,0.46884754395097455
it at,56,100,5.742158620979592e-05,3.5551826563969293e-05,0.4689542890815479
who want,66,118,6.767544089011662e-05,4.195115534548376e-05,0.4693281040645569
o para,161,289,0.000165087,0.000102745,0.4705782780995184
evolu o,50,89,5.12692734016035e-05,3.164112564193267e-05,0.4708356756796352
ao mesmo,50,89,5.12692734016035e-05,3.164112564193267e-05,0.4708356756796352
20 00,95,170,9.741161946304665e-05,6.043810515874779e-05,0.47112863321222975
it with,105,188,0.000107665,6.683743394026226e-05,0.4711599529023536
and can,239,429,0.000245067,0.000152517,0.47179087362576405
o do,358,643,0.000367088,0.000228598,0.47199101353103645
please use,69,123,7.075159729421283e-05,4.3728746673682226e-05,0.4725937190948309
produ o,122,218,0.000125097,7.750298190945306e-05,0.47391505678413226
em que,224,401,0.000229686,0.000142563,0.47428623237111656
10 members,63,112,6.45992844860204e-05,3.9818045751645606e-05,0.47444050720554815
more details,97,173,9.946239039911079e-05,6.150465995566687e-05,0.4745423193214344
u n,82,146,8.408160837862974e-05,5.1905666783395166e-05,0.4751004387760906
m a,226,404,0.000231737,0.000143629,0.4757350925644616
e v,67,119,6.870082635814869e-05,4.2306673611123455e-05,0.4759054255231044
por uma,67,119,6.870082635814869e-05,4.2306673611123455e-05,0.4759054255231044
thank you,1223,2190,0.001254046,0.000778585,0.4761661157703626
assim como,110,196,0.000112792,6.96815800653798e-05,0.4761907462685384
seguran a,81,144,8.305622291059767e-05,5.119463025211578e-05,0.4765062744487682
d lares,57,101,5.8446971677827984e-05,3.5907344829608986e-05,0.4766741047503827
r a,157,280,0.000160986,9.954511437911402e-05,0.47690041307564474
the reports,52,92,5.3320044337667636e-05,3.2707680438851745e-05,0.4771675818920773
os dois,52,92,5.3320044337667636e-05,3.2707680438851745e-05,0.4771675818920773
when you,445,795,0.000456297,0.000282637,0.47763672350083475
doesn t,113,201,0.000115869,7.145917139357828e-05,0.4780266163733334
auf den,75,133,7.690391010240524e-05,4.7283929330079154e-05,0.4783773662785587
que as,155,276,0.000158935,9.812304131655525e-05,0.4784039841778196
in case,131,233,0.000134325,8.283575589404845e-05,0.4788233624350084
we were,159,283,0.000163036,0.000100612,0.47892929763563097
o de,1022,1824,0.001047944,0.000648465,0.47938973911753086
o ou,93,165,9.53608485269825e-05,5.866051383054933e-05,0.47942959181187544
cada um,51,90,5.2294658869635565e-05,3.199664390757236e-05,0.47943026080153717
look for,88,156,9.023392118682215e-05,5.546084943979209e-05,0.4798793030685694
you be,60,106,6.15231280819242e-05,3.768493615780745e-05,0.48008626
it you,83,147,8.510699384666181e-05,5.226118504903486e-05,0.48038280707865744
is quite,179,318,0.000183544,0.000113055,0.4812088018685125
as we,284,505,0.000291209,0.000179537,0.4815367031346518
s o,857,1526,0.000878755,0.000542521,0.48157574174587164
e o,426,758,0.000436814,0.000269483,0.48158596289881916
princ pio,105,186,0.000107665,6.612639740898288e-05,0.4816967478743353
is from,105,186,0.000107665,6.612639740898288e-05,0.4816967478743353
email is,398,708,0.000408103,0.000251707,0.48173752957004085
como o,137,243,0.000140478,8.639093855044537e-05,0.48175127940648393
years old,50,88,5.12692734016035e-05,3.1285607376292974e-05,0.4817871529019799
10 years,59,104,6.0497742613892126e-05,3.6973899626528064e-05,0.4821013968715837
to read,182,323,0.00018662,0.000114832,0.4822751507668987
com as,109,193,0.000111767,6.861502526846072e-05,0.48234346075776713
the ability,166,294,0.000170214,0.000104522,0.4839911949028839
a p,85,150,8.715776478272595e-05,5.332773984595394e-05,0.4840930317665447
offer a,76,134,7.792929557043731e-05,4.7639447595718846e-05,0.4841175783450738
with my,134,237,0.000137402,8.425782895660722e-05,0.48448003748886703
friends and,71,125,7.280236823027697e-05,4.443978320496161e-05,0.48500281754876584
o s,209,370,0.000214306,0.000131542,0.4851604889041069
us with,62,109,6.357389901798833e-05,3.875149095472653e-05,0.4851629404812646
the worlds,102,180,0.000104589,6.399328781514472e-05,0.48527320820220016
within two,53,93,5.434542980569971e-05,3.306319870449144e-05,0.48537650210440025
do mundo,106,187,0.000108691,6.648191567462257e-05,0.48580639607588194
visa mastercard,88,155,9.023392118682215e-05,5.51053311741524e-05,0.48619593290876745
have made,105,185,0.000107665,6.577087914334318e-05,0.48700707397279563
sobre o,122,215,0.000125097,7.643642711253398e-05,0.48759436254787336
o seu,178,314,0.000182519,0.000111633,0.48818370081745127
a o,204,360,0.000209179,0.000127987,0.4882494801947851
as your,69,121,7.075159729421283e-05,4.301771014240284e-05,0.48861806016019427
now i,134,236,0.000137402,8.390231069096753e-05,0.48865867513790684
won t,86,151,8.818315025075802e-05,5.368325811159363e-05,0.4891345280582778
com que,73,128,7.485313916634111e-05,4.550633800188069e-05,0.4892104870214398
to raise,81,142,8.305622291059767e-05,5.0483593720836395e-05,0.4902227069240868
show the,51,89,5.2294658869635565e-05,3.164112564193267e-05,0.49026310124563316
de a,85,149,8.715776478272595e-05,5.2972221580314244e-05,0.4906584919572204
sent wednesday,335,590,0.000343504,0.000209756,0.49140607713078405
e da,118,207,0.000120995,7.359228098741644e-05,0.4919470078812981
let us,143,251,0.00014663,8.923508467556292e-05,0.4922916526500491
receive a,210,369,0.000215331,0.000131186,0.4925975656669968
de todos,50,87,5.12692734016035e-05,3.093008911065328e-05,0.4928598942240981
have it,79,138,8.100545197453353e-05,4.9061520658277624e-05,0.4935330702926075
long as,154,270,0.000157909,9.598993172271708e-05,0.4937268134063639
tipo de,87,152,8.920853571879009e-05,5.403877637723332e-05,0.4940860917603852
to reach,124,217,0.000127148,7.714746364381336e-05,0.49458666858729516
are pleased,86,150,8.818315025075802e-05,5.332773984595394e-05,0.4956571639895827
de que,365,640,0.000374266,0.000227532,0.4959594094559661
we look,94,164,9.638623399501458e-05,5.8304995564909635e-05,0.49599132120953754
n mero,180,315,0.000184569,0.000111988,0.49614498762935605
hallo phishing,204,357,0.000209179,0.00012692,0.49655258287167403
pr pria,118,206,0.000120995,7.323676272177674e-05,0.49672455577118985
get back,122,213,0.000125097,7.572539058125459e-05,0.4968189758011094
a i,126,220,0.000129199,7.821401844073244e-05,0.49690745504398115
o pr,85,148,8.715776478272595e-05,5.261670331467455e-05,0.49726734244960225
you or,101,176,0.000103564,6.257121475258595e-05,0.4976379067428628
r m,64,111,6.562466995405247e-05,3.9462527486005913e-05,0.4986986301404876
your ledger,72,125,7.382775369830904e-05,4.443978320496161e-05,0.4988008515260804
a vida,76,132,7.792929557043731e-05,4.692841106443946e-05,0.49884399749018815
and do,108,188,0.000110742,6.683743394026226e-05,0.49907517066385726
de trabalho,152,265,0.000155859,9.421234039451861e-05,0.4992351467206433
the potential,103,179,0.000105615,6.363776954950503e-05,0.5004225231085605
now if,71,123,7.280236823027697e-05,4.3728746673682226e-05,0.5007744236953554
d t,63,109,6.45992844860204e-05,3.875149095472653e-05,0.50091744
take your,63,109,6.45992844860204e-05,3.875149095472653e-05,0.50091744
e um,63,109,6.45992844860204e-05,3.875149095472653e-05,0.50091744
mesmo que,51,88,5.2294658869635565e-05,3.1285607376292974e-05,0.5012145784679779
o e,394,687,0.000404002,0.000244241,0.5016500969889426
to us,181,315,0.000185595,0.000111988,0.5016553950758486
m e,153,266,0.000156884,9.456785866015831e-05,0.502023881
the country,129,224,0.000132275,7.963609150329121e-05,0.5024662674389713
also include,54,93,5.537081527373178e-05,3.306319870449144e-05,0.50373398
tr s,186,323,0.000190722,0.000114832,0.5039005089460857
build a,81,140,8.305622291059767e-05,4.977255718955701e-05,0.5041298994996638
to fill,77,133,7.895468103846938e-05,4.7283929330079154e-05,0.5043612079327511
n a,123,213,0.000126122,7.572539058125459e-05,0.5049178095561457
meant to,61,105,6.254851354995626e-05,3.732941789216776e-05,0.5055859145824694
the highest,80,138,8.20308374425656e-05,4.9061520658277624e-05,0.5059594119912285
program that,57,98,5.8446971677827984e-05,3.48407900326899e-05,0.5059980516759359
software that,53,91,5.434542980569971e-05,3.235216217321205e-05,0.5064714837028724
if this,494,856,0.00050654,0.000304324,0.5082040417738914
without the,109,188,0.000111767,6.683743394026226e-05,0.5082097194980827
de uma,481,833,0.00049321,0.000296147,0.5087353502648667
ncia do,82,141,8.408160837862974e-05,5.01280754551967e-05,0.509277126
so you,228,394,0.000233788,0.000140074,0.509396527
money for,93,160,9.53608485269825e-05,5.6882922502350864e-05,0.5096775905816167
think about,104,179,0.00010664,6.363776954950503e-05,0.5099942417864953
every day,137,236,0.000140478,8.390231069096753e-05,0.5106415692144171
ainda mais,55,94,5.639620074176385e-05,3.341871697013113e-05,0.5113775975863928
mais tarde,55,94,5.639620074176385e-05,3.341871697013113e-05,0.5113775975863928
day i,55,94,5.639620074176385e-05,3.341871697013113e-05,0.5113775975863928
few months,77,132,7.895468103846938e-05,4.692841106443946e-05,0.511751526
1 0,147,253,0.000150732,8.99461212068423e-05,0.511846334
up at,51,87,5.2294658869635565e-05,3.093008911065328e-05,0.51228732
check your,51,87,5.2294658869635565e-05,3.093008911065328e-05,0.51228732
to win,113,194,0.000115869,6.897054353410042e-05,0.5129755195819381
allows you,91,156,9.331007759091836e-05,5.546084943979209e-05,0.5130405835814363
use your,80,137,8.20308374425656e-05,4.8706002392637924e-05,0.513086376
se voc,116,199,0.000118945,7.07481348622989e-05,0.513869063
to its,181,311,0.000185595,0.000110566,0.5143212956922876
que se,351,604,0.00035991,0.000214733,0.5145877666480362
v rias,61,104,6.254851354995626e-05,3.6973899626528064e-05,0.5149045353152585
receipt of,173,297,0.000177392,0.000105589,0.5150020034591061
be sure,126,216,0.000129199,7.679194537817367e-05,0.5150228427346814
and should,191,328,0.000195849,0.00011661,0.5150610388308616
fax your,50,85,5.12692734016035e-05,3.0219052579373896e-05,0.515380124
pode ser,147,252,0.000150732,8.959060294120261e-05,0.5157631036387789
ncia de,208,357,0.00021328,0.00012692,0.515879167
it for,161,276,0.000165087,9.812304131655525e-05,0.5161501908066182
dispon veis,64,109,6.562466995405247e-05,3.875149095472653e-05,0.5164275799964805
informa es,114,195,0.000116894,6.932606179974011e-05,0.5166429824649501
sie k,85,145,8.715776478272595e-05,5.155014851775547e-05,0.5173600674482894
send us,67,114,6.870082635814869e-05,4.052908228292499e-05,0.5178182139154446
on my,332,569,0.000340428,0.00020229,0.5185037447152083
que s,95,162,9.741161946304665e-05,5.759395903363025e-05,0.5185272779551847
including but,77,131,7.895468103846938e-05,4.657289279879977e-05,0.5191968671345559
com uma,105,179,0.000107665,6.363776954950503e-05,0.5194752106117542
es de,322,551,0.000330174,0.000195891,0.5199962179345221
sie auf,115,196,0.000117919,6.96815800653798e-05,0.520260352
a one,104,177,0.00010664,6.292673301822564e-05,0.5210555186830381
thanks in,90,153,9.228469212288629e-05,5.4394294642873015e-05,0.5211794191617677
hier klicken,69,117,7.075159729421283e-05,4.159563707984407e-05,0.5214582842678358
the mailing,62,105,6.357389901798833e-05,3.732941789216776e-05,0.521592597
o mas,55,93,5.639620074176385e-05,3.306319870449144e-05,0.5217605273285213
this site,55,93,5.639620074176385e-05,3.306319870449144e-05,0.5217605273285213
com os,131,223,0.000134325,7.928057323765152e-05,0.5221552958520748
ledger sas,65,110,6.665005542208455e-05,3.910700922036622e-05,0.5227970613005737
condi es,106,180,0.000108691,6.399328781514472e-05,0.523382042
o processo,51,86,5.2294658869635565e-05,3.057457084501359e-05,0.5234840407883763
check or,85,144,8.715776478272595e-05,5.119463025211578e-05,0.5241483701214198
order you,61,103,6.254851354995626e-05,3.661838136088837e-05,0.5243108101964371
and 1,54,91,5.537081527373178e-05,3.235216217321205e-05,0.5248289618498891
to live,54,91,5.537081527373178e-05,3.235216217321205e-05,0.5248289618498891
e c,98,166,0.000100488,5.901603209618902e-05,0.5253266282892536
do not,1325,2257,0.001358636,0.000802405,0.5261135045563635
receive the,158,268,0.000162011,9.527889519143769e-05,0.5265679560672898
many people,124,210,0.000127148,7.465883578433551e-05,0.5269500383338416
next to,97,164,9.946239039911079e-05,5.8304995564909635e-05,0.5270898878782437
come in,96,162,9.843700493107872e-05,5.759395903363025e-05,0.5288927242855325
compared to,66,111,6.767544089011662e-05,3.9462527486005913e-05,0.5290153533635409
be much,56,94,5.742158620979592e-05,3.341871697013113e-05,0.5290849340384107
milh es,79,133,8.100545197453353e-05,4.7283929330079154e-05,0.529686953
por meio,79,133,8.100545197453353e-05,4.7283929330079154e-05,0.529686953
de suas,69,116,7.075159729421283e-05,4.124011881420438e-05,0.5298396641018578
until i,59,99,6.0497742613892126e-05,3.51963082983296e-05,0.5300433357514294
uma vez,82,138,8.408160837862974e-05,4.9061520658277624e-05,0.5303582322068261
respect to,181,306,0.000185595,0.000108789,0.5303826576608278
a look,161,272,0.000165087,9.670096825399646e-05,0.5306006413536438
order the,85,143,8.715776478272595e-05,5.083911198647609e-05,0.5309830689784543
a larger,52,87,5.3320044337667636e-05,3.093008911065328e-05,0.531344502
t o,432,731,0.000442967,0.000259884,0.5316738616347373
really is,65,109,6.665005542208455e-05,3.875149095472653e-05,0.5317008251719015
of 20,78,131,7.998006650650145e-05,4.657289279879977e-05,0.5319399118685807
me on,55,92,5.639620074176385e-05,3.2707680438851745e-05,0.5322523943780189
the ultimate,55,92,5.639620074176385e-05,3.2707680438851745e-05,0.5322523943780189
ou de,68,114,6.972621182618076e-05,4.052908228292499e-05,0.5324222916723367
a sua,234,395,0.00023994,0.00014043,0.5327458885384284
out on,146,246,0.000149706,8.745749334736445e-05,0.5328106304246336
see how,154,259,0.000157909,9.207923080068046e-05,0.5348829153012699
do trabalho,67,112,6.870082635814869e-05,3.9818045751645606e-05,0.5350878921640129
einstein a,54,90,5.537081527373178e-05,3.199664390757236e-05,0.5355457083657663
de d,54,90,5.537081527373178e-05,3.199664390757236e-05,0.5355457083657663
antes de,89,149,9.125930665485422e-05,5.2972221580314244e-05,0.5361336639515162
com this,73,122,7.485313916634111e-05,4.3373228408042534e-05,0.536162768
o paulo,57,95,5.8446971677827984e-05,3.377423523577082e-05,0.5362079370771434
under report,92,154,9.433546305895043e-05,5.474981290851271e-05,0.5365278072479344
0 1,92,154,9.433546305895043e-05,5.474981290851271e-05,0.5365278072479344
com a,382,643,0.000391697,0.000228598,0.5367079358281898
line of,82,137,8.408160837862974e-05,4.8706002392637924e-05,0.5374851961647297
este email,82,137,8.408160837862974e-05,4.8706002392637924e-05,0.5374851961647297
please visit,155,260,0.000158935,9.243474906632015e-05,0.5375025824845914
hi phishing,104,174,0.00010664,6.186017822130656e-05,0.5378802830968342
best tigen,284,477,0.000291209,0.000169582,0.538253552
o n,390,655,0.0003999,0.000232864,0.5389711152653046
os que,53,88,5.434542980569971e-05,3.1285607376292974e-05,0.5389725478851903
n vel,75,125,7.690391010240524e-05,4.443978320496161e-05,0.5390881421022182
name and,408,685,0.000418357,0.00024353,0.5393851822186214
up for,191,320,0.000195849,0.000113766,0.5395411070357676
for 1,81,135,8.305622291059767e-05,4.799496586135854e-05,0.5397683400031252
a user,203,340,0.000208153,0.000120876,0.5400613768255867
pontos livelo,65,108,6.665005542208455e-05,3.8395972689086835e-05,0.540684579
information to,171,286,0.000175341,0.000101678,0.5408190795401172
est o,267,447,0.000273778,0.000158917,0.5413103734684146
por um,130,217,0.0001333,7.714746364381336e-05,0.541479328
a 5,74,123,7.587852463437317e-05,4.3728746673682226e-05,0.5416101767407135
send a,351,587,0.00035991,0.000208689,0.5430029099847801
em rela,61,101,6.254851354995626e-05,3.5907344829608986e-05,0.5433930290051631
que nos,64,106,6.562466995405247e-05,3.768493615780745e-05,0.5436246509970665
processo de,67,111,6.870082635814869e-05,3.9462527486005913e-05,0.5438358750758028
we are,1929,3228,0.001977969,0.001147613,0.5440206896626545
sur le,146,243,0.000149706,8.639093855044537e-05,0.5449411665232059
excited to,51,84,5.2294658869635565e-05,2.9863534313734203e-05,0.5462607496077443
our platform,54,89,5.537081527373178e-05,3.164112564193267e-05,0.5463785488098623
e mais,57,94,5.8446971677827984e-05,3.341871697013113e-05,0.5464841684818849
e com,69,114,7.075159729421283e-05,4.052908228292499e-05,0.5468161566239053
textalign center,81,134,8.305622291059767e-05,4.7639447595718846e-05,0.5470510147150874
1 4,129,214,0.000132275,7.608090884689429e-05,0.5475569676934973
we ll,167,277,0.000171239,9.847855958219494e-05,0.548943074
your way,71,117,7.280236823027697e-05,4.159563707984407e-05,0.5496389888683604
sie ihren,68,112,6.972621182618076e-05,3.9818045751645606e-05,0.54969197
to spend,65,107,6.665005542208455e-05,3.804045442344714e-05,0.5497497724418278
o muito,65,107,6.665005542208455e-05,3.804045442344714e-05,0.5497497724418278
pontos em,65,107,6.665005542208455e-05,3.804045442344714e-05,0.5497497724418278
access and,56,92,5.742158620979592e-05,3.2707680438851745e-05,0.5499597308300369
thing is,56,92,5.742158620979592e-05,3.2707680438851745e-05,0.5499597308300369
en el,56,92,5.742158620979592e-05,3.2707680438851745e-05,0.5499597308300369
pot a,50,82,5.12692734016035e-05,2.9152497782454817e-05,0.5501409268287765
should not,249,413,0.000255321,0.000146829,0.5503739971892747
make a,290,481,0.000297362,0.000171004,0.5507874024327544
o pode,100,165,0.000102539,5.866051383054933e-05,0.5512735845537351
sie die,97,160,9.946239039911079e-05,5.6882922502350864e-05,0.5513610396477904
de forma,82,135,8.408160837862974e-05,4.799496586135854e-05,0.5518933391531169
is part,79,130,8.100545197453353e-05,4.6217374533160075e-05,0.5520238031746018
subject to,314,520,0.000321971,0.000184869,0.5525178458362452
a limited,208,344,0.00021328,0.000122298,0.5526779109004525
bottom of,61,100,6.254851354995626e-05,3.5551826563969293e-05,0.5530724477798024
the greatest,58,95,5.9472357145860055e-05,3.377423523577082e-05,0.553309608
que isso,52,85,5.3320044337667636e-05,3.0219052579373896e-05,0.553864731
meio de,87,143,8.920853571879009e-05,5.083911198647609e-05,0.5539791316132663
o dos,157,259,0.000160986,9.207923080068046e-05,0.5540558645960865
with us,177,292,0.000181493,0.000103811,0.5545511538561912
s h,75,123,7.690391010240524e-05,4.3728746673682226e-05,0.5548597482488078
20 20,72,118,7.382775369830904e-05,4.195115534548376e-05,0.5551253070631185
width 100,195,321,0.00019995,0.000114121,0.5570700436193228
om u,54,88,5.537081527373178e-05,3.1285607376292974e-05,0.557330026
for us,140,230,0.000143554,8.176920109712937e-05,0.5575968769013284
and even,151,248,0.000154833,8.816852987864384e-05,0.5582580675636962
que est,122,200,0.000125097,7.110365312793859e-05,0.558946956
out for,82,134,8.408160837862974e-05,4.7639447595718846e-05,0.5591760138650791
work for,173,284,0.000177392,0.000100967,0.559330546
follow the,336,552,0.00034453,0.000196246,0.5606259733931183
complete the,149,244,0.000152782,8.674645681608507e-05,0.5610873587092945
em dobro,53,86,5.434542980569971e-05,3.057457084501359e-05,0.5612420102055886
shipping and,98,160,0.000100488,5.6882922502350864e-05,0.5615159634952501
and more,351,576,0.00035991,0.000204779,0.5618289993306146
for our,159,260,0.000163036,9.243474906632015e-05,0.5628243585586891
dispon vel,89,145,9.125930665485422e-05,5.155014851775547e-05,0.5628352394425853
estados unidos,75,122,7.690391010240524e-05,4.3373228408042534e-05,0.5628398216865764
ncia com,61,99,6.254851354995626e-05,3.51963082983296e-05,0.562846474
please dont,61,99,6.254851354995626e-05,3.51963082983296e-05,0.562846474
ap s,181,296,0.000185595,0.000105233,0.5633006359115548
check it,88,143,9.023392118682215e-05,5.083911198647609e-05,0.565281849
that you,1119,1832,0.001147406,0.000651309,0.565611383
writing to,300,490,0.000307616,0.000174204,0.5661458956215281
e por,112,182,0.000114843,6.47043243464241e-05,0.5670725715764359
01 to,175,285,0.000179442,0.000101323,0.5672803281361115
working for,57,92,5.8446971677827984e-05,3.2707680438851745e-05,0.567358965
de um,563,919,0.000577292,0.000326721,0.5679154536900513
atrav s,151,245,0.000154833,8.710197508172476e-05,0.5702912895229636
phishing pot,1794,2924,0.001839542,0.001039535,0.5703244411445333
use this,86,139,8.818315025075802e-05,4.941703892391732e-05,0.5703629313778142
you have,2294,3737,0.002352234,0.001328572,0.5709337599165282
a u,64,103,6.562466995405247e-05,3.661838136088837e-05,0.5715821317675306
your local,64,103,6.562466995405247e-05,3.661838136088837e-05,0.5715821317675306
or for,72,116,7.382775369830904e-05,4.124011881420438e-05,0.5718184026796969
the high,53,85,5.434542980569971e-05,3.0219052579373896e-05,0.5725655187088684
be as,61,98,6.254851354995626e-05,3.48407900326899e-05,0.5727169759307162
e t,168,272,0.000172265,9.670096825399646e-05,0.5729093518551714
that can,378,613,0.000387596,0.000217933,0.5737751271114877
t t,74,119,7.587852463437317e-05,4.2306673611123455e-05,0.5739198258774477
educa o,58,93,5.9472357145860055e-05,3.306319870449144e-05,0.5739687693046109
up my,58,93,5.9472357145860055e-05,3.306319870449144e-05,0.5739687693046109
account in,50,80,5.12692734016035e-05,2.8441461251175432e-05,0.5740047642403375
within the,497,806,0.000509617,0.000286548,0.5742301348103143
united states,552,895,0.000566013,0.000318189,0.5745989134218366
by phone,71,114,7.280236823027697e-05,4.052908228292499e-05,0.5749968612244297
your check,60,96,6.15231280819242e-05,3.4129753501410516e-05,0.5764880881032761
sie das,52,83,5.3320044337667636e-05,2.950801604809451e-05,0.5769038291501901
finden sie,52,83,5.3320044337667636e-05,2.950801604809451e-05,0.5769038291501901
the answer,99,159,0.000101513,5.652740423671117e-05,0.5777297639166249
time you,99,159,0.000101513,5.652740423671117e-05,0.5777297639166249
how much,175,282,0.000179442,0.000100256,0.5777584747653566
o f,101,162,0.000103564,5.759395903363025e-05,0.5791670732999544
details and,67,107,6.870082635814869e-05,3.804045442344714e-05,0.5796137722017218
voc n,80,128,8.20308374425656e-05,4.550633800188069e-05,0.5796234698261186
mail server,93,149,9.53608485269825e-05,5.2972221580314244e-05,0.5796304844808533
hearing from,85,136,8.715776478272595e-05,4.835048412699823e-05,0.5801804150829893
to any,186,299,0.000190722,0.0001063,0.5804165358414143
c o,336,541,0.00034453,0.000192335,0.5806516631401996
facebook hi,90,144,9.228469212288629e-05,5.119463025211578e-05,0.5806764019621952
or an,77,123,7.895468103846938e-05,4.3728746673682226e-05,0.5808435899030003
vel de,64,102,6.562466995405247e-05,3.626286309524868e-05,0.5810777254781243
margin 0,100,160,0.000102539,5.6882922502350864e-05,0.5815215833234763
of people,334,537,0.000342479,0.000190913,0.5820814832621364
in south,66,105,6.767544089011662e-05,3.732941789216776e-05,0.5831739593766162
2 000,176,282,0.000180468,0.000100256,0.5834250071287523
haben sie,71,113,7.280236823027697e-05,4.01735640172853e-05,0.5835944205886252
full details,53,84,5.434542980569971e-05,2.9863534313734203e-05,0.5840187190249567
e que,178,285,0.000182519,0.000101323,0.5841844967777577
this matter,81,129,8.305622291059767e-05,4.586185626752038e-05,0.5842818499675785
not a,440,706,0.00045117,0.000250996,0.5846445439713852
you for,796,1278,0.000816207,0.000454352,0.5848207232766611
t c,63,100,6.45992844860204e-05,3.5551826563969293e-05,0.5848336293277465
for all,630,1011,0.000645993,0.000359429,0.5850403396189242
received over,50,79,5.12692734016035e-05,2.808594298553574e-05,0.5861536932091084
muito mais,93,148,9.53608485269825e-05,5.261670331467455e-05,0.5862393349732351
podem ser,93,148,9.53608485269825e-05,5.261670331467455e-05,0.5862393349732351
5 x,98,156,0.000100488,5.546084943979209e-05,0.586390889
dass sie,60,95,6.15231280819242e-05,3.377423523577082e-05,0.5866597918163907
e n,315,504,0.000322996,0.000179181,0.5867694299940266
unsubscribe from,292,467,0.000299413,0.000166027,0.5870010629059272
o ao,75,119,7.690391010240524e-05,4.2306673611123455e-05,0.5871693973855421
and send,138,220,0.000141503,7.821401844073244e-05,0.5872111339498767
de tr,52,82,5.3320044337667636e-05,2.9152497782454817e-05,0.5886255345501665
using our,52,82,5.3320044337667636e-05,2.9152497782454817e-05,0.5886255345501665
your fund,57,90,5.8446971677827984e-05,3.199664390757236e-05,0.5886788263383627
k e,57,90,5.8446971677827984e-05,3.199664390757236e-05,0.5886788263383627
to turn,62,98,6.357389901798833e-05,3.48407900326899e-05,0.5887236579865939
you re,325,519,0.00033325,0.000184514,0.5887598026608329
an email,297,474,0.000304539,0.000168516,0.5891337145178662
credit card,344,549,0.000352733,0.00019518,0.5895110649595616
para um,74,117,7.587852463437317e-05,4.159563707984407e-05,0.5904747419137184
como voc,69,109,7.075159729421283e-05,3.875149095472653e-05,0.5905627676402563
h i,64,101,6.562466995405247e-05,3.5907344829608986e-05,0.5906643505762567
risk of,64,101,6.562466995405247e-05,3.5907344829608986e-05,0.5906643505762567
programs and,54,85,5.537081527373178e-05,3.0219052579373896e-05,0.5909229968558851
to contact,297,473,0.000304539,0.00016816,0.5912331760015989
it works,220,350,0.000225585,0.000124431,0.5913603413233691
known as,96,152,9.843700493107872e-05,5.403877637723332e-05,0.5914863655315687
am a,143,227,0.00014663,8.070264630021029e-05,0.5916235776553713
t m,227,361,0.000232763,0.000128342,0.5918448630235044
you would,437,696,0.000448093,0.000247441,0.5920267570825732
we have,1653,2635,0.001694962,0.000936791,0.5924788006888834
a minute,61,96,6.254851354995626e-05,3.4129753501410516e-05,0.5927551576188093
d d,56,88,5.742158620979592e-05,3.1285607376292974e-05,0.5930639095613294
r das,56,88,5.742158620979592e-05,3.1285607376292974e-05,0.5930639095613294
the ledger,51,80,5.2294658869635565e-05,2.8441461251175432e-05,0.5934321898063355
of us,272,432,0.000278905,0.000153584,0.5937127831410174
has already,205,325,0.000210204,0.000115543,0.5945605426477603
d o,102,161,0.000104589,5.723844076799056e-05,0.5950115773809095
tudo que,58,91,5.9472357145860055e-05,3.235216217321205e-05,0.595063751
u te,58,91,5.9472357145860055e-05,3.235216217321205e-05,0.595063751
o c,163,258,0.000167138,9.172371253504077e-05,0.5951598288668941
part in,75,118,7.690391010240524e-05,4.195115534548376e-05,0.5954125976392564
this system,53,83,5.434542980569971e-05,2.950801604809451e-05,0.5956046164120106
clique aqui,87,137,8.920853571879009e-05,4.8706002392637924e-05,0.5959983553222017
of my,503,798,0.000515769,0.000283704,0.5961471993744101
f cil,138,218,0.000141503,7.750298190945306e-05,0.5962278074472214
mudan a,65,102,6.665005542208455e-05,3.626286309524868e-05,0.5963509706535454
address to,94,148,9.638623399501458e-05,5.261670331467455e-05,0.5968242173707028
an internet,77,121,7.895468103846938e-05,4.301771014240284e-05,0.5968679309683635
to 3,89,140,9.125930665485422e-05,4.977255718955701e-05,0.5972471671666114
the size,72,113,7.382775369830904e-05,4.01735640172853e-05,0.5973924545659398
sign up,154,243,0.000157909,8.639093855044537e-05,0.5979423904754403
can get,224,354,0.000229686,0.000125853,0.5980263637374091
or their,50,78,5.12692734016035e-05,2.7730424719896047e-05,0.5984520357279041
in with,62,97,6.357389901798833e-05,3.448527176705021e-05,0.5986925585796624
have them,62,97,6.357389901798833e-05,3.448527176705021e-05,0.5986925585796624
you wont,86,135,8.818315025075802e-05,4.799496586135854e-05,0.598974568
to people,69,108,7.075159729421283e-05,3.8395972689086835e-05,0.5995465212657347
know you,93,146,9.53608485269825e-05,5.1905666783395166e-05,0.5995895278223836
control of,88,138,9.023392118682215e-05,4.9061520658277624e-05,0.6001741085088961
em sua,174,274,0.000178417,9.741200478527585e-05,0.6005503071451557
due to,741,1171,0.000759811,0.000416312,0.6005506080095527
looking forward,78,122,7.998006650650145e-05,4.3373228408042534e-05,0.6015667080747937
you ll,352,555,0.000360936,0.000197313,0.6016217672567779
1 million,66,103,6.767544089011662e-05,3.661838136088837e-05,0.6018988549905839
s de,168,264,0.000172265,9.385682212887892e-05,0.6024522020918811
the letter,99,155,0.000101513,5.51053311741524e-05,0.602760356
comes with,106,166,0.000108691,5.901603209618902e-05,0.6030543139937034
n i,68,106,6.972621182618076e-05,3.768493615780745e-05,0.6033659736892739
to issue,174,273,0.000178417,9.705648651963616e-05,0.604169398
de cada,89,139,9.125930665485422e-05,4.941703892391732e-05,0.6042739711490723
a c,136,213,0.000139452,7.572539058125459e-05,0.6046361185795385
50 00,70,109,7.17769827622449e-05,3.875149095472653e-05,0.6047523856698862
de grande,51,79,5.2294658869635565e-05,2.808594298553574e-05,0.6055811187751063
ncia e,119,186,0.000122021,6.612639740898288e-05,0.6057766508088539
service to,65,101,6.665005542208455e-05,3.5907344829608986e-05,0.6059375957516777
8 0,93,145,9.53608485269825e-05,5.155014851775547e-05,0.6063320599719223
sie nicht,142,222,0.000145605,7.892505497201183e-05,0.6066507149250311
o t,149,233,0.000152782,8.283575589404845e-05,0.6066792442770986
or more,350,549,0.000358885,0.00019518,0.6067540981381027
ao seu,67,104,6.870082635814869e-05,3.6973899626528064e-05,0.6073131018216673
events and,53,82,5.434542980569971e-05,2.9152497782454817e-05,0.607326322
s e,216,338,0.000221483,0.000120165,0.6076971803967496
where to,118,184,0.000120995,6.541536087770349e-05,0.6080556694714784
voc tem,83,129,8.510699384666181e-05,4.586185626752038e-05,0.6083865921354085
de o,76,118,7.792929557043731e-05,4.195115534548376e-05,0.6084889110956759
em geral,55,85,5.639620074176385e-05,3.0219052579373896e-05,0.6089495439329895
t i,203,317,0.000208153,0.000112699,0.6095100788431176
for any,388,607,0.00039785,0.0002158,0.6096109414831995
forma de,78,121,7.998006650650145e-05,4.301771014240284e-05,0.6096109757023884
o bem,71,110,7.280236823027697e-05,3.910700922036622e-05,0.609839708
ways to,117,182,0.00011997,6.47043243464241e-05,0.6103786627318143
will make,186,290,0.000190722,0.0001031,0.6106899969998515
read the,289,451,0.000296336,0.000160339,0.6113580423692684
m que,52,80,5.3320044337667636e-05,2.8441461251175432e-05,0.6124893719617274
tem pontos,93,144,9.53608485269825e-05,5.119463025211578e-05,0.6131203626450527
with this,440,686,0.00045117,0.000243886,0.6132664660109308
t y,54,83,5.537081527373178e-05,2.950801604809451e-05,0.6139620945590275
to hearing,79,122,8.100545197453353e-05,4.3373228408042534e-05,0.6141494087487827
log in,236,367,0.000241991,0.000130475,0.6142060168119302
if you,5248,8186,0.005381223,0.002910273,0.6145111954463565
com for,124,192,0.000127148,6.825950700282103e-05,0.6153238490705246
you start,65,100,6.665005542208455e-05,3.5551826563969293e-05,0.6156170145263169
atualiza o,74,114,7.587852463437317e-05,4.052908228292499e-05,0.6158326142697879
g a,76,117,7.792929557043731e-05,4.159563707984407e-05,0.6168006268782324
write a,85,131,8.715776478272595e-05,4.657289279879977e-05,0.6168648709794484
e l,85,131,8.715776478272595e-05,4.657289279879977e-05,0.6168648709794484
bitte hier,94,145,9.638623399501458e-05,5.155014851775547e-05,0.616916942
than ever,69,106,7.075159729421283e-05,3.768493615780745e-05,0.6177598386408424
are so,69,106,7.075159729421283e-05,3.768493615780745e-05,0.6177598386408424
new and,71,109,7.280236823027697e-05,3.875149095472653e-05,0.6187434722407809
know about,118,182,0.000120995,6.47043243464241e-05,0.6188192948140414
padr o,53,81,5.434542980569971e-05,2.8796979516815125e-05,0.6191870568648201
minutes of,53,81,5.434542980569971e-05,2.8796979516815125e-05,0.6191870568648201
n d,133,205,0.000136376,7.288124445613705e-05,0.6202646379393174
pr ncipe,55,84,5.639620074176385e-05,2.9863534313734203e-05,0.6204027442490778
in every,66,101,6.767544089011662e-05,3.5907344829608986e-05,0.6209810737993099
unsubscribe here,97,149,9.946239039911079e-05,5.2972221580314244e-05,0.621313934
sich abmelden,59,90,6.0497742613892126e-05,3.199664390757236e-05,0.6225946121494682
100 00,70,107,7.17769827622449e-05,3.804045442344714e-05,0.6228013329398124
20 orders,50,76,5.12692734016035e-05,2.701938818861666e-05,0.6235119858994891
track of,50,76,5.12692734016035e-05,2.701938818861666e-05,0.6235119858994891
o primeiro,61,93,6.254851354995626e-05,3.306319870449144e-05,0.6235860224787937
why we,61,93,6.254851354995626e-05,3.306319870449144e-05,0.6235860224787937
the benefits,61,93,6.254851354995626e-05,3.306319870449144e-05,0.6235860224787937
o tem,105,161,0.000107665,5.723844076799056e-05,0.623728487
p s,173,266,0.000177392,9.456785866015831e-05,0.6241450587066479
button below,120,184,0.000123046,6.541536087770349e-05,0.6247261613773422
is required,223,343,0.000228661,0.000121943,0.6248852088910277
is why,76,116,7.792929557043731e-05,4.124011881420438e-05,0.6251820067122544
ar a,100,153,0.000102539,5.4394294642873015e-05,0.6254673725864848
a um,170,261,0.000174316,9.279026733195984e-05,0.6255262856699044
to request,170,261,0.000174316,9.279026733195984e-05,0.6255262856699044
6 5,54,82,5.537081527373178e-05,2.9152497782454817e-05,0.6256837999590037
must do,54,82,5.537081527373178e-05,2.9152497782454817e-05,0.6256837999590037
letter of,78,119,7.998006650650145e-05,4.2306673611123455e-05,0.6258962837737594
what you,452,695,0.000463474,0.000247085,0.6271338671782825
por sua,82,125,8.408160837862974e-05,4.443978320496161e-05,0.6272228910786432
to change,206,316,0.000211229,0.000112344,0.6272423652743981
a g,75,114,7.690391010240524e-05,4.052908228292499e-05,0.6290821857778822
sich abzumelden,77,117,7.895468103846938e-05,4.159563707984407e-05,0.6297081550760052
has made,64,97,6.562466995405247e-05,3.448527176705021e-05,0.6299571980948783
get the,551,845,0.000564987,0.000300413,0.630090604
this date,51,77,5.2294658869635565e-05,2.7374906454256354e-05,0.6303309382958739
the report,264,404,0.000270702,0.000143629,0.6305305416852706
you if,180,275,0.000184569,9.776752305091554e-05,0.6306600145171335
to send,765,1173,0.00078442,0.000417023,0.6306821807001527
sie mit,96,146,9.843700493107872e-05,5.1905666783395166e-05,0.6310138717047462
are sending,68,103,6.972621182618076e-05,3.661838136088837e-05,0.6313234544597379
where you,323,494,0.0003312,0.000175626,0.6317010764473951
r den,55,83,5.639620074176385e-05,2.950801604809451e-05,0.6319886416361318
be delivered,55,83,5.639620074176385e-05,2.950801604809451e-05,0.6319886416361318
you because,72,109,7.382775369830904e-05,3.875149095472653e-05,0.6325415062180954
to log,72,109,7.382775369830904e-05,3.875149095472653e-05,0.6325415062180954
de ser,95,144,9.741161946304665e-05,5.119463025211578e-05,0.6341792601970675
you dont,233,355,0.000238915,0.000126209,0.6344526391656706
on our,313,477,0.000320946,0.000169582,0.6351653806262948
h a,154,234,0.000157909,8.319127415968814e-05,0.6352427062791388
freundlichen gr,84,127,8.613237931469388e-05,4.5150819736241e-05,0.6355138402873841
t r,103,156,0.000105615,5.546084943979209e-05,0.6356739632983086
less than,329,501,0.000337352,0.000178115,0.6360601290420916
claro que,50,75,5.12692734016035e-05,2.666386992297697e-05,0.6362814648621858
letter and,71,107,7.280236823027697e-05,3.804045442344714e-05,0.63679242
secure your,71,107,7.280236823027697e-05,3.804045442344714e-05,0.63679242
s do,52,78,5.3320044337667636e-05,2.7730424719896047e-05,0.636936643
matter how,52,78,5.3320044337667636e-05,2.7730424719896047e-05,0.636936643
000 programs,73,110,7.485313916634111e-05,3.910700922036622e-05,0.6372479788790539
no other,56,84,5.742158620979592e-05,2.9863534313734203e-05,0.6381100807010959
noch heute,121,183,0.000124072,6.50598426120638e-05,0.6383256687193086
troque seus,79,119,8.100545197453353e-05,4.2306673611123455e-05,0.6384789844477483
pr ximos,60,90,6.15231280819242e-05,3.199664390757236e-05,0.639130681
recht herzlich,60,90,6.15231280819242e-05,3.199664390757236e-05,0.639130681
fazer uma,66,99,6.767544089011662e-05,3.51963082983296e-05,0.640434519
the purchase,80,120,8.20308374425656e-05,4.266219187676315e-05,0.6427295210696435
time we,80,120,8.20308374425656e-05,4.266219187676315e-05,0.6427295210696435
fun o,51,76,5.2294658869635565e-05,2.701938818861666e-05,0.642939411
r s,82,123,8.408160837862974e-05,4.3728746673682226e-05,0.6429944972252327
por dia,53,79,5.434542980569971e-05,2.808594298553574e-05,0.6433390881923187
1 000,337,509,0.000345555,0.000180959,0.6442609830119682
cart es,59,88,6.0497742613892126e-05,3.1285607376292974e-05,0.64437893
falta de,63,94,6.45992844860204e-05,3.341871697013113e-05,0.6449642742846093
to replace,178,268,0.000182519,9.527889519143769e-05,0.6450669593856166
is easy,65,97,6.665005542208455e-05,3.448527176705021e-05,0.6452304432702994
for every,143,215,0.00014663,7.643642711253398e-05,0.6452526650413692
r o,108,162,0.000110742,5.759395903363025e-05,0.6455577331533834
now we,69,103,7.075159729421283e-05,3.661838136088837e-05,0.6457173194113064
time is,71,106,7.280236823027697e-05,3.768493615780745e-05,0.645940543
wir gratulieren,71,106,7.280236823027697e-05,3.768493615780745e-05,0.645940543
to buy,298,449,0.000305565,0.000159628,0.6463401061323707
to him,210,316,0.000215331,0.000112344,0.6463839730339834
you prefer,81,121,8.305622291059767e-05,4.301771014240284e-05,0.6468938391406045
mit freundlichen,87,130,8.920853571879009e-05,4.6217374533160075e-05,0.6473621242462925
the company,1477,2228,0.001514494,0.000792095,0.6475543301069304
company s,588,885,0.000602927,0.000314634,0.6488705053711835
come ar,119,178,0.000122021,6.328225128386533e-05,0.6490704580916894
sie bitte,121,181,0.000124072,6.434880608078441e-05,0.6491475358890757
easy it,50,74,5.12692734016035e-05,2.6308351657337276e-05,0.6492161148390575
of charge,50,74,5.12692734016035e-05,2.6308351657337276e-05,0.6492161148390575
pot if,54,80,5.537081527373178e-05,2.8441461251175432e-05,0.6495476373705645
e w,58,86,5.9472357145860055e-05,3.057457084501359e-05,0.6498342774057994
every week,58,86,5.9472357145860055e-05,3.057457084501359e-05,0.6498342774057994
money order,151,226,0.000154833,8.03471280345706e-05,0.6500607116227115
is too,62,92,6.357389901798833e-05,3.2707680438851745e-05,0.650084572
about our,62,92,6.357389901798833e-05,3.2707680438851745e-05,0.650084572
a l,254,381,0.000260448,0.000135452,0.650258793
give it,66,98,6.767544089011662e-05,3.48407900326899e-05,0.6503050207248631
the microsoft,308,462,0.000315819,0.000164249,0.6508736800059147
them on,88,131,9.023392118682215e-05,4.657289279879977e-05,0.6511636507588582
na sua,90,134,9.228469212288629e-05,4.7639447595718846e-05,0.6512211422285145
the stock,225,337,0.000230712,0.00011981,0.651277845
email and,277,415,0.000284032,0.00014754,0.6517458416007712
que eu,136,203,0.000139452,7.217020792485767e-05,0.6520804671771133
time to,437,654,0.000448093,0.000232509,0.6540106063702331
dies ist,81,120,8.305622291059767e-05,4.266219187676315e-05,0.6550033421352496
you choose,77,114,7.895468103846938e-05,4.052908228292499e-05,0.6550660274320746
your funds,69,102,7.075159729421283e-05,3.626286309524868e-05,0.6552129131219001
a f,69,102,7.075159729421283e-05,3.626286309524868e-05,0.6552129131219001
i must,61,90,6.254851354995626e-05,3.199664390757236e-05,0.655397751
veis para,61,90,6.254851354995626e-05,3.199664390757236e-05,0.655397751
popula o,59,87,6.0497742613892126e-05,3.093008911065328e-05,0.6554516711380272
email learn,51,75,5.2294658869635565e-05,2.666386992297697e-05,0.6557088904281839
para fazer,51,75,5.2294658869635565e-05,2.666386992297697e-05,0.6557088904281839
we also,191,284,0.000195849,0.000100967,0.6577839594914352
goal is,80,118,8.20308374425656e-05,4.195115534548376e-05,0.6591485264000835
pre o,80,118,8.20308374425656e-05,4.195115534548376e-05,0.6591485264000835
l e,141,209,0.000144579,7.430331751869582e-05,0.6591971144103083
i c,127,188,0.000130224,6.683743394026226e-05,0.6597912738228562
our web,162,240,0.000166112,8.53243837535263e-05,0.6605548095321394
will give,160,237,0.000164062,8.425782895660722e-05,0.6606392440270222
the information,467,694,0.000478855,0.00024673,0.6611458662485704
servi os,58,85,5.9472357145860055e-05,3.0219052579373896e-05,0.6611577859090791
rights to,58,85,5.9472357145860055e-05,3.0219052579373896e-05,0.6611577859090791
program is,148,219,0.000151757,7.785850017509275e-05,0.661193637
and happy,54,79,5.537081527373178e-05,2.808594298553574e-05,0.6616965663393355
how to,1226,1823,0.001257123,0.00064811,0.6617739928467216
10 000,298,442,0.000305565,0.000157139,0.6619545215583325
auserw hlten,52,76,5.3320044337667636e-05,2.701938818861666e-05,0.6619965936208791
tigen um,52,76,5.3320044337667636e-05,2.701938818861666e-05,0.6619965936208791
i f,52,76,5.3320044337667636e-05,2.701938818861666e-05,0.6619965936208791
addresses in,50,73,5.12692734016035e-05,2.5952833391697583e-05,0.6623202648030913
f o,83,122,8.510699384666181e-05,4.3373228408042534e-05,0.6629543136808399
win a,118,174,0.000120995,6.186017822130656e-05,0.663071171
b e,59,86,6.0497742613892126e-05,3.057457084501359e-05,0.6666483921363074
send to,111,163,0.000113818,5.794947729926994e-05,0.6666656503907746
ip address,161,237,0.000165087,8.425782895660722e-05,0.6668321636191548
the next,657,971,0.000673678,0.000345208,0.667195482
service on,78,114,7.998006650650145e-05,4.052908228292499e-05,0.6678090721660994
afford to,53,77,5.434542980569971e-05,2.7374906454256354e-05,0.6680889077130862
00 and,72,105,7.382775369830904e-05,3.732941789216776e-05,0.6689711623751778
address under,68,99,6.972621182618076e-05,3.51963082983296e-05,0.6698591184584051
as long,165,242,0.000169189,8.603542028480568e-05,0.6705920814377733
me and,144,211,0.000147656,7.501435404997521e-05,0.6707094066486148
l l,233,342,0.000238915,0.000121587,0.6714609232324249
just one,79,115,8.100545197453353e-05,4.0884600548564684e-05,0.6718675018493667
doing this,60,87,6.15231280819242e-05,3.093008911065328e-05,0.6719877400661689
the button,151,221,0.000154833,7.856953670637213e-05,0.6721549259422016
for details,96,140,9.843700493107872e-05,4.977255718955701e-05,0.6721683315783111
information i,75,109,7.690391010240524e-05,3.875149095472653e-05,0.6728287967942334
to return,173,253,0.000177392,8.99461212068423e-05,0.6737143592288785
as my,54,78,5.537081527373178e-05,2.7730424719896047e-05,0.6739949088581313
with any,148,216,0.000151757,7.679194537817367e-05,0.6748108500645298
do seu,242,354,0.000248143,0.000125853,0.6749955561898923
body of,97,141,9.946239039911079e-05,5.01280754551967e-05,0.6754496644184947
partners and,50,72,5.12692734016035e-05,2.559731512605789e-05,0.6755984161769556
cash flow,50,72,5.12692734016035e-05,2.559731512605789e-05,0.6755984161769556
upon the,65,94,6.665005542208455e-05,3.341871697013113e-05,0.6757476594831798
have received,258,377,0.000264549,0.00013403,0.6763012428507936
an investment,63,91,6.45992844860204e-05,3.235216217321205e-05,0.676442186
sua conta,229,334,0.000234813,0.000118743,0.6776916516345524
all over,102,148,0.000104589,5.261670331467455e-05,0.6776965598476694
will show,87,126,8.920853571879009e-05,4.4795301470601304e-05,0.6779425557405644
can i,212,309,0.000217382,0.000109855,0.678020196
and over,100,145,0.000102539,5.155014851775547e-05,0.6781760527137818
to start,335,489,0.000343504,0.000173848,0.678186589
a uma,167,243,0.000171239,8.639093855044537e-05,0.6784936143428618
w e,57,82,5.8446971677827984e-05,2.9152497782454817e-05,0.678816918
update your,124,180,0.000127148,6.399328781514472e-05,0.6789002697733946
sie sind,68,98,6.972621182618076e-05,3.48407900326899e-05,0.6797296201940171
take this,94,136,9.638623399501458e-05,4.835048412699823e-05,0.6797372900040899
after that,77,111,7.895468103846938e-05,3.9462527486005913e-05,0.6810836885924328
from me,64,92,6.562466995405247e-05,3.2707680438851745e-05,0.6813492110993848
you ve,230,334,0.000235839,0.000118743,0.6820305192534656
t a,134,194,0.000137402,6.897054353410042e-05,0.6820856378743295
gr en,86,124,8.818315025075802e-05,4.408426493932192e-05,0.6821588302748324
de 6,97,140,9.946239039911079e-05,4.977255718955701e-05,0.6824274367621223
at your,150,217,0.000153808,7.714746364381336e-05,0.6835868766313461
um sich,93,134,9.53608485269825e-05,4.7639447595718846e-05,0.6836651029113721
are looking,148,214,0.000151757,7.608090884689429e-05,0.6839931116130373
years of,181,262,0.000185595,9.314578559759954e-05,0.6840947671566434
sent from,58,83,5.9472357145860055e-05,2.950801604809451e-05,0.6841968836122213
we believe,111,160,0.000113818,5.6882922502350864e-05,0.6849240175588935
the usa,78,112,7.998006650650145e-05,3.9818045751645606e-05,0.6850787504146676
information you,78,112,7.998006650650145e-05,3.9818045751645606e-05,0.6850787504146676
se torna,56,80,5.742158620979592e-05,2.8441461251175432e-05,0.685281521
see what,107,154,0.000109716,5.474981290851271e-05,0.6860965231995944
is limited,65,93,6.665005542208455e-05,3.306319870449144e-05,0.6861305892253083
and we,737,1067,0.000755709,0.000379338,0.6879185829490899
as such,101,145,0.000103564,5.155014851775547e-05,0.6880307528687069
thanks the,199,287,0.000204052,0.000102034,0.6882056530222361
activity in,159,229,0.000163036,8.141368283148968e-05,0.6883362033693623
you a,324,468,0.000332225,0.000166383,0.6885357110683762
a and,75,107,7.690391010240524e-05,3.804045442344714e-05,0.6908777440641595
os de,84,120,8.613237931469388e-05,4.266219187676315e-05,0.6909460103332395
up to,1037,1497,0.001063325,0.000532211,0.6911788959855044
ihre chance,132,189,0.000135351,6.719295220590195e-05,0.6928903568857195
contact us,157,225,0.000160986,7.99916097689309e-05,0.6931613729365758
and best,78,111,7.998006650650145e-05,3.9462527486005913e-05,0.6938267333264576
wert von,192,275,0.000196874,9.776752305091554e-05,0.694861678
im wert,192,275,0.000196874,9.776752305091554e-05,0.694861678
this you,51,72,5.2294658869635565e-05,2.559731512605789e-05,0.6950258417429538
how easy,51,72,5.2294658869635565e-05,2.559731512605789e-05,0.6950258417429538
people on,67,95,6.870082635814869e-05,3.377423523577082e-05,0.6953354278383326
by sending,124,177,0.000127148,6.292673301822564e-05,0.6954466389652161
2 if,58,82,5.9472357145860055e-05,2.9152497782454817e-05,0.6959185890121977
result in,97,138,9.946239039911079e-05,4.9061520658277624e-05,0.69653077
message in,63,89,6.45992844860204e-05,3.164112564193267e-05,0.6979917725851832
r u,54,76,5.537081527373178e-05,2.701938818861666e-05,0.6990548590297164
o problema,54,76,5.537081527373178e-05,2.701938818861666e-05,0.6990548590297164
and address,257,367,0.000263524,0.000130475,0.6991139640018019
in it,144,205,0.000147656,7.288124445613705e-05,0.6991725987009826
mail address,163,232,0.000167138,8.248023762840875e-05,0.7001741386438515
and are,295,421,0.000302489,0.000149673,0.7002312349931654
ano e,82,116,8.408160837862974e-05,4.124011881420438e-05,0.7002404422322597
would need,52,73,5.3320044337667636e-05,2.5952833391697583e-05,0.7008048725244813
get an,52,73,5.3320044337667636e-05,2.5952833391697583e-05,0.7008048725244813
will change,59,83,6.0497742613892126e-05,2.950801604809451e-05,0.7010109983427295
00 cash,59,83,6.0497742613892126e-05,2.950801604809451e-05,0.7010109983427295
pontos expiram,50,70,5.12692734016035e-05,2.4886278594778505e-05,0.7026956474247266
a low,50,70,5.12692734016035e-05,2.4886278594778505e-05,0.7026956474247266
become a,165,234,0.000169189,8.319127415968814e-05,0.7038159633776137
o valor,109,154,0.000111767,5.474981290851271e-05,0.7044498306598397
if youre,203,288,0.000208153,0.000102389,0.7045661438198155
just a,290,412,0.000297362,0.000146474,0.7046581250672705
juros de,81,114,8.305622291059767e-05,4.052908228292499e-05,0.7050919356043156
company and,187,265,0.000191747,9.421234039451861e-05,0.7052693168668001
your time,199,282,0.000204052,0.000100256,0.7056087282801903
as some,171,242,0.000175341,8.603542028480568e-05,0.7061039731648614
a pagar,84,118,8.613237931469388e-05,4.195115534548376e-05,0.7073650156636797
these emails,397,563,0.000407078,0.000200157,0.7073737864093377
wir sie,58,81,5.9472357145860055e-05,2.8796979516815125e-05,0.707779324
de cr,108,152,0.000110742,5.403877637723332e-05,0.7081513743994197
sure you,175,247,0.000179442,8.781301161300415e-05,0.7088787622015587
display block,94,132,9.638623399501458e-05,4.692841106443946e-05,0.708976404
report the,364,515,0.00037324,0.000183092,0.7094630057467051
r sie,130,183,0.0001333,6.50598426120638e-05,0.7095158914163359
3 days,56,78,5.742158620979592e-05,2.7730424719896047e-05,0.7097287923872536
to continue,147,207,0.000150732,7.359228098741644e-05,0.7100765611750436
see this,61,85,6.254851354995626e-05,3.0219052579373896e-05,0.7107750390832619
ser o,145,204,0.000148681,7.252572619049736e-05,0.7108702859300566
send your,229,323,0.000234813,0.000114832,0.7108959552294633
n t,167,235,0.000171239,8.354679242532783e-05,0.7115800761075762
work if,54,75,5.537081527373178e-05,2.666386992297697e-05,0.7118243379924131
user to,160,225,0.000164062,7.99916097689309e-05,0.7119736250344477
it really,112,157,0.000114843,5.5816367705431786e-05,0.7124128664373542
chance to,250,352,0.000256346,0.000125142,0.713011248
of social,338,476,0.00034658,0.000169227,0.7138646380175944
link to,404,569,0.000414256,0.00020229,0.71426154
your chance,120,168,0.000123046,5.9727068627468406e-05,0.7142649898170262
d i,91,127,9.331007759091836e-05,4.5150819736241e-05,0.7146733280543225
people will,91,127,9.331007759091836e-05,4.5150819736241e-05,0.7146733280543225
bradesco prime,113,158,0.000115869,5.617188597107148e-05,0.7149875928558015
textdecoration none,196,275,0.000200976,9.776752305091554e-05,0.7153778224020186
in u,62,86,6.357389901798833e-05,3.057457084501359e-05,0.715458213
your trust,62,86,6.357389901798833e-05,3.057457084501359e-05,0.715458213
of addresses,67,93,6.870082635814869e-05,3.306319870449144e-05,0.7159945889852024
read it,94,131,9.638623399501458e-05,4.657289279879977e-05,0.716421746
to enable,121,169,0.000124072,6.00825868931081e-05,0.7166598741863094
6 ao,77,107,7.895468103846938e-05,3.804045442344714e-05,0.7168615857183519
many times,77,107,7.895468103846938e-05,3.804045442344714e-05,0.7168615857183519
diese chance,60,83,6.15231280819242e-05,2.950801604809451e-05,0.717547067
our business,65,90,6.665005542208455e-05,3.199664390757236e-05,0.7179423173396576
com and,102,142,0.000104589,5.0483593720836395e-05,0.7182940199948058
our website,176,246,0.000180468,8.745749334736445e-05,0.7185563255298798
ao ano,80,111,8.20308374425656e-05,3.9462527486005913e-05,0.7188357756990676
no seu,90,125,9.228469212288629e-05,4.443978320496161e-05,0.7192680194420786
contain a,132,184,0.000135351,6.541536087770349e-05,0.7193032080583771
following url,137,191,0.000140478,6.790398873718134e-05,0.7194288107503378
realizar o,53,73,5.434542980569971e-05,2.5952833391697583e-05,0.7195056597863015
expiram em,53,73,5.434542980569971e-05,2.5952833391697583e-05,0.7195056597863015
receive an,58,80,5.9472357145860055e-05,2.8441461251175432e-05,0.7197824264237584
security and,58,80,5.9472357145860055e-05,2.8441461251175432e-05,0.7197824264237584
hlt und,63,87,6.45992844860204e-05,3.093008911065328e-05,0.720015991
is 1,63,87,6.45992844860204e-05,3.093008911065328e-05,0.720015991
fontsize 14px,63,87,6.45992844860204e-05,3.093008911065328e-05,0.720015991
geh ren,68,94,6.972621182618076e-05,3.341871697013113e-05,0.7202157369999661
com juros,78,108,7.998006650650145e-05,3.8395972689086835e-05,0.720539437
e car,78,108,7.998006650650145e-05,3.8395972689086835e-05,0.720539437
every time,145,202,0.000148681,7.181468965921797e-05,0.7205879312239116
von 500,98,136,0.000100488,4.835048412699823e-05,0.7209907805202559
email was,103,143,0.000105615,5.083911198647609e-05,0.7210765089876032
a n,272,380,0.000278905,0.000135097,0.7210822814929092
c e,128,178,0.000131249,6.328225128386533e-05,0.7214055161424703
can give,51,70,5.2294658869635565e-05,2.4886278594778505e-05,0.7221230729907245
windows 2000,51,70,5.2294658869635565e-05,2.4886278594778505e-05,0.7221230729907245
to at,51,70,5.2294658869635565e-05,2.4886278594778505e-05,0.7221230729907245
total amount,56,77,5.742158620979592e-05,2.7374906454256354e-05,0.7221802693892254
wie viel,61,84,6.254851354995626e-05,2.9863534313734203e-05,0.7222282393993502
coming in,86,119,8.818315025075802e-05,4.2306673611123455e-05,0.7223853751076649
welcome to,438,611,0.000449119,0.000217222,0.7240002890737098
t e,177,246,0.000181493,8.745749334736445e-05,0.7241909291445847
to become,162,225,0.000166112,7.99916097689309e-05,0.7243213478958899
chance auf,122,169,0.000125097,6.00825868931081e-05,0.7248248349657098
do that,122,169,0.000125097,6.00825868931081e-05,0.7248248349657098
new device,203,282,0.000208153,0.000100256,0.7254137830307692
seus pontos,322,448,0.000330174,0.000159272,0.7257707677754335
um dos,163,226,0.000167138,8.03471280345706e-05,0.7260585381539312
you go,72,99,7.382775369830904e-05,3.51963082983296e-05,0.7262317219878125
start with,62,85,6.357389901798833e-05,3.0219052579373896e-05,0.7267817211391395
get in,123,170,0.000126122,6.043810515874779e-05,0.7271202528650941
apologize for,90,124,9.228469212288629e-05,4.408426493932192e-05,0.7271227298925699
call you,57,78,5.8446971677827984e-05,2.7730424719896047e-05,0.7271280268307276
you soon,57,78,5.8446971677827984e-05,2.7730424719896047e-05,0.7271280268307276
die teilnahme,80,110,8.20308374425656e-05,3.910700922036622e-05,0.7276609616837326
e d,159,220,0.000163036,7.821401844073244e-05,0.727934397
the government,154,213,0.000157909,7.572539058125459e-05,0.7281012986918656
give you,343,476,0.000351707,0.000169227,0.7285072495627729
pontos acumulados,65,89,6.665005542208455e-05,3.164112564193267e-05,0.7287751577837537
pre os,88,121,9.023392118682215e-05,4.301771014240284e-05,0.728834715
a v,88,121,9.023392118682215e-05,4.301771014240284e-05,0.728834715
a t,359,498,0.000368113,0.000177048,0.7290501502469238
ncias exclusivas,83,114,8.510699384666181e-05,4.052908228292499e-05,0.7291966777721456
free trial,55,75,5.639620074176385e-05,2.666386992297697e-05,0.7298508850695175
mehr und,55,75,5.639620074176385e-05,2.666386992297697e-05,0.7298508850695175
to phishing,155,214,0.000158935,7.608090884689429e-05,0.72991027
em conta,50,68,5.12692734016035e-05,2.4175242063499116e-05,0.7305476379679811
are willing,63,86,6.45992844860204e-05,3.057457084501359e-05,0.7312127121279262
the cash,125,172,0.000128173,6.114914169002718e-05,0.7316170042227192
2 to,76,104,7.792929557043731e-05,3.6973899626528064e-05,0.7316533871405245
this plan,76,104,7.792929557043731e-05,3.6973899626528064e-05,0.7316533871405245
you send,187,258,0.000191747,9.172371253504077e-05,0.7317546377433229
na fatura,71,97,7.280236823027697e-05,3.448527176705021e-05,0.7322730903391789
love to,84,115,8.613237931469388e-05,4.0884600548564684e-05,0.7325103328115838
decided that,53,72,5.434542980569971e-05,2.559731512605789e-05,0.7327838111601661
4 co,66,90,6.767544089011662e-05,3.199664390757236e-05,0.7329857953872898
b numero,66,90,6.767544089011662e-05,3.199664390757236e-05,0.7329857953872898
cliente b,66,90,6.767544089011662e-05,3.199664390757236e-05,0.7329857953872898
and free,74,101,7.587852463437317e-05,3.5907344829608986e-05,0.7338159958659151
your registration,139,191,0.000142529,6.790398873718134e-05,0.7338201114954428
de at,207,285,0.000212255,0.000101323,0.7343560563438374
name in,82,112,8.408160837862974e-05,3.9818045751645606e-05,0.7344866130028752
nnen sich,69,94,7.075159729421283e-05,3.341871697013113e-05,0.7346096019515346
den gutschein,69,94,7.075159729421283e-05,3.341871697013113e-05,0.7346096019515346
by mail,90,123,9.228469212288629e-05,4.3728746673682226e-05,0.7350396255886681
h e,179,246,0.000183544,8.745749334736445e-05,0.7353657753372576
receive these,404,557,0.000414256,0.000198024,0.7354707628324935
addresses for,64,87,6.562466995405247e-05,3.093008911065328e-05,0.7355261311527954
et le,135,185,0.000138427,6.577087914334318e-05,0.7362743961437365
which means,59,80,6.0497742613892126e-05,2.8441461251175432e-05,0.7365965411542665
5 bills,59,80,6.0497742613892126e-05,2.8441461251175432e-05,0.7365965411542665
ag ncias,88,120,9.023392118682215e-05,4.266219187676315e-05,0.7369442175873111
just logged,196,269,0.000200976,9.563441345707739e-05,0.7372117343127098
logged into,199,273,0.000204052,9.705648651963616e-05,0.7377184764765199
as que,54,73,5.537081527373178e-05,2.5952833391697583e-05,0.7378631379333185
find out,376,517,0.000385545,0.000183803,0.7379580389025224
an online,62,84,6.357389901798833e-05,2.9863534313734203e-05,0.738234921
para come,86,117,8.818315025075802e-05,4.159563707984407e-05,0.7389402911439356
benefits of,57,77,5.8446971677827984e-05,2.7374906454256354e-05,0.7395795038326994
pe a,57,77,5.8446971677827984e-05,2.7374906454256354e-05,0.7395795038326994
para se,81,110,8.305622291059767e-05,3.910700922036622e-05,0.7399347827493388
a foreign,100,136,0.000102539,4.835048412699823e-05,0.7409964003484819
an exclusive,92,125,9.433546305895043e-05,4.443978320496161e-05,0.7410138582974697
to pick,183,250,0.000187646,8.887956640992322e-05,0.7413991847054731
stop receiving,95,129,9.741161946304665e-05,4.586185626752038e-05,0.7419548357158778
tag phishing,79,107,8.100545197453353e-05,3.804045442344714e-05,0.7421873311263658
it again,71,96,7.280236823027697e-05,3.4129753501410516e-05,0.742342371
bottom line,50,67,5.12692734016035e-05,2.3819723797859423e-05,0.7447700402538959
sich jederzeit,69,93,7.075159729421283e-05,3.306319870449144e-05,0.7449925316936632
for your,1725,2360,0.00176879,0.000839023,0.7451867365546267
meses para,80,108,8.20308374425656e-05,3.8395972689086835e-05,0.745548479
numero 4,529,722,0.000542429,0.000256684,0.7461641456026153
unsubscribe or,86,116,8.818315025075802e-05,4.124011881420438e-05,0.7473216709779578
you from,138,187,0.000141503,6.648191567462257e-05,0.7475047715707307
all we,56,75,5.742158620979592e-05,2.666386992297697e-05,0.7475582215215354
a legitimate,67,90,6.870082635814869e-05,3.199664390757236e-05,0.7478063170995518
information in,174,236,0.000178417,8.390231069096753e-05,0.748211794
verify that,144,195,0.000147656,6.932606179974011e-05,0.748489145
media only,59,79,6.0497742613892126e-05,2.808594298553574e-05,0.7487454701230376
a com,59,79,6.0497742613892126e-05,2.808594298553574e-05,0.7487454701230376
12 meses,81,109,8.305622291059767e-05,3.875149095472653e-05,0.7488385466206666
you all,128,173,0.000131249,6.150465995566687e-05,0.7494479662292698
addresses and,84,113,8.613237931469388e-05,4.01735640172853e-05,0.7496321631665009
cr dito,175,237,0.000179442,8.425782895660722e-05,0.7497319814239493
border 0,120,162,0.000123046,5.759395903363025e-05,0.7500229265190215
that will,534,726,0.000547556,0.000258106,0.750050828
machen sie,87,117,8.920853571879009e-05,4.159563707984407e-05,0.7503722215557098
m s,170,230,0.000174316,8.176920109712937e-05,0.7505313517432585
down to,198,268,0.000203026,9.527889519143769e-05,0.7509998803228823
000 to,54,72,5.537081527373178e-05,2.559731512605789e-05,0.7511412893071828
the request,68,91,6.972621182618076e-05,3.235216217321205e-05,0.7516936483405668
n g,146,197,0.000149706,7.003709833101951e-05,0.752130514
to grow,57,76,5.8446971677827984e-05,2.701938818861666e-05,0.7521879770023127
will see,99,133,0.000101513,4.7283929330079154e-05,0.752892414
nettogutschein 250,60,80,6.15231280819242e-05,2.8441461251175432e-05,0.7531326100824083
have in,88,118,9.023392118682215e-05,4.195115534548376e-05,0.7533632229177513
the best,875,1186,0.000897212,0.000421645,0.7538746514485513
program i,119,160,0.000122021,5.6882922502350864e-05,0.753931629
business with,77,103,7.895468103846938e-05,3.661838136088837e-05,0.7539671902194759
pontos por,77,103,7.895468103846938e-05,3.661838136088837e-05,0.7539671902194759
a brand,63,84,6.45992844860204e-05,2.9863534313734203e-05,0.7539894209472944
we detected,150,202,0.000153808,7.181468965921797e-05,0.7542667621177606
w a,80,107,8.20308374425656e-05,3.804045442344714e-05,0.7546136728249866
now and,212,286,0.000217382,0.000101678,0.754644478
hlten f,52,69,5.3320044337667636e-05,2.4530760329138812e-05,0.7550092868796073
e b,52,69,5.3320044337667636e-05,2.4530760329138812e-05,0.7550092868796073
the contents,97,130,9.946239039911079e-05,4.6217374533160075e-05,0.7550215032012871
ou seja,97,130,9.946239039911079e-05,4.6217374533160075e-05,0.7550215032012871
nothing to,131,176,0.000134325,6.257121475258595e-05,0.7555221905708842
a professional,55,73,5.639620074176385e-05,2.5952833391697583e-05,0.7558896850104228
report they,58,77,5.9472357145860055e-05,2.7374906454256354e-05,0.7566811749132969
did you,126,169,0.000129199,6.00825868931081e-05,0.7568339067229035
performance and,61,81,6.254851354995626e-05,2.8796979516815125e-05,0.7573965772392137
and my,155,208,0.000158935,7.394779925305613e-05,0.7579740429558232
the free,101,135,0.000103564,4.799496586135854e-05,0.7580811210961944
de m,67,89,6.870082635814869e-05,3.164112564193267e-05,0.7586391575436477
plain text,67,89,6.870082635814869e-05,3.164112564193267e-05,0.7586391575436477
how you,207,278,0.000212255,9.883407784783463e-05,0.75897807
change where,150,201,0.000153808,7.145917139357828e-05,0.7591612279602721
will send,110,147,0.000112792,5.226118504903486e-05,0.7591679182661817
o v,70,93,7.17769827622449e-05,3.306319870449144e-05,0.7591821497232929
account team,156,209,0.00015996,7.430331751869582e-05,0.7596325220955137
e s,320,430,0.000328123,0.000152873,0.7603059643280552
order form,171,229,0.000175341,8.141368283148968e-05,0.7606676617648047
name address,263,353,0.000269676,0.000125498,0.7606978456214218
here thanks,151,202,0.000154833,7.181468965921797e-05,0.7608685249677913
we might,59,78,6.0497742613892126e-05,2.7730424719896047e-05,0.7610438126418331
t h,258,346,0.000264549,0.000123009,0.7614443551702281
y o,209,280,0.000214306,9.954511437911402e-05,0.7614517154908863
que cada,62,82,6.357389901798833e-05,2.9152497782454817e-05,0.7615425242422582
e m,114,152,0.000116894,5.403877637723332e-05,0.7617474733349029
people do,65,86,6.665005542208455e-05,3.057457084501359e-05,0.7619960973264966
about your,230,308,0.000235839,0.0001095,0.7623670052052438
komplett kostenlos,71,94,7.280236823027697e-05,3.341871697013113e-05,0.7627903065520593
fatura do,74,98,7.587852463437317e-05,3.48407900326899e-05,0.7631399427914684
dont miss,74,98,7.587852463437317e-05,3.48407900326899e-05,0.7631399427914684
an offer,77,102,7.895468103846938e-05,3.626286309524868e-05,0.7634627839300694
very very,51,67,5.2294658869635565e-05,2.3819723797859423e-05,0.764197466
activity we,153,204,0.000156884,7.252572619049736e-05,0.7642250768433704
of 5,89,118,9.125930665485422e-05,4.195115534548376e-05,0.7645396151326371
you 20,54,71,5.537081527373178e-05,2.5241796860418197e-05,0.7645981252462777
software to,54,71,5.537081527373178e-05,2.5241796860418197e-05,0.7645981252462777
agreement with,98,130,0.000100488,4.6217374533160075e-05,0.765176427
e sem,60,79,6.15231280819242e-05,2.808594298553574e-05,0.7652815390511791
the email,467,625,0.000478855,0.000222199,0.7654206292379676
please unsubscribe,104,138,0.00010664,4.9061520658277624e-05,0.765540487
much money,63,83,6.45992844860204e-05,2.950801604809451e-05,0.7655753183343482
price is,66,87,6.767544089011662e-05,3.093008911065328e-05,0.7658428543758489
service and,66,87,6.767544089011662e-05,3.093008911065328e-05,0.7658428543758489
g e,66,87,6.767544089011662e-05,3.093008911065328e-05,0.7658428543758489
delete this,66,87,6.767544089011662e-05,3.093008911065328e-05,0.7658428543758489
obtained from,72,95,7.382775369830904e-05,3.377423523577082e-05,0.7663121091246322
i n,322,430,0.000330174,0.000152873,0.7665176420091842
buy a,78,103,7.998006650650145e-05,3.661838136088837e-05,0.7667102349535007
milhas a,78,103,7.998006650650145e-05,3.661838136088837e-05,0.7667102349535007
you so,78,103,7.998006650650145e-05,3.661838136088837e-05,0.7667102349535007
o u,279,372,0.000286083,0.000132253,0.7675217526012624
sie noch,158,210,0.000162011,7.465883578433551e-05,0.767582862
do it,328,437,0.000336326,0.000155361,0.7688805874138296
decided to,239,318,0.000245067,0.000113055,0.7689252631810991
user from,150,199,0.000153808,7.07481348622989e-05,0.7690226186472425
i t,165,219,0.000169189,7.785850017509275e-05,0.7692521375089967
much more,290,386,0.000297362,0.00013723,0.7693874661424306
black friday,61,80,6.254851354995626e-05,2.8441461251175432e-05,0.7693996795979413
only screen,64,84,6.562466995405247e-05,2.9863534313734203e-05,0.7694995609704438
our last,70,92,7.17769827622449e-05,3.2707680438851745e-05,0.7696740167727907
trust wallet,88,116,9.023392118682215e-05,4.124011881420438e-05,0.7700563185343297
a e,142,188,0.000145605,6.683743394026226e-05,0.7706259320704185
please report,154,204,0.000157909,7.252572619049736e-05,0.7706986286748247
to report,173,229,0.000177392,8.141368283148968e-05,0.7722301388399955
2:00 PM,167,221,0.000171239,7.856953670637213e-05,0.7722538988105118
waiting for,155,205,0.000158935,7.288124445613705e-05,0.7723069047264367
at home,128,169,0.000131249,6.00825868931081e-05,0.7724622474898761
our system,92,121,9.433546305895043e-05,4.301771014240284e-05,0.7728098055094226
excess of,74,97,7.587852463437317e-05,3.448527176705021e-05,0.7731088433845369
account from,222,294,0.000227636,0.000104522,0.7732063863445141
100 or,53,69,5.434542980569971e-05,2.4530760329138812e-05,0.7737100741414278
tausenden von,50,65,5.12692734016035e-05,2.3108687266580038e-05,0.7738364487229538
keep our,50,65,5.12692734016035e-05,2.3108687266580038e-05,0.7738364487229538
this wasnt,153,202,0.000156884,7.181468965921797e-05,0.7739427221372255
security notifications,150,198,0.000153808,7.03926165966592e-05,0.7739900230104773
this list,272,360,0.000278905,0.000127987,0.7747413802939617
uma s,105,138,0.000107665,4.9061520658277624e-05,0.775021456
foi o,93,122,9.53608485269825e-05,4.3373228408042534e-05,0.7754636597092943
the necessary,90,118,9.228469212288629e-05,4.195115534548376e-05,0.7755924749791167
m glichen,90,118,9.228469212288629e-05,4.195115534548376e-05,0.7755924749791167
services to,81,106,8.305622291059767e-05,3.768493615780745e-05,0.7760356176212527
addresses of,75,98,7.690391010240524e-05,3.48407900326899e-05,0.7763895142995626
s t,222,293,0.000227636,0.000104167,0.7765812016275149
post office,69,90,7.075159729421283e-05,3.199664390757236e-05,0.7768042598080123
to watch,69,90,7.075159729421283e-05,3.199664390757236e-05,0.7768042598080123
was you,152,200,0.000155859,7.110365312793859e-05,0.7772399955862491
d r,60,78,6.15231280819242e-05,2.7730424719896047e-05,0.7775798815699749
have all,100,131,0.000102539,4.657289279879977e-05,0.777680856
case you,57,74,5.8446971677827984e-05,2.6308351657337276e-05,0.7778921059418811
approved by,54,70,5.537081527373178e-05,2.4886278594778505e-05,0.7782385205549538
bulk emailing,54,70,5.537081527373178e-05,2.4886278594778505e-05,0.7782385205549538
without any,91,119,9.331007759091836e-05,4.2306673611123455e-05,0.7782813031769038
before they,51,66,5.2294658869635565e-05,2.346420553221973e-05,0.778625067
marketing program,51,66,5.2294658869635565e-05,2.346420553221973e-05,0.778625067
user if,150,197,0.000153808,7.003709833101951e-05,0.7789822257144522
receive security,150,197,0.000153808,7.003709833101951e-05,0.7789822257144522
also have,116,152,0.000118945,5.403877637723332e-05,0.7789929605252943
pot signin,144,189,0.000147656,6.719295220590195e-05,0.7792903787600006
a link,188,247,0.000192772,8.781301161300415e-05,0.7801514588921409
to confirm,359,473,0.000368113,0.00016816,0.7802580297694871
to view,98,128,0.000100488,4.550633800188069e-05,0.7803497520016429
account phishing,154,202,0.000157909,7.181468965921797e-05,0.7804162739686799
windows 10,151,198,0.000154833,7.03926165966592e-05,0.7805917858605078
is here,95,124,9.741161946304665e-05,4.408426493932192e-05,0.7806255881274421
the box,67,87,6.870082635814869e-05,3.093008911065328e-05,0.7806633760881108
um bom,67,87,6.870082635814869e-05,3.093008911065328e-05,0.7806633760881108
thursday july,170,223,0.000174316,7.928057323765152e-05,0.7810597121298439
way ste,89,116,9.125930665485422e-05,4.124011881420438e-05,0.7812327107492156
of email,114,149,0.000116894,5.2972221580314244e-05,0.781315936
sie sie,61,79,6.254851354995626e-05,2.808594298553574e-05,0.7815486085667123
microsoft account,474,624,0.000486033,0.000221843,0.7818620183797329
make an,58,75,5.9472357145860055e-05,2.666386992297697e-05,0.782059127
act as,58,75,5.9472357145860055e-05,2.666386992297697e-05,0.782059127
report by,58,75,5.9472357145860055e-05,2.666386992297697e-05,0.782059127
device if,152,199,0.000155859,7.07481348622989e-05,0.7821828467587646
0000 platform,146,191,0.000149706,6.790398873718134e-05,0.7826186978670598
to our,708,932,0.000725973,0.000331343,0.7827215769238931
numbers and,77,100,7.895468103846938e-05,3.5551826563969293e-05,0.7827288278028411
t l,52,67,5.3320044337667636e-05,2.3819723797859423e-05,0.783254648
the investment,71,92,7.280236823027697e-05,3.2707680438851745e-05,0.7836651033436852
condi o,103,134,0.000105615,4.7639447595718846e-05,0.7847865503968882
you may,1006,1322,0.001031538,0.000469995,0.7849271250515978
from russia,154,201,0.000157909,7.145917139357828e-05,0.7853107398111913
d a,113,147,0.000115869,5.226118504903486e-05,0.7858420360098529
don t,675,885,0.000692135,0.000314634,0.7866428074523099
until you,139,181,0.000142529,6.434880608078441e-05,0.7867950092353808
a bank,56,72,5.742158620979592e-05,2.559731512605789e-05,0.7868751728363051
keep it,56,72,5.742158620979592e-05,2.559731512605789e-05,0.7868751728363051
verpassen sie,136,177,0.000139452,6.292673301822564e-05,0.7871311787478592
change of,53,68,5.434542980569971e-05,2.4175242063499116e-05,0.7877330329511916
10 to,207,270,0.000212255,9.598993172271708e-05,0.7878804804037057
russia moscow,301,393,0.000308641,0.000139719,0.7886509368014992
wasnt you,153,199,0.000156884,7.07481348622989e-05,0.7886985786667072
longer wish,356,465,0.000365037,0.000165316,0.788845486
browser firefox,150,195,0.000153808,6.932606179974011e-05,0.7890420252689332
255 date,150,195,0.000153808,6.932606179974011e-05,0.7890420252689332
225 77,150,195,0.000153808,6.932606179974011e-05,0.7890420252689332
trust similar,150,195,0.000153808,6.932606179974011e-05,0.7890420252689332
77 255,150,195,0.000153808,6.932606179974011e-05,0.7890420252689332
unusual about,150,195,0.000153808,6.932606179974011e-05,0.7890420252689332
signin details,150,195,0.000153808,6.932606179974011e-05,0.7890420252689332
well trust,150,195,0.000153808,6.932606179974011e-05,0.7890420252689332
similar activity,150,195,0.000153808,6.932606179974011e-05,0.7890420252689332
detected something,150,195,0.000153808,6.932606179974011e-05,0.7890420252689332
details country,150,195,0.000153808,6.932606179974011e-05,0.7890420252689332
signin to,150,195,0.000153808,6.932606179974011e-05,0.7890420252689332
country region,150,195,0.000153808,6.932606179974011e-05,0.7890420252689332
future report,150,195,0.000153808,6.932606179974011e-05,0.7890420252689332
address 103,150,195,0.000153808,6.932606179974011e-05,0.7890420252689332
firefox a,150,195,0.000153808,6.932606179974011e-05,0.7890420252689332
10 browser,150,195,0.000153808,6.932606179974011e-05,0.7890420252689332
103 225,150,195,0.000153808,6.932606179974011e-05,0.7890420252689332
moscow just,150,195,0.000153808,6.932606179974011e-05,0.7890420252689332
moscow ip,150,195,0.000153808,6.932606179974011e-05,0.7890420252689332
region russia,150,195,0.000153808,6.932606179974011e-05,0.7890420252689332
recent signin,150,195,0.000153808,6.932606179974011e-05,0.7890420252689332
cart o,131,170,0.000134325,6.043810515874779e-05,0.789652712
this opportunity,89,115,9.125930665485422e-05,4.0884600548564684e-05,0.7896849322805414
that everyone,60,77,6.15231280819242e-05,2.7374906454256354e-05,0.7900313585719467
notifications click,152,197,0.000155859,7.003709833101951e-05,0.7921424538259744
we accept,64,82,6.562466995405247e-05,2.9152497782454817e-05,0.7928071637574741
message to,294,382,0.000301463,0.000135808,0.7933817206928824
you are,2329,3035,0.002388123,0.001078998,0.7939671202435348
will automatically,58,74,5.9472357145860055e-05,2.6308351657337276e-05,0.7949937770224785
do imp,68,87,6.972621182618076e-05,3.093008911065328e-05,0.7952674538450029
a password,141,182,0.000144579,6.47043243464241e-05,0.7955565626940307
results in,88,113,9.023392118682215e-05,4.01735640172853e-05,0.7956303704205724
the internet,935,1215,0.000958735,0.000431955,0.7960245477577081
is provided,65,83,6.665005542208455e-05,2.950801604809451e-05,0.7963587035329188
warten sie,132,170,0.000135351,6.043810515874779e-05,0.7972013284571013
us dollars,62,79,6.357389901798833e-05,2.808594298553574e-05,0.7975552906225899
f e,52,66,5.3320044337667636e-05,2.346420553221973e-05,0.797682249
address on,52,66,5.3320044337667636e-05,2.346420553221973e-05,0.797682249
are really,146,188,0.000149706,6.683743394026226e-05,0.7982186003020081
no matter,106,136,0.000108691,4.835048412699823e-05,0.7987184662247055
unusual activity,164,211,0.000168163,7.501435404997521e-05,0.7999418369553022
com seus,56,71,5.742158620979592e-05,2.5241796860418197e-05,0.8003320087753999
car ncia,117,150,0.00011997,5.332773984595394e-05,0.8005084464179381
wir ihnen,185,238,0.000189696,8.461334722224691e-05,0.8008409744855552
emails you,322,415,0.000330174,0.00014754,0.8017894590588049
a r,193,248,0.000197899,8.816852987864384e-05,0.8022709725009765
por milhas,77,98,7.895468103846938e-05,3.48407900326899e-05,0.8023733559537549
on every,60,76,6.15231280819242e-05,2.701938818861666e-05,0.802639832
para voc,153,196,0.000156884,6.96815800653798e-05,0.8036754356186131
everyone is,50,63,5.12692734016035e-05,2.2397650735300652e-05,0.8037730703633876
you must,397,511,0.000407078,0.00018167,0.8037780719674047
miss out,105,134,0.000107665,4.7639447595718846e-05,0.8038392379000818
again and,57,72,5.8446971677827984e-05,2.559731512605789e-05,0.8042744072797792
account unusual,157,201,0.000160986,7.145917139357828e-05,0.8044836891060079
que la,133,170,0.000136376,6.043810515874779e-05,0.8046933895697174
you did,202,259,0.000207128,9.207923080068046e-05,0.80470155
1:00 AM,109,139,0.000111767,4.941703892391732e-05,0.8049946932628481
this example,78,99,7.998006650650145e-05,3.51963082983296e-05,0.8052458989521678
get my,78,99,7.998006650650145e-05,3.51963082983296e-05,0.8052458989521678
to achieve,137,175,0.000140478,6.221569648694626e-05,0.8055902463292551
good morning,54,68,5.537081527373178e-05,2.4175242063499116e-05,0.8060905110982083
best of,134,171,0.000137402,6.0793623424387484e-05,0.8063598063990304
n e,141,180,0.000144579,6.399328781514472e-05,0.8064373054177428
my wife,82,104,8.408160837862974e-05,3.6973899626528064e-05,0.8067118226605298
guten tag,117,149,0.00011997,5.2972221580314244e-05,0.8070739066086139
2 0,170,217,0.000174316,7.714746364381336e-05,0.8079897751442416
will contain,128,163,0.000131249,5.794947729926994e-05,0.8080083193875067
i l,121,154,0.000124072,5.474981290851271e-05,0.8080126517458432
the thing,72,91,7.382775369830904e-05,3.235216217321205e-05,0.8080662518699745
as discussed,167,213,0.000171239,7.572539058125459e-05,0.808652523
a man,111,141,0.000113818,5.01280754551967e-05,0.809012642
fax numbers,97,123,9.946239039911079e-05,4.3728746673682226e-05,0.8091670353376995
auf ein,83,105,8.510699384666181e-05,3.732941789216776e-05,0.8093729449455791
ready for,83,105,8.510699384666181e-05,3.732941789216776e-05,0.8093729449455791
millions of,221,282,0.00022661,0.000100256,0.809981012
u r,179,228,0.000183544,8.105816456584998e-05,0.8104595910231854
umfrage teil,66,83,6.767544089011662e-05,2.950801604809451e-05,0.8114021815805511
tell you,187,238,0.000191747,8.461334722224691e-05,0.8115376797701205
100 orders,59,74,6.0497742613892126e-05,2.6308351657337276e-05,0.8118078917529866
para realizar,59,74,6.0497742613892126e-05,2.6308351657337276e-05,0.8118078917529866
and get,284,362,0.000291209,0.000128698,0.8122652374174616
to locate,52,65,5.3320044337667636e-05,2.3108687266580038e-05,0.8123210564443436
to avoid,256,326,0.000262499,0.000115899,0.8127384320442147
purchase of,63,79,6.45992844860204e-05,2.808594298553574e-05,0.8133097901146564
hier oder,81,102,8.305622291059767e-05,3.626286309524868e-05,0.8134886921023103
und best,81,102,8.305622291059767e-05,3.626286309524868e-05,0.8134886921023103
7 1,56,70,5.742158620979592e-05,2.4886278594778505e-05,0.8139724040840761
platform windows,154,195,0.000157909,6.932606179974011e-05,0.8151915371198523
dear phishing,60,75,6.15231280819242e-05,2.666386992297697e-05,0.8154093107042568
the subject,557,709,0.00057114,0.000252062,0.8157469047309319
helvetica sansserif,64,80,6.562466995405247e-05,2.8441461251175432e-05,0.8166710011690348
be completed,75,94,7.690391010240524e-05,3.341871697013113e-05,0.8168756311055115
you no,382,485,0.000391697,0.000172426,0.8172858911414685
a 20,61,76,6.254851354995626e-05,2.701938818861666e-05,0.8189069012570931
an andere,50,62,5.12692734016035e-05,2.204213246966096e-05,0.8190843051081691
alle nicht,50,62,5.12692734016035e-05,2.204213246966096e-05,0.8190843051081691
gutscheine an,50,62,5.12692734016035e-05,2.204213246966096e-05,0.8190843051081691
unter tausenden,50,62,5.12692734016035e-05,2.204213246966096e-05,0.8190843051081691
your name,765,971,0.00078442,0.000345208,0.8191780256512251
kostenlos teil,65,81,6.665005542208455e-05,2.8796979516815125e-05,0.8199411439857285
the age,65,81,6.665005542208455e-05,2.8796979516815125e-05,0.8199411439857285
will come,232,293,0.000237889,0.000104167,0.8204526489691064
the bank,195,246,0.00019995,8.745749334736445e-05,0.8205348128233695
claim your,259,327,0.000265575,0.000116254,0.8213084608248908
a position,92,115,9.433546305895043e-05,4.0884600548564684e-05,0.822483631
it takes,107,134,0.000109716,4.7639447595718846e-05,0.8225356970355657
of this,2210,2797,0.002266102,0.000994385,0.8231284077862128
r einen,51,63,5.2294658869635565e-05,2.2397650735300652e-05,0.8232004959293857
email address,1880,2378,0.001927725,0.000845422,0.823595708
ask you,70,87,7.17769827622449e-05,3.093008911065328e-05,0.8238509368262011
and make,153,192,0.000156884,6.825950700282103e-05,0.8240000171340405
and please,55,68,5.639620074176385e-05,2.4175242063499116e-05,0.8241170581753126
zeit mehr,55,68,5.639620074176385e-05,2.4175242063499116e-05,0.8241170581753126
practice of,338,426,0.00034658,0.000151451,0.8241538860047655
desire to,59,73,6.0497742613892126e-05,2.5952833391697583e-05,0.8249120417170204
to gain,63,78,6.45992844860204e-05,2.7730424719896047e-05,0.825608133
gratulieren ihnen,67,83,6.870082635814869e-05,2.950801604809451e-05,0.8262227032928129
you in,408,513,0.000418357,0.000182381,0.8271579835692834
that your,324,407,0.000332225,0.000144696,0.8272958053655206
secure and,56,69,5.742158620979592e-05,2.4530760329138812e-05,0.827801436
key to,83,103,8.510699384666181e-05,3.661838136088837e-05,0.8280978405595469
verlieren sie,83,103,8.510699384666181e-05,3.661838136088837e-05,0.8280978405595469
32 pm,168,210,0.000172265,7.465883578433551e-05,0.8285865897151606
17 am,168,210,0.000172265,7.465883578433551e-05,0.8285865897151606
ist ihre,64,79,6.562466995405247e-05,2.808594298553574e-05,0.8288199301378057
search for,149,186,0.000152782,6.612639740898288e-05,0.8289614714525219
3 5,126,157,0.000129199,5.5816367705431786e-05,0.8292362906720083
always provide,68,84,6.972621182618076e-05,2.9863534313734203e-05,0.8292408836626511
days to,68,84,6.972621182618076e-05,2.9863534313734203e-05,0.8292408836626511
gewinnen die,72,89,7.382775369830904e-05,3.164112564193267e-05,0.8296158388299476
also worauf,76,94,7.792929557043731e-05,3.341871697013113e-05,0.8299519445619312
while you,76,94,7.792929557043731e-05,3.341871697013113e-05,0.8299519445619312
market is,53,65,5.434542980569971e-05,2.3108687266580038e-05,0.8310218437061639
would you,233,291,0.000238915,0.000103456,0.8315197569765996
apply for,104,129,0.00010664,4.586185626752038e-05,0.8315891043273139
your reward,65,80,6.665005542208455e-05,2.8441461251175432e-05,0.831944246
have just,93,115,9.53608485269825e-05,4.0884600548564684e-05,0.8331817528098782
account to,50,61,5.12692734016035e-05,2.1686614204021267e-05,0.8346336238457791
auf hier,54,66,5.537081527373178e-05,2.346420553221973e-05,0.8347405143233951
tigen click,54,66,5.537081527373178e-05,2.346420553221973e-05,0.8347405143233951
cash the,58,71,5.9472357145860055e-05,2.5241796860418197e-05,0.8348329142994715
date tue,66,81,6.767544089011662e-05,2.8796979516815125e-05,0.8349846220333607
und nehmen,66,81,6.767544089011662e-05,2.8796979516815125e-05,0.8349846220333607
decide to,90,111,9.228469212288629e-05,3.9462527486005913e-05,0.8352797242781008
you receive,549,684,0.000562937,0.000243174,0.837058765
the hottest,79,97,8.100545197453353e-05,3.448527176705021e-05,0.8376680019548374
just to,172,213,0.000176366,7.572539058125459e-05,0.8379843973214491
tomorrow morning,168,208,0.000172265,7.394779925305613e-05,0.8380289600861492
chance sie,63,77,6.45992844860204e-05,2.7374906454256354e-05,0.8380596096354238
o nico,63,77,6.45992844860204e-05,2.7374906454256354e-05,0.8380596096354238
want the,63,77,6.45992844860204e-05,2.7374906454256354e-05,0.8380596096354238
h o,59,72,6.0497742613892126e-05,2.559731512605789e-05,0.8381901930908848
r d,140,173,0.000143554,6.150465995566687e-05,0.8384117884159058
werden alle,51,62,5.2294658869635565e-05,2.204213246966096e-05,0.8385117306741671
share of,96,118,9.843700493107872e-05,4.195115534548376e-05,0.83946078
0 important,92,113,9.433546305895043e-05,4.01735640172853e-05,0.839605461
to visit,84,103,8.613237931469388e-05,3.661838136088837e-05,0.8399357665897067
b the,76,93,7.792929557043731e-05,3.306319870449144e-05,0.8403348743040597
s rie,121,149,0.000124072,5.2972221580314244e-05,0.8404172071512956
pot phishing,166,205,0.000170214,7.288124445613705e-05,0.8404551647071439
to verify,534,663,0.000547556,0.000235709,0.8404591878068033
in plain,68,83,6.972621182618076e-05,2.950801604809451e-05,0.8408267810497051
schnell und,68,83,6.972621182618076e-05,2.950801604809451e-05,0.8408267810497051
in as,68,83,6.972621182618076e-05,2.950801604809451e-05,0.8408267810497051
noch verpassen,64,78,6.562466995405247e-05,2.7730424719896047e-05,0.8411182726566016
mail i,64,78,6.562466995405247e-05,2.7730424719896047e-05,0.8411182726566016
happen if,56,68,5.742158620979592e-05,2.4175242063499116e-05,0.8418243946273305
1 you,56,68,5.742158620979592e-05,2.4175242063499116e-05,0.8418243946273305
product and,56,68,5.742158620979592e-05,2.4175242063499116e-05,0.8418243946273305
this method,56,68,5.742158620979592e-05,2.4175242063499116e-05,0.8418243946273305
address city,147,181,0.000150732,6.434880608078441e-05,0.8423744207223665
is our,110,135,0.000112792,4.799496586135854e-05,0.8426581933584797
and no,164,202,0.000168163,7.181468965921797e-05,0.8429463126059359
the examples,73,89,7.485313916634111e-05,3.164112564193267e-05,0.8432260753622339
a product,152,187,0.000155859,6.648191567462257e-05,0.8434850600590006
pot dies,69,84,7.075159729421283e-05,2.9863534313734203e-05,0.8436347486142196
an unserer,90,110,9.228469212288629e-05,3.910700922036622e-05,0.8441049102627658
you need,850,1052,0.000871578,0.000374005,0.8445117110129682
thing about,61,74,6.254851354995626e-05,2.6308351657337276e-05,0.8446110301966613
have you,295,364,0.000302489,0.000129409,0.8446714489556899
confirmation of,145,178,0.000148681,6.328225128386533e-05,0.8452220837642919
power of,78,95,7.998006650650145e-05,3.377423523577082e-05,0.8453262860889873
all our,74,90,7.587852463437317e-05,3.199664390757236e-05,0.845820717
in return,53,64,5.434542980569971e-05,2.2753169000940345e-05,0.8458781335449382
worauf warten,70,85,7.17769827622449e-05,3.0219052579373896e-05,0.8463711663277612
something unusual,159,195,0.000163036,6.932606179974011e-05,0.8469452275499727
te ontvangen,66,80,6.767544089011662e-05,2.8441461251175432e-05,0.8469877243920882
there to,189,232,0.000193798,8.248023762840875e-05,0.8473524432026325
34 am,168,206,0.000172265,7.323676272177674e-05,0.8475613393881499
network of,62,75,6.357389901798833e-05,2.666386992297697e-05,0.8476830622756676
i make,58,70,5.9472357145860055e-05,2.4886278594778505e-05,0.8484733096081476
the online,54,65,5.537081527373178e-05,2.3108687266580038e-05,0.8493793218531809
check out,299,367,0.00030659,0.000130475,0.8499502889663579
address or,269,330,0.000275829,0.000117321,0.8499973666661915
levering te,50,60,5.12692734016035e-05,2.1331095938381574e-05,0.8504285479189057
oder schreiben,106,129,0.000108691,4.586185626752038e-05,0.8504619967819462
this information,231,283,0.000236864,0.000100612,0.8505408803892864
can buy,63,76,6.45992844860204e-05,2.701938818861666e-05,0.8506680828050371
out or,176,215,0.000180468,7.643642711253398e-05,0.8516211565916411
get more,72,87,7.382775369830904e-05,3.093008911065328e-05,0.8516400573744105
you to,1443,1774,0.001479631,0.000630689,0.8518259600533962
work at,68,82,6.972621182618076e-05,2.9152497782454817e-05,0.8525484864496813
networks and,55,66,5.639620074176385e-05,2.346420553221973e-05,0.8527670614004995
today is,173,211,0.000177392,7.501435404997521e-05,0.8530594242187999
from you,344,421,0.000352733,0.000149673,0.8534280777167537
33 pm,169,206,0.00017329,7.323676272177674e-05,0.8534619233537141
no problem,64,77,6.562466995405247e-05,2.7374906454256354e-05,0.8535697496585734
disponiveis para,64,77,6.562466995405247e-05,2.7374906454256354e-05,0.8535697496585734
committed to,393,481,0.000402976,0.000171004,0.8538372867801207
pode fazer,51,61,5.2294658869635565e-05,2.1686614204021267e-05,0.8540610494117771
looking to,60,72,6.15231280819242e-05,2.559731512605789e-05,0.8547262620190265
in to,329,402,0.000337352,0.000142918,0.854840164
manage your,109,132,0.000111767,4.692841106443946e-05,0.8556154236409254
ihnen recht,56,67,5.742158620979592e-05,2.3819723797859423e-05,0.8560467969132456
90 days,105,127,0.000107665,4.5150819736241e-05,0.8563593952743884
our customers,114,138,0.000116894,4.9061520658277624e-05,0.8565327729388158
will get,306,373,0.000313768,0.000132608,0.8569232280631439
keine zeit,92,111,9.433546305895043e-05,3.9462527486005913e-05,0.8570255631334919
have your,101,122,0.000103564,4.3373228408042534e-05,0.8571623526060789
41 pm,168,204,0.000172265,7.252572619049736e-05,0.8571854601611736
you want,771,942,0.000790572,0.000334898,0.8572129327044359
you your,110,133,0.000112792,4.7283929330079154e-05,0.8572769694603464
unsubscribe by,316,385,0.000324022,0.000136875,0.8575481961470411
abmelden abbestellen,52,62,5.3320044337667636e-05,2.204213246966096e-05,0.8575689128295588
a 100,79,95,8.100545197453353e-05,3.377423523577082e-05,0.8579089867629764
schreiben sie,106,128,0.000108691,4.550633800188069e-05,0.8580774377060926
24 horas,120,145,0.000123046,5.155014851775547e-05,0.8588866060877738
your personal,111,134,0.000113818,4.7639447595718846e-05,0.8589115298886489
you can,3498,4269,0.003586798,0.001517707,0.8596791177946744
you that,252,306,0.000258397,0.000108789,0.8598036374937242
29092 valley,89,107,9.125930665485422e-05,3.804045442344714e-05,0.8600047615575404
corporate way,89,107,9.125930665485422e-05,3.804045442344714e-05,0.8600047615575404
616 corporate,89,107,9.125930665485422e-05,3.804045442344714e-05,0.8600047615575404
valley cottage,89,107,9.125930665485422e-05,3.804045442344714e-05,0.8600047615575404
cottage ny,89,107,9.125930665485422e-05,3.804045442344714e-05,0.8600047615575404
damit wir,62,74,6.357389901798833e-05,2.6308351657337276e-05,0.8606177122525391
nehmen sie,240,291,0.000246093,0.000103456,0.8609986484342069
having trouble,158,191,0.000162011,6.790398873718134e-05,0.8611030259322295
our team,76,91,7.792929557043731e-05,3.235216217321205e-05,0.8614298559025318
you get,369,448,0.000378367,0.000159272,0.8616311871379674
p r,99,119,0.000101513,4.2306673611123455e-05,0.8616844455048474
our emails,837,1018,0.000858248,0.000361918,0.8618813694743086
ste 29092,90,108,9.228469212288629e-05,3.8395972689086835e-05,0.8619924277595722
ny 10989,90,108,9.228469212288629e-05,3.8395972689086835e-05,0.8619924277595722
make your,155,187,0.000158935,6.648191567462257e-05,0.8629062581544203
do is,146,176,0.000149706,6.257121475258595e-05,0.8631719962344427
assets in,179,216,0.000183544,7.679194537817367e-05,0.8638500148286333
1 99,54,64,5.537081527373178e-05,2.2753169000940345e-05,0.8642356116919552
screen and,217,262,0.000222509,9.314578559759954e-05,0.8646056089249524
d e,185,223,0.000189696,7.928057323765152e-05,0.8651545065900622
order for,115,138,0.000117919,4.9061520658277624e-05,0.8651926919268936
attached to,78,93,7.998006650650145e-05,3.306319870449144e-05,0.8659854472358574
to protect,450,544,0.000461423,0.000193402,0.8665531992564218
08 01,168,202,0.000172265,7.181468965921797e-05,0.8669031054550286
page below,55,65,5.639620074176385e-05,2.3108687266580038e-05,0.8674058689302852
emails list,823,995,0.000843892,0.000353741,0.8678220651862775
now this,60,71,6.15231280819242e-05,2.5241796860418197e-05,0.8681830979581212
was so,60,71,6.15231280819242e-05,2.5241796860418197e-05,0.8681830979581212
we strongly,60,71,6.15231280819242e-05,2.5241796860418197e-05,0.8681830979581212
ist f,60,71,6.15231280819242e-05,2.5241796860418197e-05,0.8681830979581212
you make,89,106,9.125930665485422e-05,3.768493615780745e-05,0.8691528852882003
of over,89,106,9.125930665485422e-05,3.768493615780745e-05,0.8691528852882003
in excess,75,89,7.690391010240524e-05,3.164112564193267e-05,0.8699031294060854
2 500,56,66,5.742158620979592e-05,2.346420553221973e-05,0.8704743978525173
nicht ihre,61,72,6.254851354995626e-05,2.559731512605789e-05,0.8709933315345596
the transaction,124,148,0.000127148,5.261670331467455e-05,0.8713236214188638
for shipping,100,119,0.000102539,4.2306673611123455e-05,0.8716372281501195
position in,134,160,0.000137402,5.6882922502350864e-05,0.871737592
display none,76,90,7.792929557043731e-05,3.199664390757236e-05,0.872146602
bulk email,393,472,0.000402976,0.000167805,0.8726147209240825
come to,335,402,0.000343504,0.000142918,0.8728600092125188
000 email,91,108,9.331007759091836e-05,3.8395972689086835e-05,0.8729244562110735
your information,96,114,9.843700493107872e-05,4.052908228292499e-05,0.8731303676829628
abmelden m,57,67,5.8446971677827984e-05,2.3819723797859423e-05,0.8734460313567197
jederzeit abmelden,57,67,5.8446971677827984e-05,2.3819723797859423e-05,0.8734460313567197
in ihrem,57,67,5.8446971677827984e-05,2.3819723797859423e-05,0.8734460313567197
get started,219,262,0.000224559,9.314578559759954e-05,0.8737391250069508
geht schnell,72,85,7.382775369830904e-05,3.0219052579373896e-05,0.8741602868759704
half a,77,91,7.895468103846938e-05,3.235216217321205e-05,0.8743373841003047
money making,82,97,8.408160837862974e-05,3.448527176705021e-05,0.8744931638690561
in cash,112,133,0.000114843,4.7283929330079154e-05,0.8751385352736589
verlosung f,53,62,5.434542980569971e-05,2.204213246966096e-05,0.8762697000913794
a no,78,92,7.998006650650145e-05,3.2707680438851745e-05,0.8764773142853549
a nice,103,122,0.000105615,4.3373228408042534e-05,0.8765851071948105
out how,108,128,0.000110742,4.550633800188069e-05,0.8766007318382227
sent saturday,168,200,0.000172265,7.110365312793859e-05,0.8767161108119949
code with,178,212,0.000182519,7.53698723156149e-05,0.8767278202999439
sie an,218,260,0.000223534,9.243474906632015e-05,0.876763964
to inform,210,250,0.000215331,8.887956640992322e-05,0.8783387799006513
10989 click,84,99,8.613237931469388e-05,3.51963082983296e-05,0.8784714305883737
zusenden k,84,99,8.613237931469388e-05,3.51963082983296e-05,0.8784714305883737
os quais,69,81,7.075159729421283e-05,2.8796979516815125e-05,0.8788030864540831
family and,64,75,6.562466995405247e-05,2.666386992297697e-05,0.8789477017908834
the response,59,69,6.0497742613892126e-05,2.4530760329138812e-05,0.8791164560721466
or you,201,239,0.000206102,8.49688654878866e-05,0.879228537
position and,90,106,9.228469212288629e-05,3.768493615780745e-05,0.8802057451346798
an 616,85,100,8.715776478272595e-05,3.5551826563969293e-05,0.8803968316477336
my email,80,94,8.20308374425656e-05,3.341871697013113e-05,0.8806115598663388
can easily,75,88,7.690391010240524e-05,3.1285607376292974e-05,0.8808546066284301
more money,116,137,0.000118945,4.8706002392637924e-05,0.8809052240871108
by your,70,82,7.17769827622449e-05,2.9152497782454817e-05,0.8811319694308797
my current,168,199,0.000172265,7.07481348622989e-05,0.8816589619845104
below for,132,156,0.000135351,5.546084943979209e-05,0.8816841086096789
so k,60,70,6.15231280819242e-05,2.4886278594778505e-05,0.8818234932667973
the easiest,50,58,5.12692734016035e-05,2.062005940710219e-05,0.8827871317678652
dear customer,92,108,9.433546305895043e-05,3.8395972689086835e-05,0.8837382666149631
com at,61,71,6.254851354995626e-05,2.5241796860418197e-05,0.8844501674736543
press release,82,96,8.408160837862974e-05,3.4129753501410516e-05,0.8845624449640805
a moment,103,121,0.000105615,4.301771014240284e-05,0.8846293748224052
sie einfach,77,90,7.895468103846938e-05,3.199664390757236e-05,0.8850541306161817
valor da,51,59,5.2294658869635565e-05,2.097557767274188e-05,0.8859043863756682
by writing,252,298,0.000258397,0.000105944,0.8860507616312694
this email,2004,2381,0.002054872,0.000846489,0.886177752
os pontos,67,78,6.870082635814869e-05,2.7730424719896047e-05,0.8862555175919167
jetzt gewinnen,62,72,6.357389901798833e-05,2.559731512605789e-05,0.8870000135904372
today and,158,186,0.000162011,6.612639740898288e-05,0.8872397233391596
seja o,57,66,5.8446971677827984e-05,2.346420553221973e-05,0.8878736322959915
also of,170,200,0.000174316,7.110365312793859e-05,0.8884826659876224
zusenden jetzt,52,60,5.3320044337667636e-05,2.1331095938381574e-05,0.8889131556402956
bis wir,52,60,5.3320044337667636e-05,2.1331095938381574e-05,0.8889131556402956
unsere verlosung,52,60,5.3320044337667636e-05,2.1331095938381574e-05,0.8889131556402956
a unique,107,125,0.000109716,4.443978320496161e-05,0.8905825742491298
teilnahme geht,69,80,7.075159729421283e-05,2.8441461251175432e-05,0.8908061888128106
kostenlos also,69,80,7.075159729421283e-05,2.8441461251175432e-05,0.8908061888128106
w i,80,93,8.20308374425656e-05,3.306319870449144e-05,0.8909944896084673
address this,135,158,0.000138427,5.617188597107148e-05,0.8914791671127111
easy to,345,406,0.000353758,0.00014434,0.8923571423381225
once you,346,407,0.000354783,0.000144696,0.8928002329021898
a reas,81,94,8.305622291059767e-05,3.341871697013113e-05,0.8928853809319449
las vegas,153,179,0.000156884,6.363776954950503e-05,0.8930615301321889
learn the,54,62,5.537081527373178e-05,2.204213246966096e-05,0.8946271782383961
to collect,60,69,6.15231280819242e-05,2.4530760329138812e-05,0.8956525250002884
r unsere,66,76,6.767544089011662e-05,2.701938818861666e-05,0.8964949460512399
span p,66,76,6.767544089011662e-05,2.701938818861666e-05,0.8964949460512399
from your,366,429,0.000375291,0.000152517,0.8965494977847215
5 02,168,196,0.000172265,6.96815800653798e-05,0.8966358189364163
send 5,89,103,9.125930665485422e-05,3.661838136088837e-05,0.8971103660586643
all you,214,250,0.000219432,8.887956640992322e-05,0.8971208577223653
toutes les,129,150,0.000132275,5.332773984595394e-05,0.8973776429075224
de sa,192,224,0.000196874,7.963609150329121e-05,0.8976841796462288
und ist,78,90,7.998006650650145e-05,3.199664390757236e-05,0.8977971753502066
assist you,78,90,7.998006650650145e-05,3.199664390757236e-05,0.8977971753502066
que vous,153,178,0.000156884,6.328225128386533e-05,0.8985768746776056
funds to,67,77,6.870082635814869e-05,2.7374906454256354e-05,0.8987069945938886
r t,240,280,0.000246093,9.954511437911402e-05,0.8991562842721215
2023 11,50,57,5.12692734016035e-05,2.0264541141462496e-05,0.8993677413982596
op es,56,64,5.742158620979592e-05,2.2753169000940345e-05,0.8999694952210774
consumer winner,97,112,9.946239039911079e-05,3.9818045751645606e-05,0.9006591511153422
height auto,68,78,6.972621182618076e-05,2.7730424719896047e-05,0.9008595953488089
from 7,133,154,0.000136376,5.474981290851271e-05,0.9018495829849031
ihnen den,104,120,0.00010664,4.266219187676315e-05,0.9023105964949851
bitte auf,57,65,5.8446971677827984e-05,2.3108687266580038e-05,0.9025124398257773
ihre datein,57,65,5.8446971677827984e-05,2.3108687266580038e-05,0.9025124398257773
heute kostenlos,57,65,5.8446971677827984e-05,2.3108687266580038e-05,0.9025124398257773
datein ein,57,65,5.8446971677827984e-05,2.3108687266580038e-05,0.9025124398257773
your interest,57,65,5.8446971677827984e-05,2.3108687266580038e-05,0.9025124398257773
sie komplett,57,65,5.8446971677827984e-05,2.3108687266580038e-05,0.9025124398257773
through a,175,203,0.000179442,7.217020792485767e-05,0.9026235860790561
take part,63,72,6.45992844860204e-05,2.559731512605789e-05,0.9027545130825038
a todos,63,72,6.45992844860204e-05,2.559731512605789e-05,0.9027545130825038
try it,87,100,8.920853571879009e-05,3.5551826563969293e-05,0.9033928942825457
details for,176,204,0.000180468,7.252572619049736e-05,0.9034430998278364
de r,93,107,9.53608485269825e-05,3.804045442344714e-05,0.9035015820868775
is free,105,121,0.000107665,4.301771014240284e-05,0.9036820623255989
state zip,111,128,0.000113818,4.550633800188069e-05,0.9037578060652861
and complete,52,59,5.3320044337667636e-05,2.097557767274188e-05,0.9049615685310601
print this,58,66,5.9472357145860055e-05,2.346420553221973e-05,0.904975303
the truth,64,73,6.562466995405247e-05,2.5952833391697583e-05,0.9049865017317887
delivered to,64,73,6.562466995405247e-05,2.5952833391697583e-05,0.9049865017317887
app 25,64,73,6.562466995405247e-05,2.5952833391697583e-05,0.9049865017317887
by our,76,87,7.792929557043731e-05,3.093008911065328e-05,0.905003661
from this,455,529,0.00046655,0.000188069,0.9053942372443308
may unsubscribe,401,466,0.00041118,0.000165672,0.9054342303532688
number to,204,236,0.000209179,8.390231069096753e-05,0.9064565046937484
sa de,289,335,0.000296336,0.000119099,0.9065509284590844
to your,1466,1705,0.001503215,0.000606159,0.9072363977096214
6130 w,66,75,6.767544089011662e-05,2.666386992297697e-05,0.9092644250139366
rd las,66,75,6.767544089011662e-05,2.666386992297697e-05,0.9092644250139366
flamingo rd,66,75,6.767544089011662e-05,2.666386992297697e-05,0.9092644250139366
w flamingo,66,75,6.767544089011662e-05,2.666386992297697e-05,0.9092644250139366
ab bis,60,68,6.15231280819242e-05,2.4175242063499116e-05,0.909675484
nnen warten,60,68,6.15231280819242e-05,2.4175242063499116e-05,0.909675484
teil tragen,60,68,6.15231280819242e-05,2.4175242063499116e-05,0.909675484
nachfolgenden seiten,60,68,6.15231280819242e-05,2.4175242063499116e-05,0.909675484
ein damit,60,68,6.15231280819242e-05,2.4175242063499116e-05,0.909675484
heute f,60,68,6.15231280819242e-05,2.4175242063499116e-05,0.909675484
den nachfolgenden,60,68,6.15231280819242e-05,2.4175242063499116e-05,0.909675484
sichern nehmen,60,68,6.15231280819242e-05,2.4175242063499116e-05,0.909675484
seiten ihre,60,68,6.15231280819242e-05,2.4175242063499116e-05,0.909675484
was sent,254,293,0.000260448,0.000104167,0.9106869084383021
pour le,148,170,0.000151757,6.043810515874779e-05,0.9108184981970999
aware of,198,228,0.000203026,8.105816456584998e-05,0.9108206984313238
Jun-25,167,192,0.000171239,6.825950700282103e-05,0.9110247928329164
of thousands,92,105,9.433546305895043e-05,3.732941789216776e-05,0.9111841691465671
morning to,174,200,0.000178417,7.110365312793859e-05,0.9116083930885178
05 10,174,200,0.000178417,7.110365312793859e-05,0.9116083930885178
can t,306,353,0.000313768,0.000125498,0.9116096260292192
the page,232,267,0.000237889,9.4923376925798e-05,0.9124510872214404
mil pontos,55,62,5.639620074176385e-05,2.204213246966096e-05,0.9126537253155005
then you,195,224,0.00019995,7.963609150329121e-05,0.9131106136087267
br numero,87,99,8.920853571879009e-05,3.51963082983296e-05,0.9131669206978473
wurden heute,62,70,6.357389901798833e-05,2.4886278594778505e-05,0.9140972448382082
make more,75,85,7.690391010240524e-05,3.0219052579373896e-05,0.9144475774521084
um plano,56,63,5.742158620979592e-05,2.2397650735300652e-05,0.9150498270227372
l y,69,78,7.075159729421283e-05,2.7730424719896047e-05,0.9152534603003772
you i,180,206,0.000184569,7.323676272177674e-05,0.916169369
48 am,167,191,0.000171239,6.790398873718134e-05,0.9161711456867158
to guarantee,50,56,5.12692734016035e-05,1.9909022875822803e-05,0.9162279094051774
o especial,57,64,5.8446971677827984e-05,2.2753169000940345e-05,0.9173687296645515
this e,149,170,0.000152782,6.043810515874779e-05,0.9175085942271114
multilevel marketing,90,102,9.228469212288629e-05,3.626286309524868e-05,0.9176588196157374
before you,196,224,0.000200976,7.963609150329121e-05,0.9182003243707184
que nous,130,148,0.0001333,5.261670331467455e-05,0.9182162803407047
unserer umfrage,64,72,6.562466995405247e-05,2.559731512605789e-05,0.9182646531056531
Jul-07,170,194,0.000174316,6.897054353410042e-05,0.9185130296817723
when your,51,57,5.2294658869635565e-05,2.0264541141462496e-05,0.9187951669642577
centre de,131,149,0.000134325,5.2972221580314244e-05,0.9192134612056594
none important,78,88,7.998006650650145e-05,3.1285607376292974e-05,0.9195814930166474
align center,78,88,7.998006650650145e-05,3.1285607376292974e-05,0.9195814930166474
is ready,72,81,7.382775369830904e-05,2.8796979516815125e-05,0.9207818250319222
sincerely yours,52,58,5.3320044337667636e-05,2.062005940710219e-05,0.9212717394892551
a leading,52,58,5.3320044337667636e-05,2.062005940710219e-05,0.9212717394892551
the laptop,167,190,0.000171239,6.754847047154165e-05,0.9213441205535446
the companies,86,97,8.818315025075802e-05,3.448527176705021e-05,0.921574393
always send,59,66,6.0497742613892126e-05,2.346420553221973e-05,0.921789418
sie ab,66,74,6.767544089011662e-05,2.6308351657337276e-05,0.9221990749908082
the practice,339,387,0.000347606,0.000137586,0.9224534483799207
to 100,73,82,7.485313916634111e-05,2.9152497782454817e-05,0.9225313265113753
congratulations you,80,90,8.20308374425656e-05,3.199664390757236e-05,0.9228062177228165
to file,87,98,8.920853571879009e-05,3.48407900326899e-05,0.9230374224334595
include your,87,98,8.920853571879009e-05,3.48407900326899e-05,0.9230374224334595
to you,1565,1791,0.001604728,0.000636733,0.92341264
the total,170,193,0.000174316,6.861502526846072e-05,0.9236069521759036
industry and,53,59,5.434542980569971e-05,2.097557767274188e-05,0.9236623557928805
financial services,53,59,5.434542980569971e-05,2.097557767274188e-05,0.9236623557928805
nv 89103,67,75,6.870082635814869e-05,2.666386992297697e-05,0.9240849467261985
one as,178,202,0.000182519,7.181468965921797e-05,0.9243983813999419
o m,201,228,0.000206102,8.105816456584998e-05,0.9257854189654509
be suspended,75,84,7.690391010240524e-05,2.9863534313734203e-05,0.9259007777681966
und so,68,76,6.972621182618076e-05,2.701938818861666e-05,0.9259195455203938
by my,61,68,6.254851354995626e-05,2.4175242063499116e-05,0.9259425533255851
7:00 AM,139,157,0.000142529,5.5816367705431786e-05,0.9267097314817194
button to,132,149,0.000135351,5.2972221580314244e-05,0.9267620772777396
encourage the,337,383,0.000345555,0.000136163,0.9268676416512197
services and,84,94,8.613237931469388e-05,3.341871697013113e-05,0.9288280491299349
account if,84,94,8.613237931469388e-05,3.341871697013113e-05,0.9288280491299349
contact information,113,127,0.000115869,4.5150819736241e-05,0.9291351431884197
age of,70,78,7.17769827622449e-05,2.7730424719896047e-05,0.9294430783300073
companies in,63,70,6.45992844860204e-05,2.4886278594778505e-05,0.9298517443302744
right away,78,87,7.998006650650145e-05,3.093008911065328e-05,0.9306542343387656
and keep,78,87,7.998006650650145e-05,3.093008911065328e-05,0.9306542343387656
or write,71,79,7.280236823027697e-05,2.808594298553574e-05,0.9311358223821061
to increase,137,154,0.000140478,5.474981290851271e-05,0.9312688243470434
this special,86,96,8.818315025075802e-05,3.4129753501410516e-05,0.9316436737097786
of state,64,71,6.562466995405247e-05,2.5241796860418197e-05,0.9317214890447479
saturday june,167,188,0.000171239,6.683743394026226e-05,0.9317710481216641
your recent,145,163,0.000148681,5.794947729926994e-05,0.9318248870093285
can now,87,97,8.920853571879009e-05,3.448527176705021e-05,0.9330063230265281
the few,184,207,0.000188671,7.359228098741644e-05,0.9332535729321089
major credit,50,55,5.12692734016035e-05,1.955350461018311e-05,0.9333772247163569
100 important,155,174,0.000158935,6.186017822130656e-05,0.933853038
never have,73,81,7.485313916634111e-05,2.8796979516815125e-05,0.9343920615642085
prices in,73,81,7.485313916634111e-05,2.8796979516815125e-05,0.9343920615642085
v e,186,209,0.000190722,7.430331751869582e-05,0.9345206347952144
are on,165,185,0.000169189,6.577087914334318e-05,0.9356402024231595
to operate,51,56,5.2294658869635565e-05,1.9909022875822803e-05,0.9356553349711754
to financial,74,82,7.587852463437317e-05,2.9152497782454817e-05,0.9359588090471325
votre compte,143,160,0.00014663,5.6882922502350864e-05,0.9362875765249554
money from,59,65,6.0497742613892126e-05,2.3108687266580038e-05,0.9364282256368828
unsubscribe click,136,152,0.000139452,5.403877637723332e-05,0.9368308478774781
pick the,176,197,0.000180468,7.003709833101951e-05,0.9378762087183833
of your,1834,2068,0.001880557,0.000735212,0.9383370642512388
days you,68,75,6.972621182618076e-05,2.666386992297697e-05,0.9386890244830907
password for,131,146,0.000134325,5.1905666783395166e-05,0.9391725045471896
link on,139,155,0.000142529,5.51053311741524e-05,0.9393033416697381
a computer,100,111,0.000102539,3.9462527486005913e-05,0.9395676777028178
i come,171,191,0.000175341,6.790398873718134e-05,0.9397050706448572
here that,179,200,0.000183544,7.110365312793859e-05,0.9397832002860356
are you,424,476,0.000434763,0.000169227,0.9399684782654638
am the,53,58,5.434542980569971e-05,2.062005940710219e-05,0.9399725267510757
never be,53,58,5.434542980569971e-05,2.062005940710219e-05,0.9399725267510757
and you,734,825,0.000752633,0.000293303,0.9402970390119989
and maxwidth,172,192,0.000176366,6.825950700282103e-05,0.9403566675950785
you and,501,562,0.000513718,0.000199801,0.9413037209701511
and sell,54,59,5.537081527373178e-05,2.097557767274188e-05,0.9420198339398973
votre demande,127,141,0.000130224,5.01280754551967e-05,0.9425716712615334
have given,79,87,8.100545197453353e-05,3.093008911065328e-05,0.9432369350127545
r serv,128,142,0.000131249,5.0483593720836395e-05,0.9434258910943807
to her,63,69,6.45992844860204e-05,2.4530760329138812e-05,0.9436807760637654
your password,288,321,0.000295311,0.000114121,0.9454227236743997
was mailed,56,61,5.742158620979592e-05,2.1686614204021267e-05,0.9459103805051285
abzumelden klicken,56,61,5.742158620979592e-05,2.1686614204021267e-05,0.9459103805051285
days and,73,80,7.485313916634111e-05,2.8441461251175432e-05,0.9463951639229362
and fax,182,202,0.00018662,7.181468965921797e-05,0.9465017519237772
share your,199,221,0.000204052,7.856953670637213e-05,0.9466308672475399
business in,65,71,6.665005542208455e-05,2.5241796860418197e-05,0.946994734
anyone can,99,109,0.000101513,3.875149095472653e-05,0.9473438449135386
emails from,108,119,0.000110742,4.2306673611123455e-05,0.9478825881584734
program you,108,119,0.000110742,4.2306673611123455e-05,0.9478825881584734
area to,142,157,0.000145605,5.5816367705431786e-05,0.9479156496217466
all participants,66,72,6.767544089011662e-05,2.559731512605789e-05,0.9485813763287064
60 minutes,135,149,0.000138427,5.2972221580314244e-05,0.9490719416405039
droits r,127,140,0.000130224,4.977255718955701e-05,0.9495494436051609
tous droits,127,140,0.000130224,4.977255718955701e-05,0.9495494436051609
serv s,127,140,0.000130224,4.977255718955701e-05,0.9495494436051609
started to,58,63,5.9472357145860055e-05,2.2397650735300652e-05,0.9495507325468088
please be,76,83,7.792929557043731e-05,2.950801604809451e-05,0.9505629886116702
keep track,50,54,5.12692734016035e-05,1.9197986344543418e-05,0.9508257782352164
seu plano,156,172,0.00015996,6.114914169002718e-05,0.9516197057199355
attention this,68,74,6.972621182618076e-05,2.6308351657337276e-05,0.9516236744599622
total of,166,183,0.000170214,6.50598426120638e-05,0.9523531267261951
anywhere in,69,75,7.075159729421283e-05,2.666386992297697e-05,0.9530828894346591
learn more,203,224,0.000208153,7.963609150329121e-05,0.9531209022172539
complete address,168,185,0.000172265,6.577087914334318e-05,0.9535537768110335
were just,133,146,0.000136376,5.1905666783395166e-05,0.9542131817318859
email if,61,66,6.254851354995626e-05,2.346420553221973e-05,0.9545925565507718
be prompt,52,56,5.3320044337667636e-05,1.9909022875822803e-05,0.9547125171265672
your security,153,168,0.000156884,5.9727068627468406e-05,0.9554708982103193
build on,501,554,0.000513718,0.000196957,0.9555689726473651
because you,373,412,0.000382469,0.000146474,0.9556095371526548
please read,135,148,0.000138427,5.261670331467455e-05,0.9556807921328857
will help,126,138,0.000129199,4.9061520658277624e-05,0.9558080764601556
g n,145,159,0.000148681,5.652740423671117e-05,0.9562442174158682
issue we,174,191,0.000178417,6.790398873718134e-05,0.956999036
o seus,72,78,7.382775369830904e-05,2.7730424719896047e-05,0.9572321988782165
r f,175,192,0.000179442,6.825950700282103e-05,0.9575515077551106
a try,63,68,6.45992844860204e-05,2.4175242063499116e-05,0.957703735
change it,63,68,6.45992844860204e-05,2.4175242063499116e-05,0.957703735
vous avez,157,172,0.000160986,6.114914169002718e-05,0.9579699315801689
contact our,149,163,0.000152782,5.794947729926994e-05,0.9588580819803941
not an,187,205,0.000191747,7.288124445613705e-05,0.9589198767771738
valid for,140,153,0.000143554,5.4394294642873015e-05,0.9591762980052704
cota o,83,90,8.510699384666181e-05,3.199664390757236e-05,0.9591847809562527
e pour,64,69,6.562466995405247e-05,2.4530760329138812e-05,0.9591909160869149
000 5,64,69,6.562466995405247e-05,2.4530760329138812e-05,0.9591909160869149
s phishing,64,69,6.562466995405247e-05,2.4530760329138812e-05,0.9591909160869149
tragen sie,64,69,6.562466995405247e-05,2.4530760329138812e-05,0.9591909160869149
and pasting,131,143,0.000134325,5.083911198647609e-05,0.9595380382268932
options on,132,144,0.000135351,5.119463025211578e-05,0.9602519554419391
verify your,527,580,0.000540378,0.000206201,0.9604306250979305
necessary to,142,155,0.000145605,5.51053311741524e-05,0.9605092598097652
offering a,65,70,6.665005542208455e-05,2.4886278594778505e-05,0.96063513
you do,851,937,0.000872603,0.000333121,0.961124027
of words,153,167,0.000156884,5.937155036182871e-05,0.9613424645417818
n n,272,298,0.000278905,0.000105944,0.9621402375378242
come true,76,82,7.792929557043731e-05,2.9152497782454817e-05,0.9622846940116465
auto important,106,115,0.000108691,4.0884600548564684e-05,0.9627478114279615
remove yourself,930,1022,0.000953608,0.00036334,0.963214708
s click,57,61,5.8446971677827984e-05,2.1686614204021267e-05,0.9633096149486027
l o,77,83,7.895468103846938e-05,2.950801604809451e-05,0.963470517
your account,1163,1278,0.001192523,0.000454352,0.9635934668690131
advantage of,267,292,0.000273778,0.000103811,0.9638012968850629
n b,58,62,5.9472357145860055e-05,2.204213246966096e-05,0.9648619672915901
minutes only,139,151,0.000142529,5.368325811159363e-05,0.9649765843756202
250 000,139,151,0.000142529,5.368325811159363e-05,0.9649765843756202
yourself from,935,1025,0.000958735,0.000364406,0.9656479621276604
over 50,79,85,8.100545197453353e-05,3.0219052579373896e-05,0.9657571645143145
error please,203,221,0.000208153,7.856953670637213e-05,0.9664359219981188
o r,214,233,0.000219432,8.283575589404845e-05,0.9667318831295268
inform you,204,222,0.000209179,7.892505497201183e-05,0.9668684315192304
to 50,70,75,7.17769827622449e-05,2.666386992297697e-05,0.967272507
you havent,70,75,7.17769827622449e-05,2.666386992297697e-05,0.967272507
email addresses,636,695,0.000652145,0.000247085,0.9680271842275577
i v,71,76,7.280236823027697e-05,2.701938818861666e-05,0.968494115
to easily,50,53,5.12692734016035e-05,1.8842468078903725e-05,0.9685841985016242
shall be,156,169,0.00015996,6.00825868931081e-05,0.9689298812910494
your the,72,77,7.382775369830904e-05,2.7374906454256354e-05,0.9696836758801882
time only,83,89,8.510699384666181e-05,3.164112564193267e-05,0.9700176214003489
for as,201,218,0.000206102,7.750298190945306e-05,0.9700771285775432
pot by,51,54,5.2294658869635565e-05,1.9197986344543418e-05,0.9702532038012145
de pre,62,66,6.357389901798833e-05,2.346420553221973e-05,0.9705992386066495
version 1,62,66,6.357389901798833e-05,2.346420553221973e-05,0.9705992386066495
at any,321,349,0.000329149,0.000124076,0.9706227149435632
for asking,127,137,0.000130224,4.8706002392637924e-05,0.9707797411202351
report 2,323,351,0.0003312,0.000124787,0.9711464159944497
la date,128,138,0.000131249,4.9061520658277624e-05,0.9714364172271283
cas de,260,282,0.0002666,0.000100256,0.9718407028117486
pontos podem,52,55,5.3320044337667636e-05,1.955350461018311e-05,0.9718618324377469
would happen,52,55,5.3320044337667636e-05,1.955350461018311e-05,0.9718618324377469
cliquez ici,63,67,6.45992844860204e-05,2.3819723797859423e-05,0.9719261371594441
entered into,63,67,6.45992844860204e-05,2.3819723797859423e-05,0.9719261371594441
of age,63,67,6.45992844860204e-05,2.3819723797859423e-05,0.9719261371594441
company will,63,67,6.45992844860204e-05,2.3819723797859423e-05,0.9719261371594441
since we,107,115,0.000109716,4.0884600548564684e-05,0.9720523469340719
us on,374,406,0.000383494,0.00014434,0.9728499269879038
team has,175,189,0.000179442,6.719295220590195e-05,0.9730707092190479
plano de,153,165,0.000156884,5.866051383054933e-05,0.973190046
you read,64,68,6.562466995405247e-05,2.4175242063499116e-05,0.9732138748966787
is like,53,56,5.434542980569971e-05,1.9909022875822803e-05,0.9734133043883877
stock market,53,56,5.434542980569971e-05,1.9909022875822803e-05,0.9734133043883877
more orders,53,56,5.434542980569971e-05,1.9909022875822803e-05,0.9734133043883877
wednesday june,334,362,0.000342479,0.000128698,0.9739195551902844
can help,212,229,0.000217382,8.141368283148968e-05,0.9744930602648917
wish to,1212,1317,0.001242767,0.000468218,0.9748335746416487
pot congratulations,54,57,5.537081527373178e-05,2.0264541141462496e-05,0.9749106145284868
mail order,54,57,5.537081527373178e-05,2.0264541141462496e-05,0.9749106145284868
as today,168,181,0.000172265,6.434880608078441e-05,0.9750816510455812
by clicking,403,436,0.00041323,0.000155006,0.9765279685212133
results and,67,71,6.870082635814869e-05,2.5241796860418197e-05,0.976858734
browser if,67,71,6.870082635814869e-05,2.5241796860418197e-05,0.976858734
at 40,137,147,0.000140478,5.226118504903486e-05,0.9769350483787544
link is,137,147,0.000140478,5.226118504903486e-05,0.9769350483787544
sent in,79,84,8.100545197453353e-05,2.9863534313734203e-05,0.9772103648304028
of dollars,208,224,0.00021328,7.963609150329121e-05,0.9773380639836964
important td,56,59,5.742158620979592e-05,2.097557767274188e-05,0.9777537174690196
road to,57,60,5.8446971677827984e-05,2.1331095938381574e-05,0.9791045390217292
s sur,57,60,5.8446971677827984e-05,2.1331095938381574e-05,0.9791045390217292
find below,178,191,0.000182519,6.790398873718134e-05,0.9796020292505564
addresses from,82,87,8.408160837862974e-05,3.093008911065328e-05,0.9800620969269732
not working,301,324,0.000308641,0.000115188,0.9802047817740608
had received,132,141,0.000135351,5.01280754551967e-05,0.9808978081492072
right now,282,303,0.000289159,0.000107722,0.9816335387458341
and women,59,62,6.0497742613892126e-05,2.204213246966096e-05,0.9816760820220981
later i,59,62,6.0497742613892126e-05,2.204213246966096e-05,0.9816760820220981
Jun-22,336,361,0.00034453,0.000128342,0.9826172880438122
the complete,110,117,0.000112792,4.159563707984407e-05,0.9826239166036005
good luck,85,90,8.715776478272595e-05,3.199664390757236e-05,0.9827221344610744
keep your,148,158,0.000151757,5.617188597107148e-05,0.9827864724899454
lang enus,60,63,6.15231280819242e-05,2.2397650735300652e-05,0.9829009162054584
no shopping,60,63,6.15231280819242e-05,2.2397650735300652e-05,0.9829009162054584
sent you,60,63,6.15231280819242e-05,2.2397650735300652e-05,0.9829009162054584
ia e,60,63,6.15231280819242e-05,2.2397650735300652e-05,0.9829009162054584
to activate,136,145,0.000139452,5.155014851775547e-05,0.9831008862001942
of life,99,105,0.000101513,3.732941789216776e-05,0.9837735010706209
e e,112,119,0.000114843,4.2306673611123455e-05,0.9839305663806422
address with,189,202,0.000193798,7.181468965921797e-05,0.9840446560577919
name is,293,314,0.000300438,0.000111633,0.984431768
health and,373,400,0.000382469,0.000142207,0.9849649337393306
000 for,75,79,7.690391010240524e-05,2.808594298553574e-05,0.9852211469355586
by tomorrow,167,178,0.000171239,6.328225128386533e-05,0.9856016503764815
bank of,141,150,0.000144579,5.332773984595394e-05,0.9856863463801546
r i,141,150,0.000144579,5.332773984595394e-05,0.9856863463801546
email because,141,150,0.000144579,5.332773984595394e-05,0.9856863463801546
few minutes,259,277,0.000265575,9.847855958219494e-05,0.9857128761599339
to reset,128,136,0.000131249,4.835048412699823e-05,0.9857415035806314
company to,128,136,0.000131249,4.835048412699823e-05,0.9857415035806314
your order,313,335,0.000320946,0.000119099,0.9860695169390807
long distance,63,66,6.45992844860204e-05,2.346420553221973e-05,0.986353738
to remove,1084,1164,0.001111518,0.000413823,0.9865285035665219
a company,223,238,0.000228661,8.461334722224691e-05,0.9867629352073386
the guide,90,95,9.228469212288629e-05,3.377423523577082e-05,0.9867792770406305
important lineheight,104,110,0.00010664,3.910700922036622e-05,0.9872420371090742
software for,104,110,0.00010664,3.910700922036622e-05,0.9872420371090742
a 0,64,67,6.562466995405247e-05,2.3819723797859423e-05,0.9874362771825935
treat this,199,212,0.000204052,7.53698723156149e-05,0.9876739051731315
m or,132,140,0.000135351,4.977255718955701e-05,0.9878755804928349
represent the,51,53,5.2294658869635565e-05,1.8842468078903725e-05,0.9880116240676222
much easier,51,53,5.2294658869635565e-05,1.8842468078903725e-05,0.9880116240676222
you will,2006,2152,0.002056923,0.000765075,0.9881721438859407
on your,1029,1103,0.001055122,0.000392137,0.9882013995539884
a private,65,68,6.665005542208455e-05,2.4175242063499116e-05,0.9884871200720996
the industry,106,112,0.000108691,3.9818045751645606e-05,0.9885417606672515
your web,121,128,0.000124072,4.550633800188069e-05,0.9892981017584517
media maxwidth,52,54,5.3320044337667636e-05,1.9197986344543418e-05,0.9893103859566064
communication please,52,54,5.3320044337667636e-05,1.9197986344543418e-05,0.9893103859566064
your cooperation,52,54,5.3320044337667636e-05,1.9197986344543418e-05,0.9893103859566064
will expire,135,143,0.000138427,5.083911198647609e-05,0.9893965186617377
this message,1069,1144,0.001096137,0.000406713,0.9898961579120952
group from,167,177,0.000171239,6.292673301822564e-05,0.9911475827276077
with every,54,56,5.537081527373178e-05,1.9909022875822803e-05,0.9917707825354045
shopping livelo,54,56,5.537081527373178e-05,1.9909022875822803e-05,0.9917707825354045
an order,54,56,5.537081527373178e-05,1.9909022875822803e-05,0.9917707825354045
continue advertising,54,56,5.537081527373178e-05,1.9909022875822803e-05,0.9917707825354045
you here,140,148,0.000143554,5.261670331467455e-05,0.9917922531338803
and just,83,87,8.510699384666181e-05,3.093008911065328e-05,0.9920418399448118
just on,127,134,0.000130224,4.7639447595718846e-05,0.9924705588205844
t get,55,57,5.639620074176385e-05,2.0264541141462496e-05,0.9929371616055911
office by,172,182,0.000176366,6.47043243464241e-05,0.9930523455742363
convertidos em,56,58,5.742158620979592e-05,2.062005940710219e-05,0.9940638884272147
afin de,131,138,0.000134325,4.9061520658277624e-05,0.9944302979779253
just like,118,124,0.000120995,4.408426493932192e-05,0.9954507447854148
list you,73,76,7.485313916634111e-05,2.701938818861666e-05,0.9959023855820878
000 people,150,158,0.000153808,5.617188597107148e-05,0.9961222044427402
and encourage,336,356,0.00034453,0.000126565,0.9964559338487424
pls let,167,176,0.000171239,6.257121475258595e-05,0.9967244440540987
old one,167,176,0.000171239,6.257121475258595e-05,0.9967244440540987
with your,789,838,0.000809029,0.000297924,0.9968798290853879
for registering,137,144,0.000140478,5.119463025211578e-05,0.9971632579166952
clients and,344,364,0.000352733,0.000129409,0.9978682916792782
of 50,92,96,9.433546305895043e-05,3.4129753501410516e-05,0.9983534121829071
the app,269,284,0.000275829,0.000100967,0.9987478006875722
order report,173,182,0.000177392,6.47043243464241e-05,0.9988168728454062
le o,77,80,7.895468103846938e-05,2.8441461251175432e-05,0.9990560596209801
report 3,207,218,0.000212255,7.750298190945306e-05,0.9993510466722302
o p,337,356,0.000345555,0.000126565,0.9994191163412256
subscription if,78,81,7.998006650650145e-05,2.8796979516815125e-05,0.9997960019962773
et non,127,133,0.000130224,4.7283929330079154e-05,0.99980666
been disabled,127,133,0.000130224,4.7283929330079154e-05,0.99980666
pot merci,63,65,6.45992844860204e-05,2.3108687266580038e-05,1.0009925456285016
avec un,130,136,0.0001333,4.835048412699823e-05,1.001129352974092
email will,147,154,0.000150732,5.474981290851271e-05,1.001239536579134
and may,283,298,0.000290184,0.000105944,1.0016461932729295
you ever,98,102,0.000100488,3.626286309524868e-05,1.0019411532122287
laptop you,167,175,0.000171239,6.221569648694626e-05,1.0023325812656332
issue new,167,175,0.000171239,6.221569648694626e-05,1.0023325812656332
with our,287,302,0.000294286,0.000107367,1.0024239725444413
and receive,153,160,0.000156884,5.6882922502350864e-05,1.0034380450907612
could get,66,68,6.767544089011662e-05,2.4175242063499116e-05,1.0035305981197318
mail out,66,68,6.767544089011662e-05,2.4175242063499116e-05,1.0035305981197318
best regards,402,423,0.000412205,0.000150384,1.0041225861579124
en cas,261,274,0.000267626,9.741200478527585e-05,1.0041558187306923
read this,139,145,0.000142529,5.155014851775547e-05,1.0047662559886699
a hover,50,51,5.12692734016035e-05,1.813143154762434e-05,1.0050760785080841
Jun-21,501,527,0.000513718,0.000187358,1.0052743337601877
teams and,339,356,0.000347606,0.000126565,1.0053192693561295
40 de,51,52,5.2294658869635565e-05,1.8486949813264032e-05,1.0060911161427273
votre exp,51,52,5.2294658869635565e-05,1.8486949813264032e-05,1.0060911161427273
and home,51,52,5.2294658869635565e-05,1.8486949813264032e-05,1.0060911161427273
the 1,125,130,0.000128173,4.6217374533160075e-05,1.0063920824130796
ownership of,163,170,0.000167138,6.043810515874779e-05,1.006753819531145
viagra 0,71,73,7.280236823027697e-05,2.5952833391697583e-05,1.007302393976089
some technical,167,174,0.000171239,6.186017822130656e-05,1.007972347141404
current one,167,174,0.000171239,6.186017822130656e-05,1.007972347141404
for being,110,114,0.000112792,4.052908228292499e-05,1.0079817889596698
at it,72,74,7.382775369830904e-05,2.6308351657337276e-05,1.0079962779893699
not change,53,54,5.434542980569971e-05,1.9197986344543418e-05,1.0080111732184267
t come,168,175,0.000172265,6.221569648694626e-05,1.0082681888845604
cliquez sur,130,135,0.0001333,4.799496586135854e-05,1.0083593735668794
you decide,92,95,9.433546305895043e-05,3.377423523577082e-05,1.0085251158960216
to 6130,54,55,5.537081527373178e-05,1.955350461018311e-05,1.0089200978465842
a y,55,56,5.639620074176385e-05,1.9909022875822803e-05,1.009797329612509
exp rience,55,56,5.639620074176385e-05,1.9909022875822803e-05,1.009797329612509
the secret,56,57,5.742158620979592e-05,2.0264541141462496e-05,1.0106444980576093
take advantage,200,208,0.000205077,7.394779925305613e-05,1.0114584783371126
and put,57,58,5.8446971677827984e-05,2.062005940710219e-05,1.0114631228706887
de confidentialit,140,145,0.000143554,5.155014851775547e-05,1.0118849781325676
transaction is,58,59,5.9472357145860055e-05,2.097557767274188e-05,1.012254622993091
after this,59,60,6.0497742613892126e-05,2.1331095938381574e-05,1.0130203248328349
nbs p,60,61,6.15231280819242e-05,2.1686614204021267e-05,1.0137614696878499
aproveite a,60,61,6.15231280819242e-05,2.1686614204021267e-05,1.0137614696878499
unsubscribe at,125,129,0.000128173,4.586185626752038e-05,1.013949966441829
e r,366,381,0.000375291,0.000135452,1.0143867265066013
click the,388,404,0.00039785,0.000143629,1.0144098416243683
24 7,61,62,6.254851354995626e-05,2.204213246966096e-05,1.0144792204657729
confirmation de,127,131,0.000130224,4.657289279879977e-05,1.0146423194122938
doit tre,128,132,0.000131249,4.692841106443946e-05,1.0149806180304957
copying and,128,132,0.000131249,4.692841106443946e-05,1.0149806180304957
rie a,62,63,6.357389901798833e-05,2.2397650735300652e-05,1.0151746677768692
en cours,129,133,0.000132275,4.7283929330079154e-05,1.0153138229186216
code into,129,133,0.000132275,4.7283929330079154e-05,1.0153138229186216
offer to,107,110,0.000109716,3.910700922036622e-05,1.015419465069817
can collect,174,180,0.000178417,6.399328781514472e-05,1.0154291034312366
received from,130,134,0.0001333,4.7639447595718846e-05,1.0156420482788417
the 5,108,111,0.000110742,3.9462527486005913e-05,1.0158130377111718
a 2,131,135,0.000134325,4.799496586135854e-05,1.015965404924216
for 60,132,136,0.000135351,4.835048412699823e-05,1.0162840004035085
to opt,201,208,0.000206102,7.394779925305613e-05,1.0164218775024554
login please,64,65,6.562466995405247e-05,2.3108687266580038e-05,1.0165026856516512
you this,225,233,0.000230712,8.283575589404845e-05,1.0166344594932986
o w,88,90,9.023392118682215e-05,3.199664390757236e-05,1.017020914240484
thinking of,65,66,6.665005542208455e-05,2.346420553221973e-05,1.0171371232972866
and enter,65,66,6.665005542208455e-05,2.346420553221973e-05,1.0171371232972866
confirmer votre,138,142,0.000141503,5.0483593720836395e-05,1.0181012292333034
message was,211,218,0.000216356,7.750298190945306e-05,1.0184014876443057
computer and,116,119,0.000118945,4.2306673611123455e-05,1.0187241742843482
tabela promocional,92,94,9.433546305895043e-05,3.341871697013113e-05,1.018801347300763
work can,165,170,0.000169189,6.043810515874779e-05,1.0188769990992887
address thanks,68,69,6.972621182618076e-05,2.4530760329138812e-05,1.0189322387791222
clicking here,287,297,0.000294286,0.000105589,1.0189635106122235
today s,142,146,0.000145605,5.1905666783395166e-05,1.0192296419791582
old laptop,167,172,0.000171239,6.114914169002718e-05,1.0193482061527734
hours of,118,121,0.000120995,4.301771014240284e-05,1.0193919815468766
pin code,168,173,0.000172265,6.150465995566687e-05,1.0195797080822082
8 17,172,177,0.000176366,6.292673301822564e-05,1.0204794574897698
tanta que,72,73,7.382775369830904e-05,2.5952833391697583e-05,1.0211004279534035
x 1,73,74,7.485313916634111e-05,2.6308351657337276e-05,1.0216065145216562
orders for,335,346,0.000343504,0.000123009,1.021749361
l change,127,130,0.000130224,4.6217374533160075e-05,1.022143510044326
cours de,127,130,0.000130224,4.6217374533160075e-05,1.022143510044326
dossier de,127,130,0.000130224,4.6217374533160075e-05,1.022143510044326
en choisissant,127,130,0.000130224,4.6217374533160075e-05,1.022143510044326
est en,127,130,0.000130224,4.6217374533160075e-05,1.022143510044326
le centre,127,130,0.000130224,4.6217374533160075e-05,1.022143510044326
disponible en,127,130,0.000130224,4.6217374533160075e-05,1.022143510044326
de remboursement,127,130,0.000130224,4.6217374533160075e-05,1.022143510044326
ce titre,127,130,0.000130224,4.6217374533160075e-05,1.022143510044326
date et,127,130,0.000130224,4.6217374533160075e-05,1.022143510044326
la gare,127,130,0.000130224,4.6217374533160075e-05,1.022143510044326
un bon,127,130,0.000130224,4.6217374533160075e-05,1.022143510044326
11:00 PM,128,131,0.000131249,4.657289279879977e-05,1.0224259594770906
politique de,128,131,0.000131249,4.657289279879977e-05,1.0224259594770906
le bouton,129,132,0.000132275,4.692841106443946e-05,1.0227041406738313
follow us,347,358,0.000355809,0.000127276,1.0230193452061234
we ask,77,78,7.895468103846938e-05,2.7730424719896047e-05,1.0235033311085466
be treated,50,50,5.12692734016035e-05,1.7775913281984647e-05,1.023833851778076
dr layke,50,50,5.12692734016035e-05,1.7775913281984647e-05,1.023833851778076
are committed,356,367,0.000365037,0.000130475,1.0239167730847936
pour votre,134,137,0.000137402,4.8706002392637924e-05,1.0240342864061551
below to,644,665,0.000660348,0.00023642,1.024451305046125
hinweis wenn,51,51,5.2294658869635565e-05,1.813143154762434e-05,1.0245035040740822
nicht funktioniert,51,51,5.2294658869635565e-05,1.813143154762434e-05,1.0245035040740822
mint your,51,51,5.2294658869635565e-05,1.813143154762434e-05,1.0245035040740822
o prime,51,51,5.2294658869635565e-05,1.813143154762434e-05,1.0245035040740822
der link,51,51,5.2294658869635565e-05,1.813143154762434e-05,1.0245035040740822
r pondez,51,51,5.2294658869635565e-05,1.813143154762434e-05,1.0245035040740822
verschieben sie,51,51,5.2294658869635565e-05,1.813143154762434e-05,1.0245035040740822
funktioniert verschieben,51,51,5.2294658869635565e-05,1.813143154762434e-05,1.0245035040740822
security we,137,140,0.000140478,4.977255718955701e-05,1.024786882967591
serve to,337,347,0.000345555,0.000123365,1.0248217664650237
tomorrow as,167,171,0.000171239,6.0793623424387484e-05,1.0250850354119183
laptop from,167,171,0.000171239,6.0793623424387484e-05,1.0250850354119183
this laptop,167,171,0.000171239,6.0793623424387484e-05,1.0250850354119183
of 15,52,52,5.3320044337667636e-05,1.8486949813264032e-05,1.0251482982981193
sie ihn,52,52,5.3320044337667636e-05,1.8486949813264032e-05,1.0251482982981193
your laptop,168,172,0.000172265,6.114914169002718e-05,1.0252838137717009
da cidad,53,53,5.434542980569971e-05,1.8842468078903725e-05,1.0257695934848345
lottery tickets,53,53,5.434542980569971e-05,1.8842468078903725e-05,1.0257695934848345
cidad e,53,53,5.434542980569971e-05,1.8842468078903725e-05,1.0257695934848345
duran te,53,53,5.434542980569971e-05,1.8842468078903725e-05,1.0257695934848345
50 000,348,358,0.000356834,0.000127276,1.025888991490405
class xmsonormal,54,54,5.537081527373178e-05,1.9197986344543418e-05,1.0263686513654435
4 adesco,54,54,5.537081527373178e-05,1.9197986344543418e-05,1.0263686513654435
now is,84,85,8.613237931469388e-05,3.0219052579373896e-05,1.0263999954765315
l quipe,144,147,0.000147656,5.226118504903486e-05,1.0264237677782793
telephone and,85,86,8.715776478272595e-05,3.057457084501359e-05,1.0267759144479136
confirm your,237,243,0.000243016,8.639093855044537e-05,1.0268436561463596
prefe ria,55,55,5.639620074176385e-05,1.955350461018311e-05,1.0269466449236884
eu prefe,55,55,5.639620074176385e-05,1.955350461018311e-05,1.0269466449236884
p span,86,87,8.818315025075802e-05,3.093008911065328e-05,1.0271433256726712
votre r,148,151,0.000151757,5.368325811159363e-05,1.0272911508957576
to 500,56,56,5.742158620979592e-05,1.9909022875822803e-05,1.0275046660645268
and never,56,56,5.742158620979592e-05,1.9909022875822803e-05,1.0275046660645268
sur please,56,56,5.742158620979592e-05,1.9909022875822803e-05,1.0275046660645268
muito tranq,56,56,5.742158620979592e-05,1.9909022875822803e-05,1.0275046660645268
the communities,336,345,0.00034453,0.000122654,1.0275923343050433
rugin do,57,57,5.8446971677827984e-05,2.0264541141462496e-05,1.0280437325010832
o rugin,57,57,5.8446971677827984e-05,2.0264541141462496e-05,1.0280437325010832
important height,57,57,5.8446971677827984e-05,2.0264541141462496e-05,1.0280437325010832
blockquote blockquote,57,57,5.8446971677827984e-05,2.0264541141462496e-05,1.0280437325010832
a month,152,155,0.000155859,5.51053311741524e-05,1.0281138682541926
the facts,89,90,9.125930665485422e-05,3.199664390757236e-05,1.0281973064553702
r clamer,58,58,5.9472357145860055e-05,2.062005940710219e-05,1.0285647939512863
ntar um,58,58,5.9472357145860055e-05,2.062005940710219e-05,1.0285647939512863
enfre ntar,58,58,5.9472357145860055e-05,2.062005940710219e-05,1.0285647939512863
your illuvials,58,58,5.9472357145860055e-05,2.062005940710219e-05,1.0285647939512863
pontos disponiveis,58,58,5.9472357145860055e-05,2.062005940710219e-05,1.0285647939512863
can build,510,524,0.000522947,0.000186292,1.0287231423469447
20 of,59,59,6.0497742613892126e-05,2.097557767274188e-05,1.0290687377235992
vegas nv,126,128,0.000129199,4.550633800188069e-05,1.0294721342950457
span lang,60,60,6.15231280819242e-05,2.1331095938381574e-05,1.0295563937609764
Nov-23,60,60,6.15231280819242e-05,2.1331095938381574e-05,1.0295563937609764
conditions g,127,129,0.000130224,4.586185626752038e-05,1.0297013940730755
n rales,127,129,0.000130224,4.586185626752038e-05,1.0297013940730755
possibilit s,127,129,0.000130224,4.586185626752038e-05,1.0297013940730755
your verification,127,129,0.000130224,4.586185626752038e-05,1.0297013940730755
password that,127,129,0.000130224,4.586185626752038e-05,1.0297013940730755
m 11,127,129,0.000130224,4.586185626752038e-05,1.0297013940730755
du voyage,127,129,0.000130224,4.586185626752038e-05,1.0297013940730755
screen in,127,129,0.000130224,4.586185626752038e-05,1.0297013940730755
a account,127,129,0.000130224,4.586185626752038e-05,1.0297013940730755
bon voyage,127,129,0.000130224,4.586185626752038e-05,1.0297013940730755
youre having,127,129,0.000130224,4.586185626752038e-05,1.0297013940730755
merci pour,127,129,0.000130224,4.586185626752038e-05,1.0297013940730755
verification code,261,267,0.000267626,9.4923376925798e-05,1.029768899449897
not register,128,130,0.000131249,4.6217374533160075e-05,1.0299271501091225
one time,128,130,0.000131249,4.6217374533160075e-05,1.0299271501091225
all orders,95,96,9.741161946304665e-05,3.4129753501410516e-05,1.0301104315623884
mais il,129,131,0.000132275,4.657289279879977e-05,1.0301494821204262
your favorite,62,62,6.357389901798833e-05,2.204213246966096e-05,1.0304859025216506
les r,132,134,0.000135351,4.7639447595718846e-05,1.0307966957082584
from in,132,134,0.000135351,4.7639447595718846e-05,1.0307966957082584
9 41,167,170,0.000171239,6.043810515874779e-05,1.0308549658682353
with mobile,167,170,0.000171239,6.043810515874779e-05,1.0308549658682353
him thanks,167,170,0.000171239,6.043810515874779e-05,1.0308549658682353
0100 copyright,63,63,6.45992844860204e-05,2.2397650735300652e-05,1.0309291672689356
0100 vous,63,63,6.45992844860204e-05,2.2397650735300652e-05,1.0309291672689356
pot copy,63,63,6.45992844860204e-05,2.2397650735300652e-05,1.0309291672689356
barre phishing,63,63,6.45992844860204e-05,2.2397650735300652e-05,1.0309291672689356
the income,63,63,6.45992844860204e-05,2.2397650735300652e-05,1.0309291672689356
0200 08h32,63,63,6.45992844860204e-05,2.2397650735300652e-05,1.0309291672689356
c 2023,133,135,0.000136376,4.799496586135854e-05,1.0310060821089124
bar this,64,64,6.562466995405247e-05,2.2753169000940345e-05,1.0313589754904253
us le,64,64,6.562466995405247e-05,2.2753169000940345e-05,1.0313589754904253
team button,64,64,6.562466995405247e-05,2.2753169000940345e-05,1.0313589754904253
subscription votre,64,64,6.562466995405247e-05,2.2753169000940345e-05,1.0313589754904253
asma foi,64,64,6.562466995405247e-05,2.2753169000940345e-05,1.0313589754904253
bar oui,64,64,6.562466995405247e-05,2.2753169000940345e-05,1.0313589754904253
sur gracias,64,64,6.562466995405247e-05,2.2753169000940345e-05,1.0313589754904253
address l,64,64,6.562466995405247e-05,2.2753169000940345e-05,1.0313589754904253
potp nous,64,64,6.562466995405247e-05,2.2753169000940345e-05,1.0313589754904253
0100 08h32,64,64,6.562466995405247e-05,2.2753169000940345e-05,1.0313589754904253
voyage le,64,64,6.562466995405247e-05,2.2753169000940345e-05,1.0313589754904253
inscriptionfacile en,64,64,6.562466995405247e-05,2.2753169000940345e-05,1.0313589754904253
disabled activation,64,64,6.562466995405247e-05,2.2753169000940345e-05,1.0313589754904253
confiance welcome,64,64,6.562466995405247e-05,2.2753169000940345e-05,1.0313589754904253
cidessus conditions,64,64,6.562466995405247e-05,2.2753169000940345e-05,1.0313589754904253
l bonjour,64,64,6.562466995405247e-05,2.2753169000940345e-05,1.0313589754904253
oui your,64,64,6.562466995405247e-05,2.2753169000940345e-05,1.0313589754904253
a asma,64,64,6.562466995405247e-05,2.2753169000940345e-05,1.0313589754904253
code thank,64,64,6.562466995405247e-05,2.2753169000940345e-05,1.0313589754904253
23176ii7g15519 verify,64,64,6.562466995405247e-05,2.2753169000940345e-05,1.0313589754904253
time unsubscribe,100,101,0.000102539,3.5907344829608986e-05,1.0315333981385868
registration votre,65,65,6.665005542208455e-05,2.3108687266580038e-05,1.0317759308270722
search engine,65,65,6.665005542208455e-05,2.3108687266580038e-05,1.0317759308270722
suivantes votre,65,65,6.665005542208455e-05,2.3108687266580038e-05,1.0317759308270722
com le,65,65,6.665005542208455e-05,2.3108687266580038e-05,1.0317759308270722
au2255 click,65,65,6.665005542208455e-05,2.3108687266580038e-05,1.0317759308270722
6la le,66,66,6.767544089011662e-05,2.346420553221973e-05,1.0321806013449188
internet connection,67,67,6.870082635814869e-05,2.3819723797859423e-05,1.0325735221179086
besoin votre,67,67,6.870082635814869e-05,2.3819723797859423e-05,1.0325735221179086
xxdzebzejze xxdzebzejze,67,67,6.870082635814869e-05,2.3819723797859423e-05,1.0325735221179086
passeport please,67,67,6.870082635814869e-05,2.3819723797859423e-05,1.0325735221179086
and click,215,219,0.000220458,7.785850017509275e-05,1.0325772842034686
valable please,68,68,6.972621182618076e-05,2.4175242063499116e-05,1.032955197588886
pot pour,68,68,6.972621182618076e-05,2.4175242063499116e-05,1.032955197588886
policies for,335,342,0.000343504,0.000121587,1.0332830883181137
fontfamily verdana,69,69,7.075159729421283e-05,2.4530760329138812e-05,1.0333261037306907
this one,260,265,0.0002666,9.421234039451861e-05,1.0333845972960483
i decided,146,148,0.000149706,5.261670331467455e-05,1.0334721173615995
has expired,147,149,0.000150732,5.2972221580314244e-05,1.0336440919845864
on voyager,70,70,7.17769827622449e-05,2.4886278594778505e-05,1.0336866900268298
eine nachricht,70,70,7.17769827622449e-05,2.4886278594778505e-05,1.0336866900268298
verify verify,70,70,7.17769827622449e-05,2.4886278594778505e-05,1.0336866900268298
it now,109,110,0.000111767,3.910700922036622e-05,1.0337727725300623
media screen,149,151,0.000152782,5.368325811159363e-05,1.033981246925769
de votre,778,796,0.00079775,0.000282993,1.0340999048747512
um le,72,72,7.382775369830904e-05,2.559731512605789e-05,1.034378579327268
caras da,72,72,7.382775369830904e-05,2.559731512605789e-05,1.034378579327268
era tanta,72,72,7.382775369830904e-05,2.559731512605789e-05,1.034378579327268
dos caras,72,72,7.382775369830904e-05,2.559731512605789e-05,1.034378579327268
warm regards,519,530,0.000532175,0.000188425,1.034858326436103
round rock,116,117,0.000118945,4.159563707984407e-05,1.035279090320619
clicking click,76,76,7.792929557043731e-05,2.701938818861666e-05,1.035655753082359
up of,76,76,7.792929557043731e-05,2.701938818861666e-05,1.035655753082359
on from,498,508,0.000510642,0.000180603,1.035800568
here 110,77,77,7.895468103846938e-05,2.7374906454256354e-05,1.0359548081105185
Jun-22,334,340,0.000342479,0.000120876,1.036119375790646
pot nous,78,78,7.998006650650145e-05,2.7730424719896047e-05,1.0362463758425715
name thanks,166,168,0.000170214,5.9727068627468406e-05,1.0365246243785036
come tomorrow,167,169,0.000171239,6.00825868931081e-05,1.0366583817238875
hours voyager,80,80,8.20308374425656e-05,2.8441461251175432e-05,1.036808146727615
to office,169,171,0.00017329,6.0793623424387484e-05,1.036921227
to enter,125,126,0.000128173,4.4795301470601304e-05,1.0369725139073516
prime iro,81,81,8.305622291059767e-05,2.8796979516815125e-05,1.0370788654344933
which could,126,127,0.000129199,4.5150819736241e-05,1.037146015492715
de compte,127,128,0.000130224,4.550633800188069e-05,1.0373168349972217
couple other,127,128,0.000130224,4.550633800188069e-05,1.0373168349972217
conditions dutilisation,127,128,0.000130224,4.550633800188069e-05,1.0373168349972217
tre activ,127,128,0.000130224,4.550633800188069e-05,1.0373168349972217
lint r,127,128,0.000130224,4.550633800188069e-05,1.0373168349972217
consid r,127,128,0.000130224,4.550633800188069e-05,1.0373168349972217
our password,127,128,0.000130224,4.550633800188069e-05,1.0373168349972217
lune des,127,128,0.000130224,4.550633800188069e-05,1.0373168349972217
une pi,127,128,0.000130224,4.550633800188069e-05,1.0373168349972217
de lint,127,128,0.000130224,4.550633800188069e-05,1.0373168349972217
ce jointe,127,128,0.000130224,4.550633800188069e-05,1.0373168349972217
strengthening our,127,128,0.000130224,4.550633800188069e-05,1.0373168349972217
la confirmation,127,128,0.000130224,4.550633800188069e-05,1.0373168349972217
expire within,127,128,0.000130224,4.550633800188069e-05,1.0373168349972217
jusqu la,127,128,0.000130224,4.550633800188069e-05,1.0373168349972217
login screen,128,129,0.000131249,4.586185626752038e-05,1.037485034137872
recent account,128,129,0.000131249,4.586185626752038e-05,1.037485034137872
votre inscription,128,129,0.000131249,4.586185626752038e-05,1.037485034137872
t que,128,129,0.000131249,4.586185626752038e-05,1.037485034137872
pasting the,128,129,0.000131249,4.586185626752038e-05,1.037485034137872
fes click,83,83,8.510699384666181e-05,2.950801604809451e-05,1.037601167149514
instructions to,84,84,8.613237931469388e-05,2.9863534313734203e-05,1.037853196
et vous,134,135,0.000137402,4.799496586135854e-05,1.0384424293945422
your old,182,184,0.00018662,6.541536087770349e-05,1.038491099557187
url into,137,138,0.000140478,4.9061520658277624e-05,1.0388902165247618
que l,137,138,0.000140478,4.9061520658277624e-05,1.0388902165247618
consulting inc,334,339,0.000342479,0.000120521,1.039040683
uniquement phishing,91,91,9.331007759091836e-05,3.235216217321205e-05,1.0394654482374739
address bonjour,92,92,9.433546305895043e-05,3.2707680438851745e-05,1.0396761440923892
and safety,348,353,0.000356834,0.000125498,1.0398435061110805
concern votre,93,93,9.53608485269825e-05,3.306319870449144e-05,1.0398823988703578
you nous,93,93,9.53608485269825e-05,3.306319870449144e-05,1.0398823988703578
quipe le,93,93,9.53608485269825e-05,3.306319870449144e-05,1.0398823988703578
thanks regards,504,512,0.000516794,0.000182025,1.0399533337726774
ugd4ae this,94,94,9.638623399501458e-05,3.341871697013113e-05,1.0400843515256972
private fotos,96,96,9.843700493107872e-05,3.4129753501410516e-05,1.040475877892736
alt siehe,96,96,9.843700493107872e-05,3.4129753501410516e-05,1.040475877892736
siehe private,96,96,9.843700493107872e-05,3.4129753501410516e-05,1.040475877892736
jahr alt,96,96,9.843700493107872e-05,3.4129753501410516e-05,1.040475877892736
vous remercions,255,258,0.000261473,9.172371253504077e-05,1.0405251025268578
remercions de,255,258,0.000261473,9.172371253504077e-05,1.0405251025268578
pour toute,256,259,0.000262499,9.207923080068046e-05,1.0405972832354948
reset your,258,261,0.000264549,9.279026733195984e-05,1.040739987684571
r e,315,319,0.000322996,0.00011341,1.0409411302791478
i s,211,213,0.000216356,7.572539058125459e-05,1.0413054066612828
important wrapper,101,101,0.000103564,3.5907344829608986e-05,1.0413880982935118
email lists,101,101,0.000103564,3.5907344829608986e-05,1.0413880982935118
maxwidth 650px,106,106,0.000108691,3.768493615780745e-05,1.0422157644356205
shortly regards,167,168,0.000171239,5.9727068627468406e-05,1.0424956739091953
on priority,167,168,0.000171239,5.9727068627468406e-05,1.0424956739091953
some function,167,168,0.000171239,5.9727068627468406e-05,1.0424956739091953
6 41,167,168,0.000171239,5.9727068627468406e-05,1.0424956739091953
done also,168,169,0.000172265,6.00825868931081e-05,1.0425939893428147
5 34,168,169,0.000172265,6.00825868931081e-05,1.0425939893428147
5 33,169,170,0.00017329,6.043810515874779e-05,1.042691157452727
company that,115,115,0.000117919,4.0884600548564684e-05,1.0435271234836527
tx 78681,116,116,0.000118945,4.124011881420438e-05,1.043660470154641
rock tx,116,116,0.000118945,4.124011881420438e-05,1.043660470154641
n interstate,116,116,0.000118945,4.124011881420438e-05,1.043660470154641
Sep-23,116,116,0.000118945,4.124011881420438e-05,1.043660470154641
110 n,116,116,0.000118945,4.124011881420438e-05,1.043660470154641
interstate 35,116,116,0.000118945,4.124011881420438e-05,1.043660470154641
35 round,116,116,0.000118945,4.124011881420438e-05,1.043660470154641
our email,53,52,5.434542980569971e-05,1.8486949813264032e-05,1.0438490855599396
your complete,186,187,0.000190722,6.648191567462257e-05,1.0441851799326818
this amazing,55,54,5.639620074176385e-05,1.9197986344543418e-05,1.044395198442548
Oct-23,123,123,0.000126122,4.3728746673682226e-05,1.0445341034764049
signing up,56,55,5.742158620979592e-05,1.955350461018311e-05,1.0446539813757065
can keep,56,55,5.742158620979592e-05,1.955350461018311e-05,1.0446539813757065
address bar,263,265,0.000269676,9.421234039451861e-05,1.0448143711123212
arphishing pot,126,126,0.000129199,4.4795301470601304e-05,1.0448792408364218
easy 6la,126,126,0.000129199,4.4795301470601304e-05,1.0448792408364218
de economia,57,56,5.8446971677827984e-05,1.9909022875822803e-05,1.044903900508001
shares in,57,56,5.8446971677827984e-05,1.9909022875822803e-05,1.044903900508001
s cidessus,127,127,0.000130224,4.5150819736241e-05,1.044990716194891
didentit officielle,127,127,0.000130224,4.5150819736241e-05,1.044990716194891
billet lectronique,127,127,0.000130224,4.5150819736241e-05,1.044990716194891
une commande,127,127,0.000130224,4.5150819736241e-05,1.044990716194891
meknes fes,127,127,0.000130224,4.5150819736241e-05,1.044990716194891
dutilisation politique,127,127,0.000130224,4.5150819736241e-05,1.044990716194891
dutilisation du,127,127,0.000130224,4.5150819736241e-05,1.044990716194891
du tarif,127,127,0.000130224,4.5150819736241e-05,1.044990716194891
site ce,127,127,0.000130224,4.5150819736241e-05,1.044990716194891
monday sunday,127,127,0.000130224,4.5150819736241e-05,1.044990716194891
devez obligatoirement,127,127,0.000130224,4.5150819736241e-05,1.044990716194891
trouble try,127,127,0.000130224,4.5150819736241e-05,1.044990716194891
tre conserv,127,127,0.000130224,4.5150819736241e-05,1.044990716194891
darriv e,127,127,0.000130224,4.5150819736241e-05,1.044990716194891
d sign,127,127,0.000130224,4.5150819736241e-05,1.044990716194891
carte didentit,127,127,0.000130224,4.5150819736241e-05,1.044990716194891
beside when,127,127,0.000130224,4.5150819736241e-05,1.044990716194891
endommag s,127,127,0.000130224,4.5150819736241e-05,1.044990716194891
encore tre,127,127,0.000130224,4.5150819736241e-05,1.044990716194891
en remercions,127,127,0.000130224,4.5150819736241e-05,1.044990716194891
en pi,127,127,0.000130224,4.5150819736241e-05,1.044990716194891
en gare,127,127,0.000130224,4.5150819736241e-05,1.044990716194891
bonne qualit,127,127,0.000130224,4.5150819736241e-05,1.044990716194891
mail avec,127,127,0.000130224,4.5150819736241e-05,1.044990716194891
blanc les,127,127,0.000130224,4.5150819736241e-05,1.044990716194891
votre ebillet,127,127,0.000130224,4.5150819736241e-05,1.044990716194891
button not,127,127,0.000130224,4.5150819736241e-05,1.044990716194891
conserver toutes,127,127,0.000130224,4.5150819736241e-05,1.044990716194891
conserv jusqu,127,127,0.000130224,4.5150819736241e-05,1.044990716194891
conseillons d,127,127,0.000130224,4.5150819736241e-05,1.044990716194891
remercions nous,127,127,0.000130224,4.5150819736241e-05,1.044990716194891
un code,127,127,0.000130224,4.5150819736241e-05,1.044990716194891
capitulatif du,127,127,0.000130224,4.5150819736241e-05,1.044990716194891
vente et,127,127,0.000130224,4.5150819736241e-05,1.044990716194891
imprimer afin,127,127,0.000130224,4.5150819736241e-05,1.044990716194891
imprim s,127,127,0.000130224,4.5150819736241e-05,1.044990716194891
imprim en,127,127,0.000130224,4.5150819736241e-05,1.044990716194891
image beside,127,127,0.000130224,4.5150819736241e-05,1.044990716194891
illisibles ou,127,127,0.000130224,4.5150819736241e-05,1.044990716194891
toute r,127,127,0.000130224,4.5150819736241e-05,1.044990716194891
toute information,127,127,0.000130224,4.5150819736241e-05,1.044990716194891
il doit,127,127,0.000130224,4.5150819736241e-05,1.044990716194891
validit avec,127,127,0.000130224,4.5150819736241e-05,1.044990716194891
valable uniquement,127,127,0.000130224,4.5150819736241e-05,1.044990716194891
officielle en,127,127,0.000130224,4.5150819736241e-05,1.044990716194891
utility customer,127,127,0.000130224,4.5150819736241e-05,1.044990716194891
des contr,127,127,0.000130224,4.5150819736241e-05,1.044990716194891
en bonne,127,127,0.000130224,4.5150819736241e-05,1.044990716194891
des conditions,127,127,0.000130224,4.5150819736241e-05,1.044990716194891
s suivantes,127,127,0.000130224,4.5150819736241e-05,1.044990716194891
s souill,127,127,0.000130224,4.5150819736241e-05,1.044990716194891
de dossier,127,127,0.000130224,4.5150819736241e-05,1.044990716194891
envoyer votre,127,127,0.000130224,4.5150819736241e-05,1.044990716194891
tarif concern,127,127,0.000130224,4.5150819736241e-05,1.044990716194891
vous souhaitons,127,127,0.000130224,4.5150819736241e-05,1.044990716194891
vous portez,127,127,0.000130224,4.5150819736241e-05,1.044990716194891
rales de,127,127,0.000130224,4.5150819736241e-05,1.044990716194891
vous en,127,127,0.000130224,4.5150819736241e-05,1.044990716194891
f rences,127,127,0.000130224,4.5150819736241e-05,1.044990716194891
vous conseillons,127,127,0.000130224,4.5150819736241e-05,1.044990716194891
compte sur,127,127,0.000130224,4.5150819736241e-05,1.044990716194891
suscribirte thanks,127,127,0.000130224,4.5150819736241e-05,1.044990716194891
sur papier,127,127,0.000130224,4.5150819736241e-05,1.044990716194891
sur inscriptionfacile,127,127,0.000130224,4.5150819736241e-05,1.044990716194891
sunday from,127,127,0.000130224,4.5150819736241e-05,1.044990716194891
veuillezcontacter le,127,127,0.000130224,4.5150819736241e-05,1.044990716194891
veuillez envoyer,127,127,0.000130224,4.5150819736241e-05,1.044990716194891
information veuillezcontacter,127,127,0.000130224,4.5150819736241e-05,1.044990716194891
voyager en,127,127,0.000130224,4.5150819736241e-05,1.044990716194891
voyage ugd4ae,127,127,0.000130224,4.5150819736241e-05,1.044990716194891
voyage en,127,127,0.000130224,4.5150819736241e-05,1.044990716194891
actuellement disponible,127,127,0.000130224,4.5150819736241e-05,1.044990716194891
activation de,127,127,0.000130224,4.5150819736241e-05,1.044990716194891
including confirmation,127,127,0.000130224,4.5150819736241e-05,1.044990716194891
votre voyage,127,127,0.000130224,4.5150819736241e-05,1.044990716194891
votre subscription,127,127,0.000130224,4.5150819736241e-05,1.044990716194891
votre smartphone,127,127,0.000130224,4.5150819736241e-05,1.044990716194891
votre billet,127,127,0.000130224,4.5150819736241e-05,1.044990716194891
voyage du,127,127,0.000130224,4.5150819736241e-05,1.044990716194891
app see,127,127,0.000130224,4.5150819736241e-05,1.044990716194891
contr les,127,127,0.000130224,4.5150819736241e-05,1.044990716194891
pr senter,127,127,0.000130224,4.5150819736241e-05,1.044990716194891
compte a,127,127,0.000130224,4.5150819736241e-05,1.044990716194891
papier a4,127,127,0.000130224,4.5150819736241e-05,1.044990716194891
des billets,127,127,0.000130224,4.5150819736241e-05,1.044990716194891
green button,127,127,0.000130224,4.5150819736241e-05,1.044990716194891
ou passeport,127,127,0.000130224,4.5150819736241e-05,1.044990716194891
accept s,127,127,0.000130224,4.5150819736241e-05,1.044990716194891
activ l,127,127,0.000130224,4.5150819736241e-05,1.044990716194891
achet s,127,127,0.000130224,4.5150819736241e-05,1.044990716194891
est actuellement,127,127,0.000130224,4.5150819736241e-05,1.044990716194891
obligatoirement pr,127,127,0.000130224,4.5150819736241e-05,1.044990716194891
inscription la,127,127,0.000130224,4.5150819736241e-05,1.044990716194891
to parchment,127,127,0.000130224,4.5150819736241e-05,1.044990716194891
partiellement imprim,127,127,0.000130224,4.5150819736241e-05,1.044990716194891
parchment we,127,127,0.000130224,4.5150819736241e-05,1.044990716194891
parchment team,127,127,0.000130224,4.5150819736241e-05,1.044990716194891
asking there,127,127,0.000130224,4.5150819736241e-05,1.044990716194891
de nonrespect,127,127,0.000130224,4.5150819736241e-05,1.044990716194891
de vente,127,127,0.000130224,4.5150819736241e-05,1.044990716194891
de validit,127,127,0.000130224,4.5150819736241e-05,1.044990716194891
de transaction,127,127,0.000130224,4.5150819736241e-05,1.044990716194891
a4 blanc,127,127,0.000130224,4.5150819736241e-05,1.044990716194891
ce didentit,127,127,0.000130224,4.5150819736241e-05,1.044990716194891
choisissant lune,127,127,0.000130224,4.5150819736241e-05,1.044990716194891
change est,127,127,0.000130224,4.5150819736241e-05,1.044990716194891
cessible lors,127,127,0.000130224,4.5150819736241e-05,1.044990716194891
clamation veuillez,127,127,0.000130224,4.5150819736241e-05,1.044990716194891
contact utility,127,127,0.000130224,4.5150819736241e-05,1.044990716194891
jointe que,127,127,0.000130224,4.5150819736241e-05,1.044990716194891
ou avec,127,127,0.000130224,4.5150819736241e-05,1.044990716194891
subscribing merci,127,127,0.000130224,4.5150819736241e-05,1.044990716194891
transaction 23176ii7g15519,127,127,0.000130224,4.5150819736241e-05,1.044990716194891
de voyager,127,127,0.000130224,4.5150819736241e-05,1.044990716194891
de voyage,127,127,0.000130224,4.5150819736241e-05,1.044990716194891
an com,127,127,0.000130224,4.5150819736241e-05,1.044990716194891
an autogenerated,127,127,0.000130224,4.5150819736241e-05,1.044990716194891
d imprimer,127,127,0.000130224,4.5150819736241e-05,1.044990716194891
suivant les,127,127,0.000130224,4.5150819736241e-05,1.044990716194891
de relation,127,127,0.000130224,4.5150819736241e-05,1.044990716194891
are strengthening,127,127,0.000130224,4.5150819736241e-05,1.044990716194891
try copying,127,127,0.000130224,4.5150819736241e-05,1.044990716194891
confiance et,127,127,0.000130224,4.5150819736241e-05,1.044990716194891
08h32 et,127,127,0.000130224,4.5150819736241e-05,1.044990716194891
registering click,127,127,0.000130224,4.5150819736241e-05,1.044990716194891
sign s,127,127,0.000130224,4.5150819736241e-05,1.044990716194891
pas accept,127,127,0.000130224,4.5150819736241e-05,1.044990716194891
doit encore,127,127,0.000130224,4.5150819736241e-05,1.044990716194891
at 850,127,127,0.000130224,4.5150819736241e-05,1.044990716194891
avec son,127,127,0.000130224,4.5150819736241e-05,1.044990716194891
avec photo,127,127,0.000130224,4.5150819736241e-05,1.044990716194891
didentit ou,127,127,0.000130224,4.5150819736241e-05,1.044990716194891
notre contenu,127,127,0.000130224,4.5150819736241e-05,1.044990716194891
a forgot,127,127,0.000130224,4.5150819736241e-05,1.044990716194891
when login,127,127,0.000130224,4.5150819736241e-05,1.044990716194891
password reset,127,127,0.000130224,4.5150819736241e-05,1.044990716194891
password requirements,127,127,0.000130224,4.5150819736241e-05,1.044990716194891
rences de,127,127,0.000130224,4.5150819736241e-05,1.044990716194891
reset message,127,127,0.000130224,4.5150819736241e-05,1.044990716194891
est valable,127,127,0.000130224,4.5150819736241e-05,1.044990716194891
est remboursable,127,127,0.000130224,4.5150819736241e-05,1.044990716194891
est nominatif,127,127,0.000130224,4.5150819736241e-05,1.044990716194891
cr mais,127,127,0.000130224,4.5150819736241e-05,1.044990716194891
autogenerated email,127,127,0.000130224,4.5150819736241e-05,1.044990716194891
non valable,127,127,0.000130224,4.5150819736241e-05,1.044990716194891
non cessible,127,127,0.000130224,4.5150819736241e-05,1.044990716194891
nominatif et,127,127,0.000130224,4.5150819736241e-05,1.044990716194891
891 4you,127,127,0.000130224,4.5150819736241e-05,1.044990716194891
850 891,127,127,0.000130224,4.5150819736241e-05,1.044990716194891
client oncf,127,127,0.000130224,4.5150819736241e-05,1.044990716194891
the parchment,127,127,0.000130224,4.5150819736241e-05,1.044990716194891
confirm ownership,127,127,0.000130224,4.5150819736241e-05,1.044990716194891
confidentialit des,127,127,0.000130224,4.5150819736241e-05,1.044990716194891
gare uniquement,127,127,0.000130224,4.5150819736241e-05,1.044990716194891
gare darriv,127,127,0.000130224,4.5150819736241e-05,1.044990716194891
avez effectu,127,127,0.000130224,4.5150819736241e-05,1.044990716194891
photo carte,127,127,0.000130224,4.5150819736241e-05,1.044990716194891
permet de,127,127,0.000130224,4.5150819736241e-05,1.044990716194891
barre pli,127,127,0.000130224,4.5150819736241e-05,1.044990716194891
nonrespect des,127,127,0.000130224,4.5150819736241e-05,1.044990716194891
email associated,127,127,0.000130224,4.5150819736241e-05,1.044990716194891
client area,127,127,0.000130224,4.5150819736241e-05,1.044990716194891
click continue,127,127,0.000130224,4.5150819736241e-05,1.044990716194891
et dutilisation,127,127,0.000130224,4.5150819736241e-05,1.044990716194891
de conserver,127,127,0.000130224,4.5150819736241e-05,1.044990716194891
de billet,127,127,0.000130224,4.5150819736241e-05,1.044990716194891
de besoin,127,127,0.000130224,4.5150819736241e-05,1.044990716194891
oncf tous,127,127,0.000130224,4.5150819736241e-05,1.044990716194891
oncf au2255,127,127,0.000130224,4.5150819736241e-05,1.044990716194891
trajet le,127,127,0.000130224,4.5150819736241e-05,1.044990716194891
train la,127,127,0.000130224,4.5150819736241e-05,1.044990716194891
s illisibles,127,127,0.000130224,4.5150819736241e-05,1.044990716194891
s endommag,127,127,0.000130224,4.5150819736241e-05,1.044990716194891
remboursement du,127,127,0.000130224,4.5150819736241e-05,1.044990716194891
remboursable suivant,127,127,0.000130224,4.5150819736241e-05,1.044990716194891
relation client,127,127,0.000130224,4.5150819736241e-05,1.044990716194891
effectu une,127,127,0.000130224,4.5150819736241e-05,1.044990716194891
souill s,127,127,0.000130224,4.5150819736241e-05,1.044990716194891
souhaitons un,127,127,0.000130224,4.5150819736241e-05,1.044990716194891
son code,127,127,0.000130224,4.5150819736241e-05,1.044990716194891
ebillet vous,127,127,0.000130224,4.5150819736241e-05,1.044990716194891
ebillet imprim,127,127,0.000130224,4.5150819736241e-05,1.044990716194891
r comme,127,127,0.000130224,4.5150819736241e-05,1.044990716194891
r clamation,127,127,0.000130224,4.5150819736241e-05,1.044990716194891
r capitulatif,127,127,0.000130224,4.5150819736241e-05,1.044990716194891
comme non,127,127,0.000130224,4.5150819736241e-05,1.044990716194891
newsletter easy,127,127,0.000130224,4.5150819736241e-05,1.044990716194891
forgot password,127,127,0.000130224,4.5150819736241e-05,1.044990716194891
bouton pour,127,127,0.000130224,4.5150819736241e-05,1.044990716194891
commande le,127,127,0.000130224,4.5150819736241e-05,1.044990716194891
confort d,127,127,0.000130224,4.5150819736241e-05,1.044990716194891
lectronique est,127,127,0.000130224,4.5150819736241e-05,1.044990716194891
le trajet,127,127,0.000130224,4.5150819736241e-05,1.044990716194891
le train,127,127,0.000130224,4.5150819736241e-05,1.044990716194891
le mail,127,127,0.000130224,4.5150819736241e-05,1.044990716194891
le confort,127,127,0.000130224,4.5150819736241e-05,1.044990716194891
ne seront,127,127,0.000130224,4.5150819736241e-05,1.044990716194891
4you 4968,127,127,0.000130224,4.5150819736241e-05,1.044990716194891
4968 monday,127,127,0.000130224,4.5150819736241e-05,1.044990716194891
continue below,127,127,0.000130224,4.5150819736241e-05,1.044990716194891
contenu cliquez,127,127,0.000130224,4.5150819736241e-05,1.044990716194891
titre sera,127,127,0.000130224,4.5150819736241e-05,1.044990716194891
seront pas,127,127,0.000130224,4.5150819736241e-05,1.044990716194891
sera consid,127,127,0.000130224,4.5150819736241e-05,1.044990716194891
senter une,127,127,0.000130224,4.5150819736241e-05,1.044990716194891
25 an,127,127,0.000130224,4.5150819736241e-05,1.044990716194891
sentant le,127,127,0.000130224,4.5150819736241e-05,1.044990716194891
ebillet doit,127,127,0.000130224,4.5150819736241e-05,1.044990716194891
des 2,127,127,0.000130224,4.5150819736241e-05,1.044990716194891
les vous,127,127,0.000130224,4.5150819736241e-05,1.044990716194891
les conditions,127,127,0.000130224,4.5150819736241e-05,1.044990716194891
les billets,127,127,0.000130224,4.5150819736241e-05,1.044990716194891
pli ne,127,127,0.000130224,4.5150819736241e-05,1.044990716194891
please reset,127,127,0.000130224,4.5150819736241e-05,1.044990716194891
smartphone pr,127,127,0.000130224,4.5150819736241e-05,1.044990716194891
lors des,127,127,0.000130224,4.5150819736241e-05,1.044990716194891
2 possibilit,127,127,0.000130224,4.5150819736241e-05,1.044990716194891
2023 oncf,127,127,0.000130224,4.5150819736241e-05,1.044990716194891
expired log,127,127,0.000130224,4.5150819736241e-05,1.044990716194891
existing password,127,127,0.000130224,4.5150819736241e-05,1.044990716194891
demande sur,127,127,0.000130224,4.5150819736241e-05,1.044990716194891
portez notre,127,127,0.000130224,4.5150819736241e-05,1.044990716194891
por suscribirte,127,127,0.000130224,4.5150819736241e-05,1.044990716194891
billets partiellement,127,127,0.000130224,4.5150819736241e-05,1.044990716194891
billets achet,127,127,0.000130224,4.5150819736241e-05,1.044990716194891
we serve,336,339,0.00034453,0.000120521,1.044993519779799
registration including,128,128,0.000131249,4.550633800188069e-05,1.0451004750620185
vous permet,128,128,0.000131249,4.550633800188069e-05,1.0451004750620185
vous devez,128,128,0.000131249,4.550633800188069e-05,1.0451004750620185
pr sentant,128,128,0.000131249,4.550633800188069e-05,1.0451004750620185
dsb5eait math4,129,129,0.000132275,4.586185626752038e-05,1.0452085567812077
t cr,129,129,0.000132275,4.586185626752038e-05,1.0452085567812077
account registration,129,129,0.000132275,4.586185626752038e-05,1.0452085567812077
math4 369,129,129,0.000132275,4.586185626752038e-05,1.0452085567812077
369 369,129,129,0.000132275,4.586185626752038e-05,1.0452085567812077
see image,129,129,0.000132275,4.586185626752038e-05,1.0452085567812077
369 mb5o9spclei1ghh,129,129,0.000132275,4.586185626752038e-05,1.0452085567812077
conditions de,130,130,0.0001333,4.6217374533160075e-05,1.045314999502583
at once,59,58,6.0497742613892126e-05,2.062005940710219e-05,1.0453789086817942
merci de,131,131,0.000134325,4.657289279879977e-05,1.0454198402278874
phishing potp,132,132,0.000135351,4.692841106443946e-05,1.0455231148533728
page you,132,132,0.000135351,4.692841106443946e-05,1.0455231148533728
nous vous,786,795,0.000805953,0.000282637,1.045570072479377
per hour,61,60,6.254851354995626e-05,2.1331095938381574e-05,1.0458234632765095
homeland security,61,60,6.254851354995626e-05,2.1331095938381574e-05,1.0458234632765095
password link,135,135,0.000138427,4.799496586135854e-05,1.0458238853590605
bonjour phishing,137,137,0.000140478,4.8706002392637924e-05,1.0460171804826652
through this,62,61,6.357389901798833e-05,2.1686614204021267e-05,1.0460352212592605
pour confirmer,140,140,0.000143554,4.977255718955701e-05,1.0462969058565936
ulfxyok ulfxyok,140,140,0.000143554,4.977255718955701e-05,1.0462969058565936
et nous,141,141,0.000144579,5.01280754551967e-05,1.046387537442298
your first,142,142,0.000145605,5.0483593720836395e-05,1.046476909277146
uniquement pour,142,142,0.000145605,5.0483593720836395e-05,1.046476909277146
cost to,147,147,0.000150732,5.226118504903486e-05,1.046905760610845
a national,67,66,6.870082635814869e-05,2.346420553221973e-05,1.0470011230571805
to place,150,150,0.000153808,5.332773984595394e-05,1.0471495187798574
a huge,150,150,0.000153808,5.332773984595394e-05,1.0471495187798574
Dec-23,153,153,0.000156884,5.4394294642873015e-05,1.0473838343537698
only if,237,238,0.000243016,8.461334722224691e-05,1.0473940590342798
been made,71,70,7.280236823027697e-05,2.4886278594778505e-05,1.0476777765977243
a successful,71,70,7.280236823027697e-05,2.4886278594778505e-05,1.0476777765977243
employees contractors,330,332,0.000338377,0.000118032,1.0477192824737838
on linkedin,337,339,0.000345555,0.000120521,1.047956702272282
management group,341,343,0.000349656,0.000121943,1.0480880310189724
5 5,74,73,7.587852463437317e-05,2.5952833391697583e-05,1.0481381470214473
pi ce,254,255,0.000260448,9.065715773812169e-05,1.0481799925868298
time warm,165,165,0.000169189,5.866051383054933e-05,1.0482368552509491
thanks warm,165,165,0.000169189,5.866051383054933e-05,1.0482368552509491
requesting here,165,165,0.000169189,5.866051383054933e-05,1.0482368552509491
praveen thanks,165,165,0.000169189,5.866051383054933e-05,1.0482368552509491
current laptop,165,165,0.000169189,5.866051383054933e-05,1.0482368552509491
praveen i,165,165,0.000169189,5.866051383054933e-05,1.0482368552509491
current collect,165,165,0.000169189,5.866051383054933e-05,1.0482368552509491
for pavlab,165,165,0.000169189,5.866051383054933e-05,1.0482368552509491
guddy due,165,165,0.000169189,5.866051383054933e-05,1.0482368552509491
guddy nmg,165,165,0.000169189,5.866051383054933e-05,1.0482368552509491
praveen requesting,165,165,0.000169189,5.866051383054933e-05,1.0482368552509491
office else,165,165,0.000169189,5.866051383054933e-05,1.0482368552509491
one pls,165,165,0.000169189,5.866051383054933e-05,1.0482368552509491
urgent thanks,165,165,0.000169189,5.866051383054933e-05,1.0482368552509491
admin noida,165,165,0.000169189,5.866051383054933e-05,1.0482368552509491
hi guddy,165,165,0.000169189,5.866051383054933e-05,1.0482368552509491
acknowledges we,165,165,0.000169189,5.866051383054933e-05,1.0482368552509491
jhanjee manish,165,165,0.000169189,5.866051383054933e-05,1.0482368552509491
confirm warm,165,165,0.000169189,5.866051383054933e-05,1.0482368552509491
come pls,165,165,0.000169189,5.866051383054933e-05,1.0482368552509491
work pls,165,165,0.000169189,5.866051383054933e-05,1.0482368552509491
laptop pls,165,165,0.000169189,5.866051383054933e-05,1.0482368552509491
nmg subject,165,165,0.000169189,5.866051383054933e-05,1.0482368552509491
manish vikas,165,165,0.000169189,5.866051383054933e-05,1.0482368552509491
mail acknowledges,165,165,0.000169189,5.866051383054933e-05,1.0482368552509491
laptop once,165,165,0.000169189,5.866051383054933e-05,1.0482368552509491
laptop requesting,165,165,0.000169189,5.866051383054933e-05,1.0482368552509491
noida office,165,165,0.000169189,5.866051383054933e-05,1.0482368552509491
or enter,256,257,0.000262499,9.136819426940107e-05,1.048265656256258
pg01f21r pyd,167,167,0.000171239,5.937155036182871e-05,1.0483672402406576
banerjee 6118,167,167,0.000171239,5.937155036182871e-05,1.0483672402406576
based locally,167,167,0.000171239,5.937155036182871e-05,1.0483672402406576
technical issue,167,167,0.000171239,5.937155036182871e-05,1.0483672402406576
hanuman mandir,167,167,0.000171239,5.937155036182871e-05,1.0483672402406576
gupta manish,167,167,0.000171239,5.937155036182871e-05,1.0483672402406576
handover to,167,167,0.000171239,5.937155036182871e-05,1.0483672402406576
guddy from,167,167,0.000171239,5.937155036182871e-05,1.0483672402406576
guddy kindly,167,167,0.000171239,5.937155036182871e-05,1.0483672402406576
guddy thanks,167,167,0.000171239,5.937155036182871e-05,1.0483672402406576
courier laptop,167,167,0.000171239,5.937155036182871e-05,1.0483672402406576
pavlab and,167,167,0.000171239,5.937155036182871e-05,1.0483672402406576
thinkpad l480,167,167,0.000171239,5.937155036182871e-05,1.0483672402406576
thinkbook 14,167,167,0.000171239,5.937155036182871e-05,1.0483672402406576
panchsheel hynish,167,167,0.000171239,5.937155036182871e-05,1.0483672402406576
return laptop,167,167,0.000171239,5.937155036182871e-05,1.0483672402406576
guddi from,167,167,0.000171239,5.937155036182871e-05,1.0483672402406576
assigned in,167,167,0.000171239,5.937155036182871e-05,1.0483672402406576
asap c,167,167,0.000171239,5.937155036182871e-05,1.0483672402406576
harendra as,167,167,0.000171239,5.937155036182871e-05,1.0483672402406576
antal gm,167,167,0.000171239,5.937155036182871e-05,1.0483672402406576
priority regards,167,167,0.000171239,5.937155036182871e-05,1.0483672402406576
hi harendra,167,167,0.000171239,5.937155036182871e-05,1.0483672402406576
hundreds mail,167,167,0.000171239,5.937155036182871e-05,1.0483672402406576
hynish tower,167,167,0.000171239,5.937155036182871e-05,1.0483672402406576
urgent work,167,167,0.000171239,5.937155036182871e-05,1.0483672402406576
gm administration,167,167,0.000171239,5.937155036182871e-05,1.0483672402406576
at same,167,167,0.000171239,5.937155036182871e-05,1.0483672402406576
banerjee and,167,167,0.000171239,5.937155036182871e-05,1.0483672402406576
couid saveyou,167,167,0.000171239,5.937155036182871e-05,1.0483672402406576
below new,167,167,0.000171239,5.937155036182871e-05,1.0483672402406576
pls courier,167,167,0.000171239,5.937155036182871e-05,1.0483672402406576
pls provide,167,167,0.000171239,5.937155036182871e-05,1.0483672402406576
from harendra,167,167,0.000171239,5.937155036182871e-05,1.0483672402406576
from noida,167,167,0.000171239,5.937155036182871e-05,1.0483672402406576
cc anil,167,167,0.000171239,5.937155036182871e-05,1.0483672402406576
provide asap,167,167,0.000171239,5.937155036182871e-05,1.0483672402406576
kindly submit,167,167,0.000171239,5.937155036182871e-05,1.0483672402406576
o niraj,167,167,0.000171239,5.937155036182871e-05,1.0483672402406576
the pickup,167,167,0.000171239,5.937155036182871e-05,1.0483672402406576
note pavlab,167,167,0.000171239,5.937155036182871e-05,1.0483672402406576
kindly handover,167,167,0.000171239,5.937155036182871e-05,1.0483672402406576
saveyou hundreds,167,167,0.000171239,5.937155036182871e-05,1.0483672402406576
vikas saxena,167,167,0.000171239,5.937155036182871e-05,1.0483672402406576
already assigned,167,167,0.000171239,5.937155036182871e-05,1.0483672402406576
saxena admin,167,167,0.000171239,5.937155036182871e-05,1.0483672402406576
inventory nmg,167,167,0.000171239,5.937155036182871e-05,1.0483672402406576
in noida,167,167,0.000171239,5.937155036182871e-05,1.0483672402406576
usstaffing thinkbook,167,167,0.000171239,5.937155036182871e-05,1.0483672402406576
rmg thinkpad,167,167,0.000171239,5.937155036182871e-05,1.0483672402406576
tower 4,167,167,0.000171239,5.937155036182871e-05,1.0483672402406576
ltd mobile,167,167,0.000171239,5.937155036182871e-05,1.0483672402406576
sir please,167,167,0.000171239,5.937155036182871e-05,1.0483672402406576
mandir noida,167,167,0.000171239,5.937155036182871e-05,1.0483672402406576
manish jhanjee,167,167,0.000171239,5.937155036182871e-05,1.0483672402406576
details shortly,167,167,0.000171239,5.937155036182871e-05,1.0483672402406576
4 106,167,167,0.000171239,5.937155036182871e-05,1.0483672402406576
near hanuman,167,167,0.000171239,5.937155036182871e-05,1.0483672402406576
406 21jun22,167,167,0.000171239,5.937155036182871e-05,1.0483672402406576
collect current,167,167,0.000171239,5.937155036182871e-05,1.0483672402406576
41 48,167,167,0.000171239,5.937155036182871e-05,1.0483672402406576
with pin,167,167,0.000171239,5.937155036182871e-05,1.0483672402406576
working unable,167,167,0.000171239,5.937155036182871e-05,1.0483672402406576
naveen gupta,167,167,0.000171239,5.937155036182871e-05,1.0483672402406576
25 2022,167,167,0.000171239,5.937155036182871e-05,1.0483672402406576
21jun22 guddy,167,167,0.000171239,5.937155036182871e-05,1.0483672402406576
21jun22 note,167,167,0.000171239,5.937155036182871e-05,1.0483672402406576
kumar panchsheel,167,167,0.000171239,5.937155036182871e-05,1.0483672402406576
l 696,167,167,0.000171239,5.937155036182871e-05,1.0483672402406576
l480 pg01f21r,167,167,0.000171239,5.937155036182871e-05,1.0483672402406576
6666 from,167,167,0.000171239,5.937155036182871e-05,1.0483672402406576
6118 usstaffing,167,167,0.000171239,5.937155036182871e-05,1.0483672402406576
laptop through,167,167,0.000171239,5.937155036182871e-05,1.0483672402406576
else pls,167,167,0.000171239,5.937155036182871e-05,1.0483672402406576
collect laptop,167,167,0.000171239,5.937155036182871e-05,1.0483672402406576
7 2022,167,167,0.000171239,5.937155036182871e-05,1.0483672402406576
nmg team,167,167,0.000171239,5.937155036182871e-05,1.0483672402406576
laptop allocation,167,167,0.000171239,5.937155036182871e-05,1.0483672402406576
niraj kumar,167,167,0.000171239,5.937155036182871e-05,1.0483672402406576
lanba naveen,167,167,0.000171239,5.937155036182871e-05,1.0483672402406576
laptop at,167,167,0.000171239,5.937155036182871e-05,1.0483672402406576
laptop kindly,167,167,0.000171239,5.937155036182871e-05,1.0483672402406576
quite urgent,167,167,0.000171239,5.937155036182871e-05,1.0483672402406576
kumar sent,167,167,0.000171239,5.937155036182871e-05,1.0483672402406576
noida hi,167,167,0.000171239,5.937155036182871e-05,1.0483672402406576
kumari pavlab,167,167,0.000171239,5.937155036182871e-05,1.0483672402406576
l 406,167,167,0.000171239,5.937155036182871e-05,1.0483672402406576
8800144117 thanks,167,167,0.000171239,5.937155036182871e-05,1.0483672402406576
send laptop,167,167,0.000171239,5.937155036182871e-05,1.0483672402406576
noida extension,167,167,0.000171239,5.937155036182871e-05,1.0483672402406576
pickup done,167,167,0.000171239,5.937155036182871e-05,1.0483672402406576
pls share,167,167,0.000171239,5.937155036182871e-05,1.0483672402406576
pls treat,167,167,0.000171239,5.937155036182871e-05,1.0483672402406576
function are,167,167,0.000171239,5.937155036182871e-05,1.0483672402406576
thanks guddi,167,167,0.000171239,5.937155036182871e-05,1.0483672402406576
thanks guddy,167,167,0.000171239,5.937155036182871e-05,1.0483672402406576
fw laptop,167,167,0.000171239,5.937155036182871e-05,1.0483672402406576
pls confirm,167,167,0.000171239,5.937155036182871e-05,1.0483672402406576
through courier,167,167,0.000171239,5.937155036182871e-05,1.0483672402406576
re sez,167,167,0.000171239,5.937155036182871e-05,1.0483672402406576
discussed pls,167,167,0.000171239,5.937155036182871e-05,1.0483672402406576
sez assets,167,167,0.000171239,5.937155036182871e-05,1.0483672402406576
share allocation,167,167,0.000171239,5.937155036182871e-05,1.0483672402406576
14 lr0dw8r9,167,167,0.000171239,5.937155036182871e-05,1.0483672402406576
106 near,167,167,0.000171239,5.937155036182871e-05,1.0483672402406576
mobile 9999,167,167,0.000171239,5.937155036182871e-05,1.0483672402406576
lr0dw8r9 pyd,167,167,0.000171239,5.937155036182871e-05,1.0483672402406576
2022 6,167,167,0.000171239,5.937155036182871e-05,1.0483672402406576
2022 08,167,167,0.000171239,5.937155036182871e-05,1.0483672402406576
extension 201305,167,167,0.000171239,5.937155036182871e-05,1.0483672402406576
2022 8,167,167,0.000171239,5.937155036182871e-05,1.0483672402406576
2022 05,167,167,0.000171239,5.937155036182871e-05,1.0483672402406576
2450 rmg,167,167,0.000171239,5.937155036182871e-05,1.0483672402406576
696 21jun22,167,167,0.000171239,5.937155036182871e-05,1.0483672402406576
kumari 2450,167,167,0.000171239,5.937155036182871e-05,1.0483672402406576
201305 8800144117,167,167,0.000171239,5.937155036182871e-05,1.0483672402406576
minutes couid,167,167,0.000171239,5.937155036182871e-05,1.0483672402406576
2022 9,169,169,0.00017329,6.00825868931081e-05,1.048494573308379
replace your,169,169,0.00017329,6.00825868931081e-05,1.048494573308379
anil lanba,169,169,0.00017329,6.00825868931081e-05,1.048494573308379
email a,77,76,7.895468103846938e-05,2.701938818861666e-05,1.0485632812801318
this urgent,174,174,0.000178417,6.186017822130656e-05,1.048800237036854
of our,1901,1918,0.001949258,0.000681884,1.0493917797370291
10 people,85,84,8.715776478272595e-05,2.9863534313734203e-05,1.0495526232672816
sending out,92,91,9.433546305895043e-05,3.235216217321205e-05,1.0502792586413636
future please,96,95,9.843700493107872e-05,3.377423523577082e-05,1.0506475816058507
sent 21,334,335,0.000342479,0.000119099,1.0508120056898986
communities we,334,335,0.000342479,0.000119099,1.0508120056898986
laptop on,334,335,0.000342479,0.000119099,1.0508120056898986
new laptop,334,335,0.000342479,0.000119099,1.0508120056898986
have instituted,335,336,0.000343504,0.000119454,1.0508370071795843
celebrating our,335,336,0.000343504,0.000119454,1.0508370071795843
an account,99,98,0.000101513,3.48407900326899e-05,1.0509045624188678
our employees,345,346,0.000353758,0.000123009,1.0510791053866282
a total,236,236,0.000241991,8.390231069096753e-05,1.051522974464984
team lead,501,503,0.000513718,0.000178826,1.0516314304535945
par train,254,254,0.000260448,9.0301639472482e-05,1.0520663180166505
votre confiance,254,254,0.000260448,9.0301639472482e-05,1.0520663180166505
vous informons,254,254,0.000260448,9.0301639472482e-05,1.0520663180166505
informons que,254,254,0.000260448,9.0301639472482e-05,1.0520663180166505
voyager par,254,254,0.000260448,9.0301639472482e-05,1.0520663180166505
muni de,254,254,0.000260448,9.0301639472482e-05,1.0520663180166505
code barre,254,254,0.000260448,9.0301639472482e-05,1.0520663180166505
train muni,254,254,0.000260448,9.0301639472482e-05,1.0520663180166505
my name,255,255,0.000261473,9.065715773812169e-05,1.0520942711879768
du site,128,127,0.000131249,4.5150819736241e-05,1.0527743562596876
new link,128,127,0.000131249,4.5150819736241e-05,1.0527743562596876
result your,128,127,0.000131249,4.5150819736241e-05,1.0527743562596876
gracias por,128,127,0.000131249,4.5150819736241e-05,1.0527743562596876
the login,132,131,0.000135351,4.657289279879977e-05,1.0529684562999677
admin admin,1490,1497,0.001527824,0.000532211,1.0533373935529404
to stop,319,319,0.000327098,0.00011341,1.0535208918739674
2022 5,668,670,0.000684957,0.000238197,1.0535271866347258
activate your,146,145,0.000149706,5.155014851775547e-05,1.0535648423602868
sent june,501,502,0.000513718,0.00017847,1.0536104033516809
9999 10,501,502,0.000513718,0.00017847,1.0536104033516809
for subscribing,148,147,0.000151757,5.226118504903486e-05,1.053640915643997
1996 2021,330,330,0.000338377,0.000117321,1.0537106824823088
linkedin facebook,330,330,0.000338377,0.000117321,1.0537106824823088
contractors clients,330,330,0.000338377,0.000117321,1.0537106824823088
at pyramid,330,330,0.000338377,0.000117321,1.0537106824823088
distancing from,330,330,0.000338377,0.000117321,1.0537106824823088
consulting we,330,330,0.000338377,0.000117321,1.0537106824823088
manager administration,330,330,0.000338377,0.000117321,1.0537106824823088
2021 at,330,330,0.000338377,0.000117321,1.0537106824823088
8383063372 pyramid,332,332,0.000340428,0.000118032,1.0537438463272535
mob 8383063372,332,332,0.000340428,0.000118032,1.0537438463272535
facebook celebrating,332,332,0.000340428,0.000118032,1.0537438463272535
kumar mob,332,332,0.000340428,0.000118032,1.0537438463272535
regards harendra,332,332,0.000340428,0.000118032,1.0537438463272535
sure guddy,334,334,0.000342479,0.000118743,1.0537766152369783
770 255,334,334,0.000342479,0.000118743,1.0537766152369783
hi sir,334,334,0.000342479,0.000118743,1.0537766152369783
and guddy,334,334,0.000342479,0.000118743,1.0537766152369783
antal general,334,334,0.000342479,0.000118743,1.0537766152369783
us voip,334,334,0.000342479,0.000118743,1.0537766152369783
home policies,334,334,0.000342479,0.000118743,1.0537766152369783
replacement sure,334,334,0.000342479,0.000118743,1.0537766152369783
protect everyone,334,334,0.000342479,0.000118743,1.0537766152369783
silver jubilee,334,334,0.000342479,0.000118743,1.0537766152369783
pavlab banerjee,334,334,0.000342479,0.000118743,1.0537766152369783
jubilee 1996,334,334,0.000342479,0.000118743,1.0537766152369783
91 9999,334,334,0.000342479,0.000118743,1.0537766152369783
web follow,334,334,0.000342479,0.000118743,1.0537766152369783
inc o,334,334,0.000342479,0.000118743,1.0537766152369783
voip extn,334,334,0.000342479,0.000118743,1.0537766152369783
instituted work,334,334,0.000342479,0.000118743,1.0537766152369783
allocation details,334,334,0.000342479,0.000118743,1.0537766152369783
3136 us,334,334,0.000342479,0.000118743,1.0537766152369783
255 3136,334,334,0.000342479,0.000118743,1.0537766152369783
pyd l,334,334,0.000342479,0.000118743,1.0537766152369783
6666 e,334,334,0.000342479,0.000118743,1.0537766152369783
6110 m,334,334,0.000342479,0.000118743,1.0537766152369783
social distancing,334,334,0.000342479,0.000118743,1.0537766152369783
extn 6110,334,334,0.000342479,0.000118743,1.0537766152369783
ltd network,334,334,0.000342479,0.000118743,1.0537766152369783
m 91,334,334,0.000342479,0.000118743,1.0537766152369783
21-Jun,334,334,0.000342479,0.000118743,1.0537766152369783
any way,153,152,0.000156884,5.403877637723332e-05,1.0538224761583508
22 2022,338,338,0.00034658,0.000120165,1.0538409961375157
everyone we,342,342,0.000350682,0.000121587,1.0539038793355757
requirements and,157,156,0.000160986,5.546084943979209e-05,1.0539594714482081
the green,158,157,0.000162011,5.5816367705431786e-05,1.053992645918506
courier and,168,167,0.000172265,5.937155036182871e-05,1.054302847859585
a href,169,168,0.00017329,5.9727068627468406e-05,1.0543318654936868
locally and,169,168,0.00017329,5.9727068627468406e-05,1.0543318654936868
5 32,170,169,0.000174316,6.00825868931081e-05,1.0543605445184423
ebillet est,381,381,0.000390672,0.000135452,1.0544481360989402
votre n,381,381,0.000390672,0.000135452,1.0544481360989402
pvt ltd,1007,1010,0.001032563,0.000359073,1.0544594623967356
hi praveen,495,495,0.000507566,0.000175982,1.055549178662841
administration pyramid,497,497,0.000509617,0.000176693,1.0555640038111156
antal sent,497,497,0.000509617,0.000176693,1.0555640038111156
regards praveen,501,501,0.000513718,0.000178115,1.0555933003504703
to guddy,501,501,0.000513718,0.000178115,1.0555933003504703
21 2022,501,501,0.000513718,0.000178115,1.0555933003504703
kumari cc,501,501,0.000513718,0.000178115,1.0555933003504703
guddy n,501,501,0.000513718,0.000178115,1.0555933003504703
rmg m,501,501,0.000513718,0.000178115,1.0555933003504703
harendra kumar,501,501,0.000513718,0.000178115,1.0555933003504703
technology strength,501,501,0.000513718,0.000178115,1.0555933003504703
strength you,501,501,0.000513718,0.000178115,1.0555933003504703
n kumar,501,501,0.000513718,0.000178115,1.0555933003504703
lead rmg,501,501,0.000513718,0.000178115,1.0555933003504703
from praveen,501,501,0.000513718,0.000178115,1.0555933003504703
kumar pyramid,501,501,0.000513718,0.000178115,1.0555933003504703
ltd team,501,501,0.000513718,0.000178115,1.0555933003504703
10 6666,501,501,0.000513718,0.000178115,1.0555933003504703
m 8800144117,501,501,0.000513718,0.000178115,1.0555933003504703
regards guddy,501,501,0.000513718,0.000178115,1.0555933003504703
8800144117 e,501,501,0.000513718,0.000178115,1.0555933003504703
le ebillet,635,635,0.00065112,0.000225754,1.056362080146283
pyramid consulting,664,664,0.000680856,0.000236064,1.056487731223479
1 770,335,334,0.000343504,0.000118743,1.0567574633362655
our silver,335,334,0.000343504,0.000118743,1.0567574633362655
network management,339,338,0.000347606,0.000120165,1.0567867211755795
general manager,352,351,0.000360936,0.000124787,1.0568772349447548
e web,835,835,0.000856197,0.000296858,1.057051577659067
from guddy,835,835,0.000856197,0.000296858,1.057051577659067
kumari sent,835,835,0.000856197,0.000296858,1.057051577659067
consulting pvt,998,998,0.001023335,0.000354807,1.0574095119033993
replacement hi,1002,1002,0.001027436,0.000356229,1.0574168343827726
pyramid it,1002,1002,0.001027436,0.000356229,1.0574168343827726
to praveen,1002,1002,0.001027436,0.000356229,1.0574168343827726
antal cc,1002,1002,0.001027436,0.000356229,1.0574168343827726
re laptop,1169,1169,0.001198676,0.000415601,1.0576779007758323
admin subject,1320,1320,0.001353509,0.000469284,1.057857168703442
nmg noida,1322,1322,0.00135556,0.000469995,1.0578592687067807
inventory admin,1336,1336,0.001369915,0.000474972,1.0578737929311115
cc nmg,1336,1336,0.001369915,0.000474972,1.0578737929311115
laptop replacement,1336,1336,0.001369915,0.000474972,1.0578737929311115
inventory noida,1501,1501,0.001539104,0.000533633,1.0580245833323503
nmg nmg,1503,1503,0.001541154,0.000534344,1.0580262082655925
guddy kumari,1670,1670,0.001712394,0.000593716,1.0581481750558714
praveen antal,2004,2004,0.002054872,0.000712459,1.0583311828083979
it consulting,999,998,0.00102436,0.000354807,1.0584100370193785
noida inventory,3002,3002,0.003078207,0.001067266,1.0586355358551853
to offer,251,249,0.000257372,8.852404814428353e-05,1.0598921653512672
report 4,191,189,0.000195849,6.719295220590195e-05,1.0600938098534631
and many,183,181,0.000187646,6.434880608078441e-05,1.0601306376210657
mobile number,174,172,0.000178417,6.114914169002718e-05,1.0601760960482238
receive your,167,165,0.000171239,5.866051383054933e-05,1.060214822019896
qualit sur,129,127,0.000132275,4.5150819736241e-05,1.0604978789030235
web but,129,127,0.000132275,4.5150819736241e-05,1.0604978789030235
sortie de,129,127,0.000132275,4.5150819736241e-05,1.0604978789030235
la sortie,129,127,0.000132275,4.5150819736241e-05,1.0604978789030235
due diligence,96,94,9.843700493107872e-05,3.341871697013113e-05,1.060923813010592
prefer not,90,88,9.228469212288629e-05,3.1285607376292974e-05,1.0610344839682906
the products,77,75,7.895468103846938e-05,2.666386992297697e-05,1.0613327602428286
v a,66,64,6.767544089011662e-05,2.2753169000940345e-05,1.0616756987134786
and remove,60,58,6.15231280819242e-05,2.062005940710219e-05,1.061914977609936
my business,57,55,5.8446971677827984e-05,1.955350461018311e-05,1.0620532158191804
build it,56,54,5.742158620979592e-05,1.9197986344543418e-05,1.0621025348945659
wenn der,54,52,5.537081527373178e-05,1.8486949813264032e-05,1.0622065637069564
days for,53,51,5.434542980569971e-05,1.813143154762434e-05,1.0622614734912945
product to,53,51,5.434542980569971e-05,1.813143154762434e-05,1.0622614734912945
safety of,363,360,0.000372215,0.000127987,1.0624461257902564
your address,301,298,0.000308641,0.000105944,1.0631041686400753
our teams,338,334,0.00034658,0.000118743,1.0656470628504404
your existing,154,151,0.000157909,5.368325811159363e-05,1.0667763946994717
price of,247,243,0.00025327,8.639093855044537e-05,1.0680059234629198
send out,411,405,0.000421433,0.000143985,1.069402283602598
mind that,114,111,0.000116894,3.9462527486005913e-05,1.0694091366466552
out this,112,109,0.000114843,3.875149095472653e-05,1.0695899657893335
n de,461,454,0.000472703,0.000161405,1.0704848942331224
toll free,98,95,0.000100488,3.377423523577082e-05,1.0710616106371216
web technology,506,498,0.000518845,0.000177048,1.0714770626301273
hours a,94,91,9.638623399501458e-05,3.235216217321205e-05,1.0715622628662977
to unsubscribe,497,489,0.000509617,0.000173848,1.071699476007274
is valid,161,157,0.000165087,5.5816367705431786e-05,1.072687662790392
she had,85,82,8.715776478272595e-05,2.9152497782454817e-05,1.0728602260543119
on cd,84,81,8.613237931469388e-05,2.8796979516815125e-05,1.0730215336324835
please go,144,140,0.000147656,4.977255718955701e-05,1.0742756023671158
la newsletter,132,128,0.000135351,4.550633800188069e-05,1.0756429718848957
password has,131,127,0.000134325,4.5150819736241e-05,1.0757682370104846
people get,69,66,7.075159729421283e-05,2.346420553221973e-05,1.0759990657656413
link in,227,221,0.000232763,7.856953670637213e-05,1.077674333087009
sir my,172,167,0.000176366,5.937155036182871e-05,1.077699115
put your,62,59,6.357389901798833e-05,2.097557767274188e-05,1.0778785582231518
30 days,110,106,0.000112792,3.768493615780745e-05,1.078925470976607
us at,255,248,0.000261473,8.816852987864384e-05,1.0796211677548795
to assist,205,199,0.000210204,7.07481348622989e-05,1.0796627308723523
of historical,101,97,0.000103564,3.448527176705021e-05,1.0806809458121336
email us,193,187,0.000197899,6.648191567462257e-05,1.0809394997347892
site to,135,130,0.000138427,4.6217374533160075e-05,1.082779511294764
you the,506,492,0.000518845,0.000174915,1.083529932
24 hour,89,85,9.125930665485422e-05,3.0219052579373896e-05,1.0835745949454891
here and,211,204,0.000216356,7.252572619049736e-05,1.083902736644242
you of,84,80,8.613237931469388e-05,2.8441461251175432e-05,1.085024635991211
in your,1246,1212,0.00127763,0.000430888,1.0853780857079387
this software,119,114,0.000122021,4.052908228292499e-05,1.0859600617238285
please fill,80,76,8.20308374425656e-05,2.701938818861666e-05,1.0863153683867666
guarantee that,73,69,7.485313916634111e-05,2.4530760329138812e-05,1.0889150788408162
company the,71,67,7.280236823027697e-05,2.3819723797859423e-05,1.089752169426894
get you,101,96,0.000103564,3.4129753501410516e-05,1.090750226907158
business and,229,220,0.000234813,7.821401844073244e-05,1.0908869885952055
new business,68,64,6.972621182618076e-05,2.2753169000940345e-05,1.0911002981826325
received this,479,462,0.00049116,0.000164249,1.0913470515474875
will never,157,150,0.000160986,5.332773984595394e-05,1.0924719799255933
not intended,65,61,6.665005542208455e-05,2.1686614204021267e-05,1.0925731059498975
o 1,370,356,0.000379393,0.000126565,1.0925817990255622
or if,216,207,0.000221483,7.359228098741644e-05,1.0928148379046931
week for,63,59,6.45992844860204e-05,2.097557767274188e-05,1.0936330577152182
for free,524,504,0.000537302,0.000179181,1.0944566697022076
time the,206,197,0.000211229,7.003709833101951e-05,1.0944655430627976
husband is,176,168,0.000180468,5.9727068627468406e-05,1.0946889211947854
order by,117,111,0.00011997,3.9462527486005913e-05,1.0951671070887188
50 million,60,56,6.15231280819242e-05,1.9909022875822803e-05,1.0953557552472484
individuals who,60,56,6.15231280819242e-05,1.9909022875822803e-05,1.0953557552472484
remember this,60,56,6.15231280819242e-05,1.9909022875822803e-05,1.0953557552472484
your response,60,56,6.15231280819242e-05,1.9909022875822803e-05,1.0953557552472484
or send,113,107,0.000115869,3.804045442344714e-05,1.0964514649896184
told you,57,53,5.8446971677827984e-05,1.8842468078903725e-05,1.0972601896044478
report 1,298,285,0.000305565,0.000101323,1.097297778396433
your choice,83,78,8.510699384666181e-05,2.7730424719896047e-05,1.0976339814486178
really happy,135,128,0.000138427,4.550633800188069e-05,1.0979528362476598
working copy,134,127,0.000137402,4.5150819736241e-05,1.0982452614808111
own business,81,76,8.305622291059767e-05,2.701938818861666e-05,1.0985891894523727
company is,158,150,0.000162011,5.332773984595394e-05,1.0987821347437117
to acquire,131,124,0.000134325,4.408426493932192e-05,1.0991496673002334
opt out,279,266,0.000286083,9.456785866015831e-05,1.0999332326273203
the federal,177,168,0.000181493,5.9727068627468406e-05,1.1003235248094902
order each,77,72,7.895468103846938e-05,2.559731512605789e-05,1.1006497115575984
to order,321,306,0.000329149,0.000108789,1.1009866648045663
100 000,294,280,0.000301463,9.954511437911402e-05,1.1013535129835073
000 per,74,69,7.587852463437317e-05,2.4530760329138812e-05,1.1023425613765734
great opportunity,72,67,7.382775369830904e-05,2.3819723797859423e-05,1.1035502034042084
customer support,70,65,7.17769827622449e-05,2.3108687266580038e-05,1.1048274913250569
city state,181,171,0.000185595,6.0793623424387484e-05,1.1051390803145975
and your,559,532,0.00057319,0.000189136,1.105223063236934
the account,91,85,9.331007759091836e-05,3.0219052579373896e-05,1.1055594832434699
start your,88,82,9.023392118682215e-05,2.9152497782454817e-05,1.1071590058337215
email from,213,201,0.000218407,7.145917139357828e-05,1.1079056796433158
v i,127,119,0.000130224,4.2306673611123455e-05,1.1085986913174724
will share,187,176,0.000191747,6.257121475258595e-05,1.109218106593437
achieve the,63,58,6.45992844860204e-05,2.062005940710219e-05,1.1099432286734132
or feel,141,132,0.000144579,4.692841106443946e-05,1.1110128441464635
money you,119,111,0.000122021,3.9462527486005913e-05,1.1119777228841867
in our,682,645,0.000699313,0.000229309,1.1121041126542484
more you,98,91,0.000100488,3.235216217321205e-05,1.1128157533824639
the body,136,127,0.000139452,4.5150819736241e-05,1.1129540865139504
to deposit,191,179,0.000195849,6.363776954950503e-05,1.1136361213876742
at 1,152,142,0.000155859,5.0483593720836395e-05,1.1140815177215733
money the,58,53,5.9472357145860055e-05,1.8842468078903725e-05,1.1143618606850452
for report,319,300,0.000327098,0.000106655,1.1143761100779412
to receive,1463,1382,0.001500139,0.000491326,1.1148377996253058
my money,75,69,7.690391010240524e-05,2.4530760329138812e-05,1.1155921328846676
as always,56,51,5.742158620979592e-05,1.813143154762434e-05,1.1163528351674337
save them,74,68,7.587852463437317e-05,2.4175242063499116e-05,1.116365520186337
no need,109,101,0.000111767,3.5907344829608986e-05,1.1169133069811663
making money,91,84,9.331007759091836e-05,2.9863534313734203e-05,1.1170126835595584
email in,263,246,0.000269676,8.745749334736445e-05,1.1184017950291492
the net,228,213,0.000233788,7.572539058125459e-05,1.1184498056499903
fun of,71,65,7.280236823027697e-05,2.3108687266580038e-05,1.1188185778959516
visit our,329,308,0.000337352,0.0001095,1.1190741040212497
you by,174,162,0.000178417,5.759395903363025e-05,1.1190815005066406
200 000,103,95,0.000105615,3.377423523577082e-05,1.1203446852090042
you received,250,233,0.000256346,8.283575589404845e-05,1.1215633112702579
our client,145,134,0.000148681,4.7639447595718846e-05,1.124070766507203
email as,97,89,9.946239039911079e-05,3.164112564193267e-05,1.124210416494977
receive this,318,296,0.000326073,0.000105233,1.1245434771825686
each report,159,147,0.000163036,5.226118504903486e-05,1.1248798498778314
here thank,78,71,7.998006650650145e-05,2.5241796860418197e-05,1.126849592230718
men and,62,56,6.357389901798833e-05,1.9909022875822803e-05,1.127629506818659
emails and,62,56,6.357389901798833e-05,1.9909022875822803e-05,1.127629506818659
your new,92,84,9.433546305895043e-05,2.9863534313734203e-05,1.1278264939634481
companies and,92,84,9.433546305895043e-05,2.9863534313734203e-05,1.1278264939634481
300 000,76,69,7.792929557043731e-05,2.4530760329138812e-05,1.1286684463410874
contact your,76,69,7.792929557043731e-05,2.4530760329138812e-05,1.1286684463410874
ask that,61,55,6.254851354995626e-05,1.955350461018311e-05,1.1287721400739608
textdecoration underline,105,96,0.000107665,3.4129753501410516e-05,1.1292256689990832
to claim,267,247,0.000273778,8.781301161300415e-05,1.129430041208531
work from,380,352,0.000389646,0.000125142,1.130391340844062
from our,1453,1351,0.001489885,0.000480305,1.1306237071084915
have decided,88,80,9.023392118682215e-05,2.8441461251175432e-05,1.1310228432452825
every month,88,80,9.023392118682215e-05,2.8441461251175432e-05,1.1310228432452825
list in,102,93,0.000104589,3.306319870449144e-05,1.1313396237447924
here if,100,91,0.000102539,3.235216217321205e-05,1.1328213732106898
submit your,339,313,0.000347606,0.000111277,1.1329704422898195
receive all,57,51,5.8446971677827984e-05,1.813143154762434e-05,1.1337520696109078
your friends,125,114,0.000128173,4.052908228292499e-05,1.1347600520785663
property of,70,63,7.17769827622449e-05,2.2397650735300652e-05,1.1347641129654908
click on,492,454,0.00050449,0.000161405,1.1354325469105149
you order,151,138,0.000154833,4.9061520658277624e-05,1.1355335785928296
the health,386,355,0.000395799,0.000126209,1.1375980479576786
25 000,107,97,0.000109716,3.448527176705021e-05,1.1378528470395426
youve been,80,72,8.20308374425656e-05,2.559731512605789e-05,1.138401798664233
much much,91,82,9.331007759091836e-05,2.9152497782454817e-05,1.1403202863465887
to wait,103,93,0.000105615,3.306319870449144e-05,1.141003846355874
m o,306,280,0.000313768,9.954511437911402e-05,1.1412291848409062
customer service,229,209,0.000234813,7.430331751869582e-05,1.141516081078592
read on,64,57,6.562466995405247e-05,2.0264541141462496e-05,1.142033978326957
account this,152,138,0.000155859,4.9061520658277624e-05,1.1420920438543212
email you,101,91,0.000103564,3.235216217321205e-05,1.1426760733656147
5 000,325,297,0.00033325,0.000105589,1.1429104327419588
this program,671,615,0.000688034,0.000218644,1.143283267401592
to earn,137,124,0.000140478,4.408426493932192e-05,1.1436095858470698
move the,159,144,0.000163036,5.119463025211578e-05,1.145108059415772
the customer,85,76,8.715776478272595e-05,2.701938818861666e-05,1.1462312851250245
order your,84,75,8.613237931469388e-05,2.666386992297697e-05,1.1473013366130596
24 hours,389,354,0.000398875,0.000125853,1.1481192563195717
you is,95,85,9.741161946304665e-05,3.0219052579373896e-05,1.148130313026841
for just,130,117,0.0001333,4.159563707984407e-05,1.1483250968120002
thousands of,493,449,0.000505515,0.000159628,1.148464736048331
you as,234,212,0.00023994,7.53698723156149e-05,1.148960491
initial investment,59,52,6.0497742613892126e-05,1.8486949813264032e-05,1.1492554674906583
final notice,59,52,6.0497742613892126e-05,1.8486949813264032e-05,1.1492554674906583
48 hours,151,136,0.000154833,4.835048412699823e-05,1.1498386649463328
your email,1590,1449,0.001630363,0.000515146,1.1507814687405875
are ordering,138,124,0.000141503,4.408426493932192e-05,1.1508311246883594
can not,115,103,0.000117919,3.661838136088837e-05,1.1509525572617758
with no,327,296,0.000335301,0.000105233,1.1523681124368126
i made,214,193,0.000219432,6.861502526846072e-05,1.1526110565926526
discover the,67,59,6.870082635814869e-05,2.097557767274188e-05,1.1542804426736828
paste this,285,257,0.000292235,9.136819426940107e-05,1.1551911508764439
any reason,66,58,6.767544089011662e-05,2.062005940710219e-05,1.155770091919616
your message,120,107,0.000123046,3.804045442344714e-05,1.1560561282027288
or your,119,106,0.000122021,3.768493615780745e-05,1.1569037437407654
can make,279,251,0.000286083,8.923508467556292e-05,1.1573514728687353
ready to,398,358,0.000408103,0.000127276,1.1597873761126565
deposit the,188,168,0.000192772,5.9727068627468406e-05,1.160295085521972
all your,310,278,0.000317869,9.883407784783463e-05,1.1612723263430176
our secure,62,54,6.357389901798833e-05,1.9197986344543418e-05,1.162227375648698
enter your,491,441,0.000503464,0.000156784,1.162272814670224
10 days,72,63,7.382775369830904e-05,2.2397650735300652e-05,1.162553234
year old,71,62,7.280236823027697e-05,2.204213246966096e-05,1.1640664342811669
a million,71,62,7.280236823027697e-05,2.204213246966096e-05,1.1640664342811669
within 24,227,202,0.000232763,7.181468965921797e-05,1.1663879321125987
and easy,98,86,0.000100488,3.057457084501359e-05,1.16758628
us please,59,51,6.0497742613892126e-05,1.813143154762434e-05,1.1676678554220132
money on,127,112,0.000130224,3.9818045751645606e-05,1.1677811579583808
is for,330,294,0.000338377,0.000104522,1.168189217002439
what one,58,50,5.9472357145860055e-05,1.7775913281984647e-05,1.169611513961497
for less,58,50,5.9472357145860055e-05,1.7775913281984647e-05,1.169611513961497
by you,86,75,8.818315025075802e-05,2.666386992297697e-05,1.170564896310759
you how,218,193,0.000223534,6.861502526846072e-05,1.1710468616965934
an independent,95,83,9.741161946304665e-05,2.950801604809451e-05,1.1711694107299833
for yourself,85,74,8.715776478272595e-05,2.6308351657337276e-05,1.1719354140645928
the property,85,74,8.715776478272595e-05,2.6308351657337276e-05,1.1719354140645928
wait until,66,57,6.767544089011662e-05,2.0264541141462496e-05,1.1723507015500103
you signed,66,57,6.767544089011662e-05,2.0264541141462496e-05,1.1723507015500103
of free,177,156,0.000181493,5.546084943979209e-05,1.173165596921108
and personal,65,56,6.665005542208455e-05,1.9909022875822803e-05,1.1741673915092958
of money,248,219,0.000254296,7.785850017509275e-05,1.1747669646477639
account or,165,145,0.000169189,5.155014851775547e-05,1.175139323410996
please enter,165,145,0.000169189,5.155014851775547e-05,1.175139323410996
5 cash,64,55,6.562466995405247e-05,1.955350461018311e-05,1.1760434616450544
hundreds of,363,321,0.000372215,0.000114121,1.176167555178668
copy and,369,326,0.000378367,0.000115899,1.1771947751172294
acceptance of,126,110,0.000129199,3.910700922036622e-05,1.1775096261526596
your customers,63,54,6.45992844860204e-05,1.9197986344543418e-05,1.1779818751407645
companies that,97,84,9.946239039911079e-05,2.9863534313734203e-05,1.1802080648570883
none color,70,60,7.17769827622449e-05,2.1331095938381574e-05,1.1814195905210088
services for,61,52,6.254851354995626e-05,1.8486949813264032e-05,1.1820586059343332
get it,216,189,0.000221483,6.719295220590195e-05,1.182510648322216
l i,146,127,0.000149706,4.5150819736241e-05,1.183418042674043
software is,86,74,8.818315025075802e-05,2.6308351657337276e-05,1.1834995462876305
offer the,60,51,6.15231280819242e-05,1.813143154762434e-05,1.1842039243501552
email package,60,51,6.15231280819242e-05,1.813143154762434e-05,1.1842039243501552
message id,76,65,7.792929557043731e-05,2.3108687266580038e-05,1.1859802159058235
are advised,59,50,6.0497742613892126e-05,1.7775913281984647e-05,1.1864256286920054
many others,67,57,6.870082635814869e-05,2.0264541141462496e-05,1.1871712232622722
receiving this,366,320,0.000375291,0.000113766,1.1874690740436704
make money,183,159,0.000187646,5.652740423671117e-05,1.1876083782224698
t want,107,92,0.000109716,3.2707680438851745e-05,1.189244860044049
and much,156,135,0.00015996,4.799496586135854e-05,1.1894391579745922
your current,287,250,0.000294286,8.887956640992322e-05,1.1894724996975108
you wish,508,444,0.000520896,0.00015785,1.1895069322885634
is your,380,331,0.000389646,0.000117677,1.1914013113704727
like you,178,154,0.000182519,5.474981290851271e-05,1.1914420428472619
your own,594,518,0.000609079,0.000184158,1.1923763968985532
5 days,64,54,6.562466995405247e-05,1.9197986344543418e-05,1.193492015163914
have tried,70,59,7.17769827622449e-05,2.097557767274188e-05,1.1974680034117733
any inconvenience,100,85,0.000102539,3.0219052579373896e-05,1.1989154082166857
to advertise,84,71,8.613237931469388e-05,2.5241796860418197e-05,1.200075123866924
as little,114,97,0.000116894,3.448527176705021e-05,1.2006677046010457
internet marketing,91,77,9.331007759091836e-05,2.7374906454256354e-05,1.2010828722476878
selected to,98,83,0.000100488,2.950801604809451e-05,1.2019488860916019
allow you,113,96,0.000115869,3.4129753501410516e-05,1.2020014169131146
offer you,134,114,0.000137402,4.052908228292499e-05,1.2037660249957325
money and,134,114,0.000137402,4.052908228292499e-05,1.2037660249957325
is absolutely,67,56,6.870082635814869e-05,1.9909022875822803e-05,1.204031391
has come,104,88,0.00010664,3.1285607376292974e-05,1.204171610814599
place your,155,132,0.000158935,4.692841106443946e-05,1.205057442753108
everything you,103,87,0.000105615,3.093008911065328e-05,1.2056726334587822
out your,73,61,7.485313916634111e-05,2.1686614204021267e-05,1.2070240235283778
click below,240,205,0.000246093,7.288124445613705e-05,1.2073038108617073
brand new,159,135,0.000163036,4.799496586135854e-05,1.2083701249701293
are just,121,102,0.000124072,3.626286309524868e-05,1.2108895029690374
your prompt,64,53,6.562466995405247e-05,1.8842468078903725e-05,1.2112504354303215
bring you,99,83,0.000101513,2.950801604809451e-05,1.212001723274556
in less,112,94,0.000114843,3.341871697013113e-05,1.2136368001006117
for you,1416,1210,0.001451946,0.000430177,1.2148294625069487
and start,145,122,0.000148681,4.3373228408042534e-05,1.215869323305125
in china,76,63,7.792929557043731e-05,2.2397650735300652e-05,1.2159168375462575
guide to,200,169,0.000205077,6.00825868931081e-05,1.216023507593778
and business,117,98,0.00011997,3.48407900326899e-05,1.216456774450041
my life,96,80,9.843700493107872e-05,2.8441461251175432e-05,1.2171203998718683
show you,238,201,0.000244042,7.145917139357828e-05,1.2184053190216748
account and,88,73,9.023392118682215e-05,2.5952833391697583e-05,1.2193383438080363
get your,336,284,0.00034453,0.000100967,1.2204270032316311
o d,67,55,6.870082635814869e-05,1.955350461018311e-05,1.2211807065803695
49 95,80,66,8.20308374425656e-05,2.346420553221973e-05,1.2220010236804455
risk and,73,60,7.485313916634111e-05,2.1331095938381574e-05,1.2228189476015043
you like,278,234,0.000285057,8.319127415968814e-05,1.2231003678147256
you find,119,99,0.000122021,3.51963082983296e-05,1.2233968885098967
from home,458,385,0.000469627,0.000136875,1.2277207948980804
for sale,71,58,7.280236823027697e-05,2.062005940710219e-05,1.227769260940863
you with,367,308,0.000376316,0.0001095,1.2280721350364585
your full,90,74,9.228469212288629e-05,2.6308351657337276e-05,1.228463445905368
00 per,89,73,9.125930665485422e-05,2.5952833391697583e-05,1.2305147360229223
prices are,69,56,7.075159729421283e-05,1.9909022875822803e-05,1.2330293339776506
requesting to,200,166,0.000205077,5.901603209618902e-05,1.2336386114535312
for only,289,240,0.000296336,8.53243837535263e-05,1.236752054067282
your phone,79,64,8.100545197453353e-05,2.2753169000940345e-05,1.2390697793503844
have ever,79,64,8.100545197453353e-05,2.2753169000940345e-05,1.2390697793503844
easy and,91,74,9.331007759091836e-05,2.6308351657337276e-05,1.2393954743568696
a home,139,114,0.000142529,4.052908228292499e-05,1.2401402198173477
the transfer,90,73,9.228469212288629e-05,2.5952833391697583e-05,1.241567595869402
i a,132,108,0.000135351,3.8395972689086835e-05,1.2415679812393159
this offer,131,107,0.000134325,3.804045442344714e-05,1.2430845588116834
service at,166,136,0.000170214,4.835048412699823e-05,1.2439665882839512
are considered,76,61,7.792929557043731e-05,2.1686614204021267e-05,1.2467773910286488
report you,128,104,0.000131249,3.6973899626528064e-05,1.247790007680832
or call,92,74,9.433546305895043e-05,2.6308351657337276e-05,1.250209284760759
0 2,155,126,0.000158935,4.4795301470601304e-05,1.250584406326007
over 100,63,50,6.45992844860204e-05,1.7775913281984647e-05,1.250989948683624
success in,63,50,6.45992844860204e-05,1.7775913281984647e-05,1.250989948683624
software will,63,50,6.45992844860204e-05,1.7775913281984647e-05,1.250989948683624
other options,171,139,0.000175341,4.941703892391732e-05,1.2520899468445712
performance of,90,72,9.228469212288629e-05,2.559731512605789e-05,1.2548457472432661
here to,2013,1653,0.002064101,0.000587672,1.2550657578796014
need your,73,58,7.485313916634111e-05,2.062005940710219e-05,1.2551775314504638
reports you,84,67,8.613237931469388e-05,2.3819723797859423e-05,1.2557899120047695
states of,78,62,7.998006650650145e-05,2.204213246966096e-05,1.2568786452228364
email software,116,93,0.000118945,3.306319870449144e-05,1.258813337746446
cents per,66,52,6.767544089011662e-05,1.8486949813264032e-05,1.259646651
each for,110,88,0.000112792,3.1285607376292974e-05,1.259754209810218
signed up,110,88,0.000112792,3.1285607376292974e-05,1.259754209810218
now you,235,190,0.000240966,6.754847047154165e-05,1.2612544120851121
your browser,273,221,0.00027993,7.856953670637213e-05,1.2614750416528004
this service,76,60,7.792929557043731e-05,2.1331095938381574e-05,1.2625723151017756
a business,239,193,0.000245067,6.861502526846072e-05,1.2626239477869035
any time,320,259,0.000328123,9.207923080068046e-05,1.2629815292648465
want a,135,108,0.000138427,3.8395972689086835e-05,1.263877846
here for,334,270,0.000342479,9.598993172271708e-05,1.2645180594264518
intended for,145,116,0.000148681,4.124011881420438e-05,1.2651351948743834
web sites,171,137,0.000175341,4.8706002392637924e-05,1.2662934403771846
only 10,85,67,8.715776478272595e-05,2.3819723797859423e-05,1.2674893394794313
teach you,85,67,8.715776478272595e-05,2.3819723797859423e-05,1.2674893394794313
phone and,69,54,7.075159729421283e-05,1.9197986344543418e-05,1.2676272028076896
2 c,74,58,7.587852463437317e-05,2.062005940710219e-05,1.268605013986221
a third,174,139,0.000178417,4.941703892391732e-05,1.269383912
a security,89,70,9.125930665485422e-05,2.4886278594778505e-05,1.2708901186445576
00 you,68,53,6.972621182618076e-05,1.8842468078903725e-05,1.270991758122529
below and,225,180,0.000230712,6.399328781514472e-05,1.2712100571108622
25 00,94,74,9.638623399501458e-05,2.6308351657337276e-05,1.2714922889856932
limited time,276,221,0.000283006,7.856953670637213e-05,1.27236542
reply to,505,406,0.00051782,0.00014434,1.2724776630765242
the link,560,448,0.000574216,0.000159272,1.2778718689732929
life forever,71,55,7.280236823027697e-05,1.955350461018311e-05,1.2783593538893547
use our,65,50,6.665005542208455e-05,1.7775913281984647e-05,1.2817733338821946
to act,115,90,0.000117919,3.199664390757236e-05,1.2820394976584817
and services,190,150,0.000194823,5.332773984595394e-05,1.2821774508936545
service is,109,85,0.000111767,3.0219052579373896e-05,1.284295317059265
the simple,113,88,0.000115869,3.1285607376292974e-05,1.286428327553889
at our,172,135,0.000176366,4.799496586135854e-05,1.2864995331695925
this letter,313,247,0.000320946,8.781301161300415e-05,1.2878495806812125
through its,68,52,6.972621182618076e-05,1.8486949813264032e-05,1.289071250197634
little as,111,86,0.000113818,3.057457084501359e-05,1.2909943339488235
per week,91,70,9.331007759091836e-05,2.4886278594778505e-05,1.2928750069425385
c i,110,85,0.000112792,3.0219052579373896e-05,1.2933471806338959
protect your,177,138,0.000181493,4.9061520658277624e-05,1.2934604023614347
site for,86,66,8.818315025075802e-05,2.346420553221973e-05,1.2934810726417412
home and,95,73,9.741161946304665e-05,2.5952833391697583e-05,1.2950704541042741
and paste,394,309,0.000404002,0.000109855,1.2956673544722082
to choose,118,91,0.000120995,3.235216217321205e-05,1.2968614346788179
free and,122,94,0.000125097,3.341871697013113e-05,1.2984511525780722
using your,89,68,9.125930665485422e-05,2.4175242063499116e-05,1.2987421091878122
sheets of,74,56,7.587852463437317e-05,1.9909022875822803e-05,1.3020457916235333
to save,227,176,0.000232763,6.257121475258595e-05,1.3021448783305962
within 48,78,59,7.998006650650145e-05,2.097557767274188e-05,1.3042713009243376
40 00,87,66,8.920853571879009e-05,2.346420553221973e-05,1.3049130030535152
send this,91,69,9.331007759091836e-05,2.4530760329138812e-05,1.3067040386760294
offer is,109,83,0.000111767,2.950801604809451e-05,1.3073344147624073
you you,94,71,9.638623399501458e-05,2.5241796860418197e-05,1.3113314262626863
here or,367,283,0.000376316,0.000100612,1.3119258870733006
not want,143,109,0.00014663,3.875149095472653e-05,1.312062621
are subject,106,80,0.000108691,2.8441461251175432e-05,1.315262114607589
business for,75,56,7.690391010240524e-05,1.9909022875822803e-05,1.3152953631316275
step by,114,86,0.000116894,3.057457084501359e-05,1.317433358657243
your family,184,140,0.000188671,4.977255718955701e-05,1.3179346069567468
000 in,187,142,0.000191747,5.0483593720836395e-05,1.3201156878677303
f i,95,71,9.741161946304665e-05,2.5241796860418197e-05,1.3218054414172333
6 0,73,54,7.485313916634111e-05,1.9197986344543418e-05,1.323216177917815
39 95,73,54,7.485313916634111e-05,1.9197986344543418e-05,1.323216177917815
provide you,180,136,0.000184569,4.835048412699823e-05,1.3244812752708293
is sent,94,70,9.638623399501458e-05,2.4886278594778505e-05,1.3249718215713622
my husband,278,211,0.000285057,7.501435404997521e-05,1.325269459853633
be sold,81,60,8.305622291059767e-05,2.1331095938381574e-05,1.3255057514717892
time this,93,69,9.53608485269825e-05,2.4530760329138812e-05,1.3282159709073855
per year,97,72,9.946239039911079e-05,2.559731512605789e-05,1.3289731569922976
through our,101,75,0.000103564,2.666386992297697e-05,1.3296714495081385
million people,84,62,8.613237931469388e-05,2.204213246966096e-05,1.3301041768590427
products and,231,174,0.000236864,6.186017822130656e-05,1.330786396457758
you we,134,100,0.000137402,3.5551826563969293e-05,1.331428825366499
product or,113,84,0.000115869,2.9863534313734203e-05,1.3314744986936555
credit cards,154,115,0.000157909,4.0884600548564684e-05,1.3334157591504772
now for,124,92,0.000127148,3.2707680438851745e-05,1.3354585523654843
visit http,116,85,0.000118945,3.0219052579373896e-05,1.3460023543509143
not work,127,93,0.000130224,3.306319870449144e-05,1.3486878547795704
product for,102,74,0.000104589,2.6308351657337276e-05,1.352364631
with many,90,65,9.228469212288629e-05,2.3108687266580038e-05,1.3530837797892643
through my,70,50,7.17769827622449e-05,1.7775913281984647e-05,1.3548248943801793
5 million,162,118,0.000166112,4.195115534548376e-05,1.358603366256704
after you,154,112,0.000157909,3.9818045751645606e-05,1.3592097083897672
form below,119,86,0.000122021,3.057457084501359e-05,1.3600019448947747
sum of,191,139,0.000195849,4.941703892391732e-05,1.362105837443039
details please,76,54,7.792929557043731e-05,1.9197986344543418e-05,1.3629695454180861
your computer,409,299,0.000419383,0.0001063,1.3655370930739403
safe and,113,81,0.000115869,2.8796979516815125e-05,1.366642836533519
this link,620,451,0.000635739,0.000160339,1.3728537067925928
message is,380,274,0.000389646,9.741200478527585e-05,1.3786402058135419
00 in,87,61,8.920853571879009e-05,2.1686614204021267e-05,1.3803489857061264
cd rom,108,76,0.000110742,2.701938818861666e-05,1.3832926303988706
by step,115,81,0.000117919,2.8796979516815125e-05,1.3840383243045524
site and,169,120,0.00017329,4.266219187676315e-05,1.3842388521240463
financial freedom,104,73,0.00010664,2.5952833391697583e-05,1.3847047227157103
be for,89,62,9.125930665485422e-05,2.204213246966096e-05,1.3872787763280001
many more,96,67,9.843700493107872e-05,2.3819723797859423e-05,1.387885675885427
our mailing,195,138,0.00019995,4.9061520658277624e-05,1.3898042860402193
our products,99,69,0.000101513,2.4530760329138812e-05,1.390107181003973
the lucky,99,69,0.000101513,2.4530760329138812e-05,1.390107181003973
call us,155,109,0.000158935,3.875149095472653e-05,1.3921185555135727
high quality,139,97,0.000142529,3.448527176705021e-05,1.3974164489320964
2 weeks,111,77,0.000113818,2.7374906454256354e-05,1.3978412314563209
enable us,79,54,8.100545197453353e-05,1.9197986344543418e-05,1.401202819023873
people you,106,73,0.000108691,2.5952833391697583e-05,1.4035776151703425
none of,184,128,0.000188671,4.550633800188069e-05,1.4057019983488077
of only,105,72,0.000107665,2.559731512605789e-05,1.4074638429148336
at no,122,84,0.000125097,2.9863534313734203e-05,1.4074762992407575
domain name,91,62,9.331007759091836e-05,2.204213246966096e-05,1.409263664625981
million email,97,66,9.946239039911079e-05,2.346420553221973e-05,1.4125723820085099
as with,130,89,0.0001333,3.164112564193267e-05,1.4145039127962729
over 1,83,56,8.510699384666181e-05,1.9909022875822803e-05,1.4154098551258911
your success,123,84,0.000126122,2.9863534313734203e-05,1.4155751329957935
into your,831,578,0.000852095,0.00020549,1.4186214503291268
account with,89,60,9.125930665485422e-05,2.1331095938381574e-05,1.4186230191387368
from us,208,143,0.00021328,5.083911198647609e-05,1.4191394766641572
small business,85,57,8.715776478272595e-05,2.0264541141462496e-05,1.4220870406237949
owner of,78,52,7.998006650650145e-05,1.8486949813264032e-05,1.4244580306913968
transfer of,81,54,8.305622291059767e-05,1.9197986344543418e-05,1.425902982
south africa,162,110,0.000166112,3.910700922036622e-05,1.427115801540353
3:00 AM,110,74,0.000112792,2.6308351657337276e-05,1.4271831717472954
the sum,132,89,0.000135351,3.164112564193267e-05,1.4296585602256895
can save,106,71,0.000108691,2.5241796860418197e-05,1.430312602483302
your life,279,190,0.000286083,6.754847047154165e-05,1.432228696507549
fastest growing,99,66,0.000101513,2.346420553221973e-05,1.4327801430389233
in just,102,68,0.000104589,2.4175242063499116e-05,1.4336961545915836
business is,89,59,9.125930665485422e-05,2.097557767274188e-05,1.4346714320295013
for commercial,79,52,8.100545197453353e-05,1.8486949813264032e-05,1.4370407313653857
br br,812,553,0.000832613,0.000196602,1.439516378942259
company in,167,112,0.000171239,3.9818045751645606e-05,1.4397609322571887
your credit,164,109,0.000168163,3.875149095472653e-05,1.448216679794806
or service,105,69,0.000107665,2.4530760329138812e-05,1.4483901058960955
link below,418,281,0.000428611,9.990063264475371e-05,1.448744243168242
the secrets,77,50,7.895468103846938e-05,1.7775913281984647e-05,1.4488851471587187
act now,89,58,9.125930665485422e-05,2.062005940710219e-05,1.4509816029876963
are ready,89,58,9.125930665485422e-05,2.062005940710219e-05,1.4509816029876963
or that,143,94,0.00014663,3.341871697013113e-05,1.456109455071568
guaranteed to,94,61,9.638623399501458e-05,2.1686614204021267e-05,1.4569097979924148
your home,211,139,0.000216356,4.941703892391732e-05,1.4612089059884252
bank account,186,122,0.000190722,4.3373228408042534e-05,1.4634085021841774
address in,194,127,0.000198925,4.5150819736241e-05,1.4660264765741011
click here,3444,2281,0.003531428,0.000810937,1.4703176524953068
help you,434,284,0.000445017,0.000100967,1.4757066553112328
the news,199,129,0.000204052,4.586185626752038e-05,1.4760581368089116
remember to,93,59,9.53608485269825e-05,2.097557767274188e-05,1.4781682525588382
in error,420,273,0.000430662,9.705648651963616e-05,1.4820989293181117
want you,240,155,0.000246093,5.51053311741524e-05,1.4825319724848827
your needs,92,58,9.433546305895043e-05,2.062005940710219e-05,1.483780301689567
order today,103,65,0.000105615,2.3108687266580038e-05,1.486649187957638
not receive,97,61,9.946239039911079e-05,2.1686614204021267e-05,1.488008364661121
learn how,160,102,0.000164062,3.626286309524868e-05,1.4883219880318825
real estate,139,88,0.000142529,3.1285607376292974e-05,1.4919126406678953
please click,796,514,0.000816207,0.000182736,1.492390164470512
an advertisement,90,56,9.228469212288629e-05,1.9909022875822803e-05,1.495475240471488
you now,95,59,9.741161946304665e-05,2.097557767274188e-05,1.4992271501108532
are receiving,238,150,0.000244042,5.332773984595394e-05,1.5063936098412603
email with,135,84,0.000138427,2.9863534313734203e-05,1.507966072950565
please reply,204,128,0.000209179,4.550633800188069e-05,1.5083692098389834
money in,208,130,0.00021328,4.6217374533160075e-05,1.5125224692971835
yourself and,95,58,9.741161946304665e-05,2.062005940710219e-05,1.5155373210690481
your financial,107,65,0.000109716,2.3108687266580038e-05,1.5243983345963155
than you,120,73,0.000123046,2.5952833391697583e-05,1.526566102668111
and money,149,91,0.000152782,3.235216217321205e-05,1.5284162390357265
your company,294,181,0.000301463,6.434880608078441e-05,1.5322208687619114
more info,161,98,0.000165087,3.48407900326899e-05,1.5334254796477005
are based,426,262,0.000436814,9.314578559759954e-05,1.5369501494300164
subject line,310,190,0.000317869,6.754847047154165e-05,1.5372408196135512
company name,86,51,8.818315025075802e-05,1.813143154762434e-05,1.5393595099566573
r c,86,51,8.818315025075802e-05,1.813143154762434e-05,1.5393595099566573
money to,211,128,0.000216356,4.550633800188069e-05,1.5419494933980253
the money,534,324,0.000547556,0.000115188,1.5520802156396079
a free,553,335,0.000567038,0.000119099,1.5538753761113453
dear friend,94,55,9.638623399501458e-05,1.955350461018311e-05,1.5556533988629928
7 days,117,69,0.00011997,2.4530760329138812e-05,1.5556593930351463
meaning of,300,180,0.000307616,6.399328781514472e-05,1.5578126202835652
feel you,221,132,0.00022661,4.692841106443946e-05,1.5579260044511587
000 000,536,321,0.000549607,0.000114121,1.565033694616489
the security,170,100,0.000174316,3.5551826563969293e-05,1.5678562171739419
rates are,106,61,0.000108691,2.1686614204021267e-05,1.5758909742130305
a review,128,74,0.000131249,2.6308351657337276e-05,1.5774965025622347
to transfer,108,62,0.000110742,2.204213246966096e-05,1.5788649496075506
order now,166,96,0.000170214,3.4129753501410516e-05,1.5838657146877024
to lose,207,120,0.000212255,4.266219187676315e-05,1.586005103669475
placed in,109,62,0.000111767,2.204213246966096e-05,1.587999498441776
money with,96,54,9.843700493107872e-05,1.9197986344543418e-05,1.5939414138667471
your product,137,78,0.000140478,2.7730424719896047e-05,1.5941862227487147
the meaning,256,147,0.000262499,5.226118504903486e-05,1.598840527381936
company has,227,130,0.000232763,4.6217374533160075e-05,1.5995437186196313
from those,305,175,0.000312743,6.221569648694626e-05,1.6020201692672382
your pc,137,77,0.000140478,2.7374906454256354e-05,1.6066376997506866
search engines,264,150,0.000270702,5.332773984595394e-05,1.609670048029731
resulting from,96,53,9.843700493107872e-05,1.8842468078903725e-05,1.6116998341331552
td width,91,50,9.331007759091836e-05,1.7775913281984647e-05,1.6140132112958883
your marketing,96,52,9.843700493107872e-05,1.8486949813264032e-05,1.6297793262082603
contact you,166,91,0.000170214,3.235216217321205e-05,1.635791561146159
out our,154,83,0.000157909,2.950801604809451e-05,1.6503445195185673
my family,119,63,0.000122021,2.2397650735300652e-05,1.659718400035784
special offer,152,81,0.000155859,2.8796979516815125e-05,1.6609376762319799
mailings please,114,60,0.000116894,2.1331095938381574e-05,1.6638052913537706
reply with,143,75,0.00014663,2.666386992297697e-05,1.6745827425546929
any kind,182,96,0.00018662,3.4129753501410516e-05,1.675371018
contained in,186,98,0.000190722,3.48407900326899e-05,1.6769581947971637
follow this,109,56,0.000111767,1.9909022875822803e-05,1.6851431027387846
make you,184,96,0.000188671,3.4129753501410516e-05,1.6862421532711718
of 1995,102,52,0.000104589,1.8486949813264032e-05,1.6898122072003319
your free,257,134,0.000263524,4.7639447595718846e-05,1.6934973506234534
dollars in,159,82,0.000163036,2.9152497782454817e-05,1.693819915348664
fast and,101,51,0.000103564,1.813143154762434e-05,1.698466063154037
windows xp,236,122,0.000241991,4.3373228408042534e-05,1.700387960231504
discussions with,153,78,0.000156884,2.7730424719896047e-05,1.7039037819862168
here you,125,63,0.000128173,2.2397650735300652e-05,1.708518390390522
you don,185,93,0.000189696,3.306319870449144e-05,1.7224645863331516
and save,186,91,0.000190722,3.235216217321205e-05,1.7489222229437134
your site,198,97,0.000203026,3.448527176705021e-05,1.7491312876244758
this mail,163,79,0.000167138,2.808594298553574e-05,1.7545290688292066
remove your,143,69,0.00014663,2.4530760329138812e-05,1.7548259568507243
the lowest,144,69,0.000147656,2.4530760329138812e-05,1.761747585578553
u a,114,54,0.000116894,1.9197986344543418e-05,1.7642025216700812
same day,147,70,0.000150732,2.4886278594778505e-05,1.7684005466776278
this mailing,145,69,0.000148681,2.4530760329138812e-05,1.7686216345032164
the material,172,82,0.000176366,2.9152497782454817e-05,1.7719493235481272
content type,107,50,0.000109716,1.7775913281984647e-05,1.7743957376514379
quick and,134,62,0.000137402,2.204213246966096e-05,1.7928355980524697
no cost,122,56,0.000125097,1.9909022875822803e-05,1.7968708846041883
you feel,178,81,0.000182519,2.8796979516815125e-05,1.817909067402639
your e,170,77,0.000174316,2.7374906454256354e-05,1.8210821974816194
to trade,173,78,0.000177392,2.7730424719896047e-05,1.8260249597184248
our list,158,71,0.000162011,2.5241796860418197e-05,1.8264636543187527
000 00,465,213,0.000476804,7.572539058125459e-05,1.8289684232152095
500 000,342,156,0.000350682,5.546084943979209e-05,1.8291794072902285
be aware,165,74,0.000169189,2.6308351657337276e-05,1.8297146700272993
money is,116,51,0.000118945,1.813143154762434e-05,1.8356983091333408
companies are,205,91,0.000210204,3.235216217321205e-05,1.8457019871836198
our company,118,51,0.000120995,1.813143154762434e-05,1.852651424
oil and,174,76,0.000178417,2.701938818861666e-05,1.856816397752128
yahoo com,252,111,0.000258397,3.9462527486005913e-05,1.8579839399045541
not reply,175,76,0.000179442,2.701938818861666e-05,1.862515222778872
money back,261,113,0.000267626,4.01735640172853e-05,1.8755222148538027
receive further,139,59,0.000142529,2.097557767274188e-05,1.8766024485755857
million dollars,165,70,0.000169189,2.4886278594778505e-05,1.8831942026129682
removed from,578,251,0.000592673,8.923508467556292e-05,1.883910009920755
with remove,172,73,0.000176366,2.5952833391697583e-05,1.884128661522442
the funds,224,95,0.000229686,3.377423523577082e-05,1.8921822275219375
the fund,169,71,0.00017329,2.5241796860418197e-05,1.8933679656577305
your business,524,225,0.000537302,7.99916097689309e-05,1.894074147349427
future mailings,249,105,0.000255321,3.732941789216776e-05,1.9002128006916912
information contained,136,56,0.000139452,1.9909022875822803e-05,1.9046880273826174
to invest,148,61,0.000151757,2.1686614204021267e-05,1.907073678131832
the private,130,53,0.0001333,1.8842468078903725e-05,1.912252435618262
the securities,455,187,0.00046655,6.648191567462257e-05,1.9356474785906794
your assistance,158,62,0.000162011,2.204213246966096e-05,1.9564927073108713
fill out,293,115,0.000300438,4.0884600548564684e-05,1.973645933878925
conflict of,156,60,0.00015996,2.1331095938381574e-05,1.9751765694432561
as information,139,52,0.000142529,1.8486949813264032e-05,1.996789178342645
prices and,155,58,0.000158935,2.062005940710219e-05,2.001144344213655
remove in,289,109,0.000296336,3.875149095472653e-05,2.0122168099468234
that by,142,51,0.000145605,1.813143154762434e-05,2.036407484414027
report is,142,50,0.000145605,1.7775913281984647e-05,2.055165257684019
this business,203,70,0.000208153,2.4886278594778505e-05,2.0893541925695223
per month,169,57,0.00017329,2.0264541141462496e-05,2.1036804549399397
third party,283,96,0.000290184,3.4129753501410516e-05,2.1149072205956294
your money,333,113,0.000341453,4.01735640172853e-05,2.118339075398785
and gas,250,84,0.000256346,2.9863534313734203e-05,2.120847541
increase your,220,71,0.000225585,2.5241796860418197e-05,2.1557658412425416
are made,204,64,0.000209179,2.2753169000940345e-05,2.1802418610618703
weight loss,169,51,0.00017329,1.813143154762434e-05,2.2093887920497646
your country,230,67,0.000235839,2.3819723797859423e-05,2.2557404883802383
from future,195,56,0.00019995,1.9909022875822803e-05,2.262876165941446
list please,285,82,0.000292235,2.9152497782454817e-05,2.2747060874729543
be removed,838,243,0.000859273,8.639093855044537e-05,2.2868582071783745
href http,194,50,0.000198925,1.7775913281984647e-05,2.3653663598156665
this newsletter,349,91,0.00035786,3.235216217321205e-05,2.3758084229237952
not interested,236,59,0.000241991,2.097557767274188e-05,2.403092553081048
the publisher,275,67,0.000281981,2.3819723797859423e-05,2.4337411191806386
our site,250,60,0.000256346,2.1331095938381574e-05,2.4444427652281293
we offer,279,66,0.000286083,2.346420553221973e-05,2.4625587391043613
a registered,344,81,0.000352733,2.8796979516815125e-05,2.474134233426025
this transaction,345,69,0.000353758,2.4530760329138812e-05,2.6315518161410276
here http,268,52,0.000274803,1.8486949813264032e-05,2.6499429489941564
not wish,289,55,0.000296336,1.955350461018311e-05,2.671832691595397
this report,835,141,0.000856197,5.01280754551967e-05,2.819333839121174
act of,580,89,0.000594724,3.164112564193267e-05,2.9042037371163563
,,,,,
,,,,,
,,,,,
,,,,,
,,,,,
,,,,,
,,,,,
,,,,,
,,,,,
,,,,,
,,,,,
,,,,,
,,,,,
,,,,,
,,,,,
,,,,,
,,,,,
,,,,,
,,,,,
,,,,,
,,,,,
,,,,,
,,,,,
,,,,,
,,,,,
,,,,,
,,,,,
,,,,,
,,,,,
,,,,,
,,,,,
,,,,,
,,,,,
,,,,,
,,,,,
,,,,,
,,,,,
,,,,,
,,,,,
,,,,,
,,,,,
,,,,,
,,,,,
,,,,,
,,,,,
,,,,,
,,,,,
,,,,,
,,,,,
,,,,,
,,,,,
,,,,,
,,,,,
,,,,,
,,,,,
,,,,,
,,,,,
,,,,,
,,,,,
,,,,,
,,,,,
,,,,,
,,,,,
,,,,,
,,,,,
,,,,,
,,,,,
,,,,,
,,,,,
,,,,,
,,,,,
,,,,,
,,,,,
,,,,,
,,,,,
,,,,,
,,,,,
,,,,,
,,,,,
,,,,,
,,,,,
,,,,,
,,,,,
,,,,,
,,,,,
,,,,,
,,,,,
,,,,,
,,,,,
,,,,,
,,,,,
,,,,,
,,,,,
,,,,,
,,,,,
,,,,,
,,,,,
,,,,,
,,,,,
,,,,,
,,,,,
,,,,,
,,,,,
,,,,,
,,,,,
,,,,,
,,,,,
,,,,,
,,,,,
,,,,,
,,,,,
,,,,,
,,,,,
,,,,,
,,,,,
,,,,,
,,,,,
,,,,,
,,,,,
,,,,,
,,,,,
,,,,,
,,,,,
,,,,,
,,,,,
,,,,,
,,,,,
,,,,,
,,,,,
,,,,,
,,,,,
,,,,,
,,,,,
,,,,,
,,,,,
,,,,,
,,,,,
,,,,,
,,,,,
,,,,,
,,,,,
,,,,,
,,,,,
,,,,,
,,,,,
,,,,,
,,,,,
,,,,,
,,,,,
,,,,,
,,,,,
,,,,,
,,,,,
,,,,,
,,,,,
,,,,,
,,,,,
,,,,,
,,,,,
,,,,,
,,,,,
,,,,,
,,,,,
,,,,,
,,,,,
,,,,,
,,,,,
,,,,,
,,,,,
,,,,,
,,,,,
,,,,,
,,,,,
,,,,,
,,,,,
,,,,,
,,,,,
,,,,,
,,,,,
,,,,,
,,,,,
,,,,,
,,,,,
,,,,,
,,,,,
,,,,,
,,,,,
,,,,,
,,,,,
,,,,,
,,,,,
,,,,,
,,,,,
,,,,,
,,,,,
,,,,,
,,,,,
,,,,,
,,,,,
,,,,,
,,,,,
,,,,,
,,,,,
,,,,,
,,,,,
,,,,,
,,,,,
,,,,,
,,,,,
,,,,,
,,,,,
,,,,,
,,,,,
,,,,,
,,,,,
,,,,,
,,,,,
,,,,,
,,,,,
,,,,,
,,,,,
,,,,,
,,,,,
,,,,,
,,,,,
,,,,,
,,,,,
,,,,,
,,,,,
,,,,,
,,,,,
,,,,,
,,,,,
,,,,,
,,,,,
,,,,,
,,,,,
,,,,,
,,,,,
,,,,,
,,,,,
,,,,,
,,,,,
,,,,,
,,,,,
,,,,,
,,,,,
,,,,,
,,,,,
,,,,,
,,,,,
,,,,,
,,,,,
,,,,,
,,,,,
,,,,,
,,,,,
,,,,,
,,,,,
,,,,,
,,,,,
,,,,,
,,,,,
,,,,,
,,,,,
,,,,,
,,,,,
,,,,,
,,,,,
,,,,,
,,,,,
,,,,,
,,,,,
,,,,,
,,,,,
,,,,,
,,,,,
,,,,,
,,,,,
,,,,,
,,,,,
,,,,,
,,,,,
,,,,,
,,,,,
,,,,,
,,,,,
,,,,,
,,,,,
,,,,,
,,,,,
,,,,,
,,,,,
,,,,,
,,,,,
,,,,,
,,,,,
,,,,,
,,,,,
,,,,,
,,,,,
,,,,,
,,,,,
,,,,,
,,,,,
,,,,,
,,,,,
,,,,,
,,,,,
,,,,,
,,,,,
,,,,,
,,,,,
,,,,,
,,,,,
,,,,,
,,,,,
,,,,,
,,,,,
,,,,,
,,,,,
,,,,,
,,,,,
,,,,,
,,,,,
,,,,,
,,,,,
,,,,,
,,,,,
,,,,,
,,,,,
,,,,,
,,,,,
,,,,,
,,,,,
,,,,,
,,,,,
,,,,,
,,,,,
,,,,,
,,,,,
,,,,,
,,,,,
,,,,,
,,,,,
,,,,,
,,,,,
,,,,,
,,,,,
,,,,,
,,,,,
,,,,,
,,,,,
,,,,,
,,,,,
,,,,,
,,,,,
,,,,,
,,,,,
,,,,,
,,,,,
,,,,,
,,,,,
,,,,,
,,,,,
,,,,,
,,,,,
,,,,,
,,,,,
,,,,,
,,,,,
,,,,,
,,,,,
,,,,,
,,,,,
,,,,,
,,,,,
,,,,,
,,,,,
,,,,,
,,,,,
,,,,,
,,,,,
,,,,,
,,,,,
,,,,,
,,,,,
,,,,,
,,,,,
,,,,,
,,,,,
,,,,,
,,,,,
,,,,,
,,,,,
,,,,,
,,,,,
,,,,,
,,,,,
,,,,,
,,,,,
,,,,,
,,,,,
,,,,,
,,,,,
,,,,,
,,,,,
,,,,,
,,,,,
,,,,,
,,,,,
,,,,,
,,,,,
,,,,,
,,,,,
,,,,,
,,,,,
,,,,,
,,,,,
,,,,,
,,,,,
,,,,,
,,,,,
,,,,,
,,,,,
,,,,,
,,,,,
,,,,,
,,,,,
,,,,,
,,,,,
,,,,,
,,,,,
,,,,,
,,,,,
,,,,,
,,,,,
,,,,,
,,,,,
,,,,,
,,,,,
,,,,,
,,,,,
,,,,,
,,,,,
,,,,,
,,,,,
,,,,,
,,,,,
,,,,,
,,,,,
,,,,,
,,,,,
,,,,,
,,,,,
,,,,,
,,,,,
,,,,,
,,,,,
,,,,,
,,,,,
,,,,,
,,,,,
,,,,,
,,,,,
,,,,,
,,,,,
,,,,,
,,,,,
,,,,,
,,,,,
,,,,,
,,,,,
,,,,,
,,,,,
,,,,,
,,,,,
,,,,,
,,,,,
,,,,,
,,,,,
,,,,,
,,,,,
,,,,,
,,,,,
,,,,,
,,,,,
,,,,,
,,,,,
,,,,,
,,,,,
,,,,,
,,,,,
,,,,,
,,,,,
,,,,,
,,,,,
,,,,,
,,,,,
,,,,,
,,,,,
,,,,,
,,,,,
,,,,,
,,,,,
,,,,,
,,,,,
,,,,,
,,,,,
,,,,,
,,,,,
,,,,,
,,,,,
,,,,,
,,,,,
,,,,,
,,,,,
,,,,,
,,,,,
,,,,,
,,,,,
,,,,,
,,,,,
,,,,,
,,,,,
,,,,,
,,,,,
,,,,,
,,,,,
,,,,,
,,,,,
,,,,,
,,,,,
,,,,,
,,,,,
,,,,,
,,,,,
,,,,,
,,,,,
,,,,,
,,,,,
,,,,,
,,,,,
,,,,,
,,,,,
,,,,,
,,,,,
,,,,,
,,,,,
,,,,,
,,,,,
,,,,,
,,,,,
,,,,,
,,,,,
,,,,,
,,,,,
,,,,,
,,,,,
,,,,,
,,,,,
,,,,,
,,,,,
,,,,,
,,,,,
,,,,,
,,,,,
,,,,,
,,,,,
,,,,,
,,,,,
,,,,,
,,,,,
,,,,,
,,,,,
,,,,,
,,,,,
,,,,,
,,,,,
,,,,,
,,,,,
,,,,,
,,,,,
,,,,,
,,,,,
,,,,,
,,,,,
,,,,,
,,,,,
,,,,,
,,,,,
,,,,,
,,,,,
,,,,,
,,,,,
,,,,,
,,,,,
,,,,,
,,,,,
,,,,,
,,,,,
,,,,,
,,,,,
,,,,,
,,,,,
,,,,,
,,,,,
,,,,,
,,,,,
,,,,,
,,,,,
,,,,,
,,,,,
,,,,,
,,,,,
,,,,,
,,,,,
,,,,,
,,,,,
,,,,,
,,,,,
,,,,,
,,,,,
,,,,,
,,,,,
,,,,,
,,,,,
,,,,,
,,,,,
,,,,,
,,,,,
,,,,,
,,,,,
,,,,,
,,,,,
,,,,,
,,,,,
,,,,,
,,,,,
,,,,,
,,,,,
,,,,,
,,,,,
,,,,,
,,,,,
,,,,,
,,,,,
,,,,,
,,,,,
,,,,,
,,,,,
,,,,,
,,,,,
,,,,,
,,,,,
,,,,,
,,,,,
,,,,,
,,,,,
,,,,,
,,,,,
,,,,,
,,,,,
,,,,,
,,,,,
,,,,,
,,,,,
,,,,,
,,,,,
,,,,,
,,,,,
,,,,,
,,,,,
,,,,,
,,,,,
,,,,,
,,,,,
,,,,,
,,,,,
,,,,,
,,,,,
,,,,,
,,,,,
,,,,,
,,,,,
,,,,,
,,,,,
,,,,,
,,,,,
,,,,,
,,,,,
,,,,,
,,,,,
,,,,,
,,,,,
,,,,,
,,,,,
,,,,,
,,,,,
,,,,,
,,,,,
,,,,,
,,,,,
,,,,,
,,,,,
,,,,,
,,,,,
,,,,,
,,,,,
,,,,,
,,,,,
,,,,,
,,,,,
,,,,,
,,,,,
,,,,,
,,,,,
,,,,,
,,,,,
,,,,,
,,,,,
,,,,,
,,,,,
,,,,,
,,,,,
,,,,,
,,,,,
,,,,,
,,,,,
,,,,,
,,,,,
,,,,,
,,,,,
,,,,,
,,,,,
,,,,,
,,,,,
,,,,,
,,,,,
,,,,,
,,,,,
,,,,,
,,,,,
,,,,,
,,,,,
,,,,,
,,,,,
,,,,,
,,,,,
,,,,,
,,,,,
,,,,,
,,,,,
,,,,,
,,,,,
,,,,,
,,,,,
,,,,,
,,,,,
,,,,,
,,,,,
,,,,,
,,,,,
,,,,,
,,,,,
,,,,,
,,,,,
,,,,,
,,,,,
,,,,,
,,,,,
,,,,,
,,,,,
,,,,,
,,,,,
,,,,,
,,,,,
,,,,,
,,,,,
,,,,,
,,,,,
,,,,,
,,,,,
,,,,,
,,,,,
,,,,,
,,,,,
,,,,,
,,,,,
,,,,,
,,,,,
,,,,,
,,,,,
,,,,,
,,,,,
,,,,,
,,,,,
,,,,,
,,,,,
,,,,,
,,,,,
,,,,,
,,,,,
,,,,,
,,,,,
,,,,,
,,,,,
,,,,,
,,,,,
,,,,,
,,,,,
,,,,,
,,,,,
,,,,,
,,,,,
,,,,,
,,,,,
,,,,,
,,,,,
,,,,,
,,,,,
,,,,,
,,,,,
,,,,,
,,,,,
,,,,,
,,,,,
,,,,,
,,,,,
,,,,,
,,,,,
,,,,,
,,,,,
,,,,,
,,,,,
,,,,,
,,,,,
,,,,,
,,,,,
,,,,,
,,,,,
,,,,,
,,,,,
,,,,,
,,,,,
,,,,,
,,,,,
,,,,,
,,,,,
,,,,,
,,,,,
,,,,,
,,,,,
,,,,,
,,,,,
,,,,,
,,,,,
,,,,,
,,,,,
,,,,,
,,,,,
,,,,,
,,,,,
,,,,,
,,,,,
,,,,,
,,,,,
,,,,,
,,,,,
,,,,,
,,,,,
,,,,,
,,,,,
,,,,,
,,,,,
,,,,,
,,,,,
,,,,,
,,,,,
,,,,,
,,,,,
,,,,,
,,,,,
,,,,,
,,,,,
,,,,,
,,,,,
,,,,,
,,,,,
,,,,,
,,,,,
,,,,,
,,,,,
,,,,,
,,,,,
,,,,,
,,,,,
,,,,,
,,,,,
,,,,,
,,,,,
,,,,,
,,,,,
,,,,,
,,,,,
,,,,,
,,,,,
,,,,,
,,,,,
,,,,,
,,,,,
,,,,,
,,,,,
,,,,,
,,,,,
,,,,,
,,,,,
,,,,,
,,,,,
,,,,,
,,,,,
,,,,,
,,,,,
,,,,,
,,,,,
,,,,,
,,,,,
,,,,,
,,,,,
,,,,,
,,,,,
,,,,,
,,,,,
,,,,,
,,,,,
,,,,,
,,,,,
,,,,,
,,,,,
,,,,,
,,,,,
,,,,,
,,,,,
,,,,,
,,,,,
,,,,,
,,,,,
,,,,,
,,,,,
,,,,,
,,,,,
,,,,,
,,,,,
,,,,,
,,,,,
,,,,,
,,,,,
,,,,,
,,,,,
,,,,,
,,,,,
,,,,,
,,,,,
,,,,,
,,,,,
,,,,,
,,,,,
,,,,,
,,,,,
,,,,,
,,,,,
,,,,,
,,,,,
,,,,,
,,,,,
,,,,,
,,,,,
,,,,,
,,,,,
,,,,,
,,,,,
,,,,,
,,,,,
,,,,,
,,,,,
,,,,,
,,,,,
,,,,,
,,,,,
,,,,,
,,,,,
,,,,,
,,,,,
,,,,,
,,,,,
,,,,,
,,,,,
,,,,,
,,,,,
,,,,,
,,,,,
,,,,,
,,,,,
,,,,,
,,,,,
,,,,,
,,,,,
,,,,,
,,,,,
,,,,,
,,,,,
,,,,,
,,,,,
,,,,,
,,,,,
,,,,,
,,,,,
,,,,,
,,,,,
,,,,,
,,,,,
,,,,,
,,,,,
,,,,,
,,,,,
,,,,,
,,,,,
,,,,,
,,,,,
,,,,,
,,,,,
,,,,,
,,,,,
,,,,,
,,,,,
,,,,,
,,,,,
,,,,,
,,,,,
,,,,,
,,,,,
,,,,,
,,,,,
,,,,,
,,,,,
,,,,,
,,,,,
,,,,,
,,,,,
,,,,,
,,,,,
,,,,,
,,,,,
,,,,,
,,,,,
,,,,,
,,,,,
,,,,,
,,,,,
,,,,,
,,,,,
,,,,,
,,,,,
,,,,,
,,,,,
,,,,,
,,,,,
,,,,,
,,,,,
,,,,,
,,,,,
,,,,,
,,,,,
,,,,,
,,,,,
,,,,,
,,,,,
,,,,,
,,,,,
,,,,,
,,,,,
,,,,,
,,,,,
,,,,,
,,,,,
,,,,,
,,,,,
,,,,,
,,,,,
,,,,,
,,,,,
,,,,,
,,,,,
,,,,,
,,,,,
,,,,,
,,,,,
,,,,,
,,,,,
,,,,,
,,,,,
,,,,,
,,,,,
,,,,,
,,,,,
,,,,,
,,,,,
,,,,,
,,,,,
,,,,,
,,,,,
,,,,,
,,,,,
,,,,,
,,,,,
,,,,,
,,,,,
,,,,,
,,,,,
,,,,,
,,,,,
,,,,,
,,,,,
,,,,,
,,,,,
,,,,,
,,,,,
,,,,,
,,,,,
,,,,,
,,,,,
,,,,,
,,,,,
,,,,,
,,,,,
,,,,,
,,,,,
,,,,,
,,,,,
,,,,,
,,,,,
,,,,,
,,,,,
,,,,,
,,,,,
,,,,,
,,,,,
,,,,,
,,,,,
,,,,,
,,,,,
,,,,,
,,,,,
,,,,,
,,,,,
,,,,,
,,,,,
,,,,,
,,,,,
,,,,,
,,,,,
,,,,,
,,,,,
,,,,,
,,,,,
,,,,,
,,,,,
,,,,,
,,,,,
,,,,,
,,,,,
,,,,,
,,,,,
,,,,,
,,,,,
,,,,,
,,,,,
,,,,,
,,,,,
,,,,,
,,,,,
,,,,,
,,,,,
,,,,,
,,,,,
,,,,,
,,,,,
,,,,,
,,,,,
,,,,,
,,,,,
,,,,,
,,,,,
,,,,,
,,,,,
,,,,,
,,,,,
,,,,,
,,,,,
,,,,,
,,,,,
,,,,,
,,,,,
,,,,,
,,,,,
,,,,,
,,,,,
,,,,,
,,,,,
,,,,,
,,,,,
,,,,,
,,,,,
,,,,,
,,,,,
,,,,,
,,,,,
,,,,,
,,,,,
,,,,,
,,,,,
,,,,,
,,,,,
,,,,,
,,,,,
,,,,,
,,,,,
,,,,,
,,,,,
,,,,,
,,,,,
,,,,,
,,,,,
,,,,,
,,,,,
,,,,,
,,,,,
,,,,,
,,,,,
,,,,,
,,,,,
,,,,,
,,,,,
,,,,,
,,,,,
,,,,,
,,,,,
,,,,,
,,,,,
,,,,,
,,,,,
,,,,,
,,,,,
,,,,,
,,,,,
,,,,,
,,,,,
,,,,,
,,,,,
,,,,,
,,,,,
,,,,,
,,,,,
,,,,,
,,,,,
,,,,,
,,,,,
,,,,,
,,,,,
,,,,,
,,,,,
,,,,,
,,,,,
,,,,,
,,,,,
,,,,,
,,,,,
,,,,,
,,,,,
,,,,,
,,,,,
,,,,,
,,,,,
,,,,,
,,,,,
,,,,,
,,,,,
,,,,,
,,,,,
,,,,,
,,,,,
,,,,,
,,,,,
,,,,,
,,,,,
,,,,,
,,,,,
,,,,,
,,,,,
,,,,,
,,,,,
,,,,,
,,,,,
,,,,,
,,,,,
,,,,,
,,,,,
,,,,,
,,,,,
,,,,,
,,,,,
,,,,,
,,,,,
,,,,,
,,,,,
,,,,,
,,,,,
,,,,,
,,,,,
,,,,,
,,,,,
,,,,,
,,,,,
,,,,,
,,,,,
,,,,,
,,,,,
,,,,,
,,,,,
,,,,,
,,,,,
,,,,,
,,,,,
,,,,,
,,,,,
,,,,,
,,,,,
,,,,,
,,,,,
,,,,,
,,,,,
,,,,,
,,,,,
,,,,,
,,,,,
,,,,,
,,,,,
,,,,,
,,,,,
,,,,,
,,,,,
,,,,,
,,,,,
,,,,,
,,,,,
,,,,,
,,,,,
,,,,,
,,,,,
,,,,,
,,,,,
,,,,,
,,,,,
,,,,,
,,,,,
,,,,,
,,,,,
,,,,,
,,,,,
,,,,,
,,,,,
,,,,,
,,,,,
,,,,,
,,,,,
,,,,,
,,,,,
,,,,,
,,,,,
,,,,,
,,,,,
,,,,,
,,,,,
,,,,,
,,,,,
,,,,,
,,,,,
,,,,,
,,,,,
,,,,,
,,,,,
,,,,,
,,,,,
,,,,,
,,,,,
,,,,,
,,,,,
,,,,,
,,,,,
,,,,,
,,,,,
,,,,,
,,,,,
,,,,,
,,,,,
,,,,,
,,,,,
